system:index,B11_post,B11_pre,B12_post,B12_pre,B4_post,B4_pre,B8A_post,B8A_pre,NBR_post,NBR_pre,area,dNBR,label,.geo
1_1_1,0.1664000004529953,0.13920000195503235,0.17479999363422394,0.09494999796152115,0.06750000268220901,0.05959999933838844,0.09480000287294388,0.1509000062942505,-0.2967358746206553,0.2275778212902587,Semey,0.5243136882781982,1,"{""type"":""Point"",""coordinates"":[80.76530473663055,50.54564878655654]}"
1_1_6,0.2061000019311905,0.15780000388622284,0.2393999993801117,0.11330000311136246,0.07119999825954437,0.050999999046325684,0.10769999772310257,0.15700000524520874,-0.37942956714530474,0.16167221895235248,Semey,0.5411018133163452,1,"{""type"":""Point"",""coordinates"":[80.7898589365014,50.57406604789622]}"
1_1_9,0.23405000567436218,0.19599999487400055,0.24195000529289246,0.1446000039577484,0.1251000016927719,0.09539999812841415,0.16050000488758087,0.17409999668598175,-0.20238538537689793,0.09256351637479576,Semey,0.29494890570640564,1,"{""type"":""Point"",""coordinates"":[80.76785436884687,50.549553680219475]}"
1_1_25,0.14720000326633453,0.12514999508857727,0.16609999537467957,0.0832500010728836,0.04410000145435333,0.04129999876022339,0.0681999996304512,0.15119999647140503,-0.41784036633071425,0.28982723868736815,Semey,0.7076675891876221,1,"{""type"":""Point"",""coordinates"":[80.94853010997957,50.50948964829987]}"
1_1_26,0.14605000615119934,0.13124999403953552,0.16625000536441803,0.08760000020265579,0.052799999713897705,0.04924999922513962,0.0807500034570694,0.16419999301433563,-0.34615384151318573,0.3042096698774291,Semey,0.6503635048866272,1,"{""type"":""Point"",""coordinates"":[80.84820938321374,50.49494347745087]}"
1_1_31,0.16519999504089355,0.14865000545978546,0.1842000037431717,0.1010499969124794,0.06260000169277191,0.05824999883770943,0.08410000056028366,0.1632000058889389,-0.3730898307018733,0.2351939766039084,Semey,0.6082838177680969,1,"{""type"":""Point"",""coordinates"":[80.87075809355112,50.49363297759467]}"
1_1_37,0.15285000205039978,0.14710000157356262,0.13030000030994415,0.10339999943971634,0.0726500004529953,0.05139999836683273,0.1180500015616417,0.17180000245571136,-0.04932554320912209,0.24854652087533816,Semey,0.29787206649780273,1,"{""type"":""Point"",""coordinates"":[80.95356477771224,50.3964632047623]}"
1_1_40,0.13819999992847443,0.12309999763965607,0.13760000467300415,0.0771000012755394,0.06549999862909317,0.03869999945163727,0.09205000102519989,0.1768999993801117,-0.19834531904024455,0.3929133773502292,Semey,0.591258704662323,1,"{""type"":""Point"",""coordinates"":[80.90937652385803,50.58867073697963]}"
1_1_47,0.2062000036239624,0.196150004863739,0.2168000042438507,0.1468999981880188,0.10499999672174454,0.08169999718666077,0.13030000030994415,0.16529999673366547,-0.24920772918198122,0.058936575416224234,Semey,0.30814430117607117,1,"{""type"":""Point"",""coordinates"":[80.72404098287247,50.53146420261765]}"
1_1_52,0.17409999668598175,0.1319500058889389,0.19910000264644623,0.08340000361204147,0.04114999994635582,0.039799999445676804,0.08275000005960464,0.16965000331401825,-0.4128082365434149,0.3408417203765527,Semey,0.7536499500274658,1,"{""type"":""Point"",""coordinates"":[80.88267616022446,50.58034736817795]}"
1_1_58,0.14894999563694,0.11945000290870667,0.18164999783039093,0.08009999990463257,0.047600001096725464,0.04165000095963478,0.06544999778270721,0.16204999387264252,-0.4702549660487499,0.3384265788723744,Semey,0.8086815476417542,1,"{""type"":""Point"",""coordinates"":[80.84567633426688,50.59375543722759]}"
1_1_60,0.19339999556541443,0.14894999563694,0.2150000035762787,0.10249999910593033,0.05530000105500221,0.04769999906420708,0.09700000286102295,0.1611499935388565,-0.37820512269434386,0.22245399608997815,Semey,0.6006591320037842,1,"{""type"":""Point"",""coordinates"":[80.80777211393425,50.55179991960641]}"
1_1_62,0.12565000355243683,0.12594999372959137,0.11394999921321869,0.08354999870061874,0.061000000685453415,0.04280000180006027,0.09019999951124191,0.15234999358654022,-0.11633602669785922,0.29164899167174135,Semey,0.40798503160476685,1,"{""type"":""Point"",""coordinates"":[80.88004289137213,50.60310806315992]}"
1_1_63,0.2780500054359436,0.20069999992847443,0.30000001192092896,0.15440000593662262,0.13580000400543213,0.07895000278949738,0.17430000007152557,0.17344999313354492,-0.26502215616938063,0.05810580219902688,Semey,0.32312795519828796,1,"{""type"":""Point"",""coordinates"":[80.83949337145351,50.54911124125594]}"
1_1_68,0.18150000274181366,0.1594499945640564,0.20074999332427979,0.11659999936819077,0.08219999819993973,0.059050001204013824,0.09619999676942825,0.1623000055551529,-0.3520794748026725,0.16385803291585774,Semey,0.5159375071525574,1,"{""type"":""Point"",""coordinates"":[80.65103982205001,50.44782537452611]}"
1_1_76,0.16269999742507935,0.13249999284744263,0.1920499950647354,0.09274999797344208,0.04650000110268593,0.04439999908208847,0.07010000199079514,0.147599995136261,-0.46519166295511316,0.2282088568140033,Semey,0.693400502204895,1,"{""type"":""Point"",""coordinates"":[80.83597238260676,50.61600119731865]}"
1_1_83,0.18369999527931213,0.16404999792575836,0.18379999697208405,0.1193000003695488,0.06019999831914902,0.04625000059604645,0.11840000003576279,0.1729000061750412,-0.21641296354686299,0.18343601849753208,Semey,0.39984896779060364,1,"{""type"":""Point"",""coordinates"":[80.73136367022983,50.46518459647345]}"
1_1_91,0.24120000004768372,0.2037999927997589,0.2531000077724457,0.15404999256134033,0.10450000315904617,0.07485000044107437,0.14090000092983246,0.17384999990463257,-0.28477158468134944,0.06038428727730739,Semey,0.34515586495399475,1,"{""type"":""Point"",""coordinates"":[80.84590325691538,50.407063240003595]}"
1_1_97,0.20900000631809235,0.1780499964952469,0.21699999272823334,0.13650000095367432,0.08659999817609787,0.05874999985098839,0.12540000677108765,0.1770000010728836,-0.26752332386416183,0.1291866024159654,Semey,0.3967099189758301,1,"{""type"":""Point"",""coordinates"":[80.96725763908768,50.499136218194586]}"
1_1_100,0.19789999723434448,0.16179999709129333,0.2287999987602234,0.11760000139474869,0.06719999760389328,0.05939999967813492,0.10719999670982361,0.16169999539852142,-0.36190477288634343,0.15789471718617418,Semey,0.5197994709014893,1,"{""type"":""Point"",""coordinates"":[80.8711063522271,50.5206298424207]}"
1_1_101,0.1817999929189682,0.18250000476837158,0.19840000569820404,0.13259999454021454,0.0674000009894371,0.06520000100135803,0.11490000039339066,0.17045000195503235,-0.2665177264005599,0.12489690761442217,Semey,0.3914146423339844,1,"{""type"":""Point"",""coordinates"":[80.83308253901794,50.49696922814017]}"
1_1_113,0.1772499978542328,0.13860000669956207,0.19359999895095825,0.08914999663829803,0.08604999631643295,0.05180000141263008,0.0940999984741211,0.1724500060081482,-0.34584637249692085,0.31842510904875854,Semey,0.6642714738845825,1,"{""type"":""Point"",""coordinates"":[80.85132857794166,50.57113137827306]}"
1_1_114,0.13204999268054962,0.14524999260902405,0.1282999962568283,0.09754999727010727,0.04984999820590019,0.04650000110268593,0.08545000106096268,0.16744999587535858,-0.2004678162973671,0.2637735864652693,Semey,0.4642414152622223,1,"{""type"":""Point"",""coordinates"":[80.8511957476996,50.38959690568108]}"
1_1_123,0.2172500044107437,0.16290000081062317,0.2366500049829483,0.11479999870061874,0.09350000321865082,0.05689999833703041,0.12200000137090683,0.17470000684261322,-0.31967099283674416,0.20690848702954315,Semey,0.5265794992446899,1,"{""type"":""Point"",""coordinates"":[80.83250690946542,50.536771587004004]}"
1_1_126,0.15815000236034393,0.14970000088214874,0.1606999933719635,0.1080000028014183,0.07479999959468842,0.06260000169277191,0.10080000013113022,0.15334999561309814,-0.229063077357685,0.1735220703531518,Semey,0.40258514881134033,1,"{""type"":""Point"",""coordinates"":[80.71041137152226,50.52768567660034]}"
1_1_131,0.1762000024318695,0.15105000138282776,0.1818999946117401,0.10599999874830246,0.07460000365972519,0.058400001376867294,0.09920000284910202,0.1700499951839447,-0.2942013251855628,0.2320231763937748,Semey,0.5262244939804077,1,"{""type"":""Point"",""coordinates"":[80.95548184078565,50.50467672130968]}"
1_1_134,0.164900004863739,0.1396999955177307,0.1889999955892563,0.09549999982118607,0.05260000005364418,0.0458500012755394,0.0868000015616417,0.1676499992609024,-0.37055835780773444,0.27417822417399845,Semey,0.6447365880012512,1,"{""type"":""Point"",""coordinates"":[80.82283134395688,50.47262850508316]}"
1_1_135,0.17204999923706055,0.16519999504089355,0.17784999310970306,0.11860000342130661,0.07724999636411667,0.06679999828338623,0.10270000249147415,0.1724500060081482,-0.26786666118883223,0.18501975894934247,Semey,0.4528864324092865,1,"{""type"":""Point"",""coordinates"":[80.82315624897386,50.475852531891434]}"
1_1_136,0.14184999465942383,0.12399999797344208,0.14030000567436218,0.08344999700784683,0.05920000001788139,0.04170000180602074,0.0823500007390976,0.149399995803833,-0.26027398727153755,0.28322955049143594,Semey,0.5435035228729248,1,"{""type"":""Point"",""coordinates"":[80.74295892983675,50.42233472349294]}"
1_1_138,0.14339999854564667,0.1075500026345253,0.16459999978542328,0.07289999723434448,0.04259999841451645,0.030750000849366188,0.061000000685453415,0.14274999499320984,-0.4592198532080405,0.3239044761251811,Semey,0.7831243276596069,1,"{""type"":""Point"",""coordinates"":[80.7182821665471,50.595846162618194]}"
1_1_139,0.13760000467300415,0.10554999858140945,0.1623000055551529,0.06400000303983688,0.053199999034404755,0.03280000016093254,0.0731000006198883,0.16165000200271606,-0.37892949275853594,0.4327498195467108,Semey,0.8116793036460876,1,"{""type"":""Point"",""coordinates"":[80.90960357114801,50.57144021238689]}"
1_1_153,0.19509999454021454,0.18964999914169312,0.2289000004529953,0.14145000278949738,0.08139999955892563,0.06939999759197235,0.1111999973654747,0.15919999778270721,-0.346074695214622,0.05903873261076868,Semey,0.40511342883110046,1,"{""type"":""Point"",""coordinates"":[80.6892183198819,50.575636230787225]}"
1_1_154,0.24815000593662262,0.19155000150203705,0.2612999975681305,0.14925000071525574,0.11219999939203262,0.06755000352859497,0.15760000050067902,0.17810000479221344,-0.24755310944264428,0.08813197981235235,Semey,0.3356851041316986,1,"{""type"":""Point"",""coordinates"":[80.89875009272531,50.42397297238276]}"
1_1_158,0.21969999372959137,0.18074999749660492,0.24650000035762787,0.1363999992609024,0.10719999670982361,0.08649999648332596,0.12939999997615814,0.17614999413490295,-0.3115190217544268,0.127179637542536,Semey,0.4386986494064331,1,"{""type"":""Point"",""coordinates"":[80.78394143858917,50.60379574464461]}"
1_1_162,0.20669999718666077,0.17464999854564667,0.22779999673366547,0.13154999911785126,0.07880000025033951,0.05534999817609787,0.13050000369548798,0.16500000655651093,-0.2715601253743693,0.1127971903510624,Semey,0.3843573033809662,1,"{""type"":""Point"",""coordinates"":[80.90880609032897,50.5084786090629]}"
1_1_164,0.13099999725818634,0.14745000004768372,0.12330000102519989,0.10429999977350235,0.050599999725818634,0.046950001269578934,0.09740000218153,0.1488499939441681,-0.11735386709264947,0.175982600340693,Semey,0.2933364808559418,1,"{""type"":""Point"",""coordinates"":[80.9313670122947,50.522497336605376]}"
1_1_168,0.16775000095367432,0.17219999432563782,0.1615000069141388,0.1261499971151352,0.07289999723434448,0.06310000270605087,0.1181500032544136,0.1691499948501587,-0.15501520501857663,0.14561462548254053,Semey,0.3006298243999481,1,"{""type"":""Point"",""coordinates"":[80.90053976565777,50.48381530334]}"
1_1_174,0.15889999270439148,0.14605000615119934,0.1822499930858612,0.10000000149011612,0.061250001192092896,0.05469999834895134,0.0832500010728836,0.15645000338554382,-0.3728813340530042,0.22012088446946043,Semey,0.593002200126648,1,"{""type"":""Point"",""coordinates"":[80.83863626045606,50.49942304045631]}"
1_1_177,0.21610000729560852,0.16189999878406525,0.2535000145435333,0.10999999940395355,0.09290000051259995,0.05790000036358833,0.11749999970197678,0.16279999911785126,-0.3665768453355321,0.1935483870967742,Semey,0.5601252317428589,1,"{""type"":""Point"",""coordinates"":[80.8888702660933,50.56302425557156]}"
1_1_182,0.14429999887943268,0.15880000591278076,0.13384999334812164,0.11550000309944153,0.07180000096559525,0.061500001698732376,0.10809999704360962,0.1615999937057495,-0.1064269366691078,0.16636590089431705,Semey,0.27279284596443176,1,"{""type"":""Point"",""coordinates"":[80.72704660344831,50.44372185136623]}"
1_1_183,0.2020999938249588,0.18844999372959137,0.21940000355243683,0.14014999568462372,0.08820000290870667,0.07575000077486038,0.13120000064373016,0.17035000026226044,-0.25156874458951,0.09726249588358415,Semey,0.3488312363624573,1,"{""type"":""Point"",""coordinates"":[80.79750243552766,50.59337108738228]}"
1_1_185,0.15860000252723694,0.1749500036239624,0.15189999341964722,0.1274999976158142,0.06830000132322311,0.06735000014305115,0.10670000314712524,0.17110000550746918,-0.1747872810232269,0.1460147603335884,Semey,0.3208020329475403,1,"{""type"":""Point"",""coordinates"":[80.77387279688118,50.48879392087833]}"
1_1_187,0.17479999363422394,0.1859000027179718,0.18050000071525574,0.13285000622272491,0.08540000021457672,0.0737999975681305,0.11349999904632568,0.17339999973773956,-0.22789116232402565,0.1324081395128184,Semey,0.360299289226532,1,"{""type"":""Point"",""coordinates"":[80.81824025992563,50.47013003540983]}"
1_1_195,0.1881999969482422,0.1808999925851822,0.1996999979019165,0.13590000569820404,0.08749999850988388,0.07880000025033951,0.11729999631643295,0.17294999957084656,-0.2599369182597728,0.11996112430163926,Semey,0.3798980414867401,1,"{""type"":""Point"",""coordinates"":[80.68968052779505,50.47563978496395]}"
1_1_198,0.1712000072002411,0.17784999310970306,0.17509999871253967,0.13474999368190765,0.07419999688863754,0.062300000339746475,0.10530000180006027,0.15594999492168427,-0.24893008839114783,0.07292742370446265,Semey,0.3218575119972229,1,"{""type"":""Point"",""coordinates"":[80.71866779303316,50.524863397400274]}"
1_1_199,0.1348000019788742,0.14544999599456787,0.12380000203847885,0.08900000154972076,0.05000000074505806,0.043299999088048935,0.08340000361204147,0.18770000338554382,-0.19498068206899166,0.3567040118373487,Semey,0.5516846776008606,1,"{""type"":""Point"",""coordinates"":[80.91206161368338,50.62030635598091]}"
1_1_204,0.20864999294281006,0.15839999914169312,0.22425000369548798,0.11180000007152557,0.08375000208616257,0.05999999865889549,0.11914999783039093,0.17065000534057617,-0.30605709201540765,0.2083554758060172,Semey,0.5144125819206238,1,"{""type"":""Point"",""coordinates"":[80.83349506475118,50.42681996702207]}"
1_1_207,0.2257000058889389,0.20579999685287476,0.23845000565052032,0.16064999997615814,0.14069999754428864,0.10840000212192535,0.14785000681877136,0.17829999327659607,-0.23453273597538665,0.05207255834720247,Semey,0.2866052985191345,1,"{""type"":""Point"",""coordinates"":[80.73862206349528,50.622279085477274]}"
1_1_212,0.19994999468326569,0.1720000058412552,0.21940000355243683,0.13050000369548798,0.09860000014305115,0.07225000113248825,0.12110000103712082,0.15389999747276306,-0.2886931018805943,0.08227845879449082,Semey,0.37097156047821045,1,"{""type"":""Point"",""coordinates"":[80.87487671493741,50.580551935772746]}"
1_1_214,0.1805499941110611,0.1481499969959259,0.21389999985694885,0.10095000267028809,0.05934999883174896,0.049300000071525574,0.08134999871253967,0.16580000519752502,-0.44894158098772313,0.24311152995119345,Semey,0.6920531392097473,1,"{""type"":""Point"",""coordinates"":[80.86500278798097,50.573049363265945]}"
1_1_221,0.21819999814033508,0.1770000010728836,0.24719999730587006,0.12710000574588776,0.07975000143051147,0.05665000155568123,0.13040000200271606,0.17075000703334808,-0.3093220220260157,0.14655027501984152,Semey,0.4558722972869873,1,"{""type"":""Point"",""coordinates"":[80.81083303037022,50.6315917738215]}"
1_1_224,0.16269999742507935,0.1586499959230423,0.16850000619888306,0.11595000326633453,0.06509999930858612,0.05510000139474869,0.09679999947547913,0.15889999270439148,-0.2702601024871852,0.156267018619973,Semey,0.42652711272239685,1,"{""type"":""Point"",""coordinates"":[80.67599993614769,50.537472551439166]}"
1_1_226,0.18369999527931213,0.14399999380111694,0.19740000367164612,0.0982000008225441,0.06549999862909317,0.04165000095963478,0.09440000355243683,0.16120000183582306,-0.3529814858438717,0.24286815870333933,Semey,0.5958496332168579,1,"{""type"":""Point"",""coordinates"":[80.90073418774239,50.54559877756325]}"
1_1_232,0.21070000529289246,0.14219999313354492,0.22470000386238098,0.09364999830722809,0.06210000067949295,0.039799999445676804,0.12229999899864197,0.16439999639987946,-0.2951008761367396,0.2741716703887329,Semey,0.569272518157959,1,"{""type"":""Point"",""coordinates"":[80.86308108342233,50.549368086372596]}"
1_1_235,0.16300000250339508,0.17685000598430634,0.16619999706745148,0.13189999759197235,0.08209999650716782,0.07259999960660934,0.11089999973773956,0.16414999961853027,-0.19956693600609943,0.10893430950998106,Semey,0.3085012435913086,1,"{""type"":""Point"",""coordinates"":[80.67260384003418,50.54401453010798]}"
1_1_240,0.14184999465942383,0.14294999837875366,0.15230000019073486,0.10559999942779541,0.0604499988257885,0.061500001698732376,0.07594999670982361,0.14675000309944153,-0.3345016627280596,0.16306718153174843,Semey,0.49756884574890137,1,"{""type"":""Point"",""coordinates"":[80.7151228384409,50.521315532257596]}"
1_1_246,0.1949000060558319,0.156700000166893,0.2046000063419342,0.10700000077486038,0.06930000334978104,0.04529999941587448,0.11270000040531158,0.17000000178813934,-0.28963127633914026,0.22743682465833373,Semey,0.517068088054657,1,"{""type"":""Point"",""coordinates"":[80.89780331459299,50.54542348686055]}"
1_1_253,0.1569499969482422,0.13210000097751617,0.1570499986410141,0.08370000123977661,0.06469999998807907,0.04035000130534172,0.0904499962925911,0.16500000655651093,-0.269090924087854,0.3268998905031314,Semey,0.5959908366203308,1,"{""type"":""Point"",""coordinates"":[80.79369804695949,50.647589188036534]}"
1_1_256,0.17614999413490295,0.1793999969959259,0.187950000166893,0.13224999606609344,0.07774999737739563,0.07609999924898148,0.1018500030040741,0.1602499932050705,-0.29710143623436863,0.09572648945644739,Semey,0.39282792806625366,1,"{""type"":""Point"",""coordinates"":[80.72635476011577,50.51822559683249]}"
1_1_262,0.1798499971628189,0.14865000545978546,0.210099995136261,0.1096000000834465,0.1005999967455864,0.06319999694824219,0.10315000265836716,0.1757500022649765,-0.3414205689731944,0.23182057696554134,Semey,0.5732411742210388,1,"{""type"":""Point"",""coordinates"":[80.80856390296485,50.627377780475484]}"
1_1_265,0.12925000488758087,0.13289999961853027,0.12065000087022781,0.08855000138282776,0.05245000123977661,0.03824999928474426,0.08910000324249268,0.1632000058889389,-0.1504171490303287,0.2965243390262377,Semey,0.4469414949417114,1,"{""type"":""Point"",""coordinates"":[80.79944481893406,50.65906264959058]}"
1_1_278,0.23125000298023224,0.16410000622272491,0.2658500075340271,0.11755000054836273,0.07774999737739563,0.058649998158216476,0.1132500022649765,0.16474999487400055,-0.40253231686793717,0.16719799890545348,Semey,0.5697303414344788,1,"{""type"":""Point"",""coordinates"":[80.86731096278488,50.55705815195525]}"
1_1_280,0.22804999351501465,0.2232999950647354,0.2459000051021576,0.1737000048160553,0.1096000000834465,0.09529999643564224,0.14419999718666077,0.18825000524520874,-0.2607024027654355,0.04019892257135369,Semey,0.3009013235569,1,"{""type"":""Point"",""coordinates"":[80.79702580650371,50.53893012274303]}"
1_1_284,0.18170000612735748,0.17835000157356262,0.18934999406337738,0.13134999573230743,0.07440000027418137,0.0689999982714653,0.11490000039339066,0.17069999873638153,-0.24470006582223813,0.13027645662861678,Semey,0.3749765157699585,1,"{""type"":""Point"",""coordinates"":[80.75343210579206,50.53777468992282]}"
1_1_285,0.19709999859333038,0.19384999573230743,0.21085000038146973,0.148049995303154,0.0714000016450882,0.0674000009894371,0.1257999986410141,0.1768999993801117,-0.252636275025729,0.08878290367438933,Semey,0.34141919016838074,1,"{""type"":""Point"",""coordinates"":[80.63980576029287,50.42167880816273]}"
1_1_287,0.18469999730587006,0.195250004529953,0.19050000607967377,0.14869999885559082,0.07249999791383743,0.06965000182390213,0.11509999632835388,0.1851000040769577,-0.24672777865573486,0.10904734841695699,Semey,0.3557751178741455,1,"{""type"":""Point"",""coordinates"":[80.88177943386005,50.43362467442122]}"
1_1_308,0.21494999527931213,0.19779999554157257,0.23704999685287476,0.14869999885559082,0.07954999804496765,0.06350000202655792,0.11994999647140503,0.16940000653266907,-0.32801121168397984,0.06507389917146547,Semey,0.3930851221084595,1,"{""type"":""Point"",""coordinates"":[80.83312736342953,50.51660721105897]}"
1_1_310,0.22190000116825104,0.19165000319480896,0.22550000250339508,0.14364999532699585,0.11540000140666962,0.08375000208616257,0.14409999549388885,0.17790000140666962,-0.22023811539659263,0.10651533642540348,Semey,0.3267534375190735,1,"{""type"":""Point"",""coordinates"":[80.95659103567064,50.50093970767951]}"
1_1_312,0.15410000085830688,0.1606999933719635,0.1701499968767166,0.1151999980211258,0.04430000111460686,0.04470000043511391,0.0823500007390976,0.15045000612735748,-0.34772276026397897,0.13269342200547807,Semey,0.4804161787033081,1,"{""type"":""Point"",""coordinates"":[80.66471070360717,50.45675700580732]}"
1_1_317,0.17305000126361847,0.19335000216960907,0.1835000067949295,0.14169999957084656,0.09700000286102295,0.08955000340938568,0.11959999799728394,0.17315000295639038,-0.21082153674478313,0.09988884590471984,Semey,0.3107103705406189,1,"{""type"":""Point"",""coordinates"":[80.75370747020762,50.52903032859495]}"
1_1_325,0.1972000002861023,0.1408499926328659,0.22540000081062317,0.09510000050067902,0.07079999893903732,0.04495000094175339,0.11069999635219574,0.16294999420642853,-0.34126749606267515,0.26293352101309186,Semey,0.6042010188102722,1,"{""type"":""Point"",""coordinates"":[80.88312392543286,50.59570143705907]}"
1_1_327,0.16089999675750732,0.18115000426769257,0.18199999630451202,0.13300000131130219,0.0640999972820282,0.07114999741315842,0.08765000104904175,0.15485000610351562,-0.3498980017854868,0.07590760545204925,Semey,0.42580559849739075,1,"{""type"":""Point"",""coordinates"":[80.91417045401884,50.53468800200636]}"
1_1_331,0.15479999780654907,0.15015000104904175,0.1578499972820282,0.10215000063180923,0.08654999732971191,0.0767500028014183,0.097850002348423,0.1843000054359436,-0.2346499609711373,0.286786535395303,Semey,0.5214365124702454,1,"{""type"":""Point"",""coordinates"":[80.85380458856436,50.503704786287]}"
1_1_334,0.17794999480247498,0.1436000019311905,0.20565000176429749,0.0982000008225441,0.0737999975681305,0.0649000033736229,0.09825000166893005,0.15105000138282776,-0.3534057218889278,0.21203610869675102,Semey,0.5654418468475342,1,"{""type"":""Point"",""coordinates"":[80.82025393770125,50.62636446595387]}"
1_1_341,0.1826999932527542,0.16990000009536743,0.19619999825954437,0.11905000358819962,0.06080000102519989,0.051500000059604645,0.10239999741315842,0.1683499962091446,-0.3141326262750542,0.17153790068096078,Semey,0.4856705367565155,1,"{""type"":""Point"",""coordinates"":[80.95372956274917,50.47302994745378]}"
1_1_346,0.18709999322891235,0.16120000183582306,0.20180000364780426,0.12250000238418579,0.08129999786615372,0.06459999829530716,0.11219999939203262,0.1529500037431717,-0.2853503292622713,0.11054638112771357,Semey,0.39589670300483704,1,"{""type"":""Point"",""coordinates"":[80.70947754614149,50.591447826635985]}"
1_1_347,0.14880000054836273,0.12425000220537186,0.1623000055551529,0.08375000208616257,0.04520000144839287,0.03725000098347664,0.07329999655485153,0.15494999289512634,-0.37775894823101996,0.2982823305653817,Semey,0.676041305065155,1,"{""type"":""Point"",""coordinates"":[80.78249046135082,50.59906500360627]}"
1_1_354,0.14300000667572021,0.17949999868869781,0.15150000154972076,0.12860000133514404,0.05299999937415123,0.059450000524520874,0.08730000257492065,0.16175000369548798,-0.26884421216881965,0.1141725565213839,Semey,0.38301676511764526,1,"{""type"":""Point"",""coordinates"":[80.79510526246031,50.653361097719454]}"
1_1_367,0.1315000057220459,0.15080000460147858,0.13650000095367432,0.10090000182390213,0.0608999989926815,0.0596500001847744,0.08209999650716782,0.1628500074148178,-0.2488563818773657,0.23488152955795644,Semey,0.48373791575431824,1,"{""type"":""Point"",""coordinates"":[80.8410078612708,50.48561270401022]}"
1_1_377,0.15060000121593475,0.14980000257492065,0.1598999947309494,0.10935000330209732,0.06599999964237213,0.05530000105500221,0.08980000019073486,0.149849995970726,-0.28073686810526627,0.1562499721537424,Semey,0.4369868338108063,1,"{""type"":""Point"",""coordinates"":[80.67988674056419,50.55522883360891]}"
1_1_378,0.12110000103712082,0.11755000054836273,0.0949999988079071,0.07374999672174454,0.065700002014637,0.040550000965595245,0.10350000113248825,0.1561499983072281,0.04282117041377072,0.358416717560604,Semey,0.3155955374240875,1,"{""type"":""Point"",""coordinates"":[80.90450755109808,50.63639767605696]}"
1_1_379,0.24160000681877136,0.155799999833107,0.259799987077713,0.11150000244379044,0.09570000320672989,0.057750001549720764,0.13580000400543213,0.1670999974012375,-0.3134478914743434,0.19956925695755462,Semey,0.5130171775817871,1,"{""type"":""Point"",""coordinates"":[80.79121819070677,50.565738131416765]}"
1_1_385,0.15610000491142273,0.11710000038146973,0.19280000030994415,0.07590000331401825,0.05119999870657921,0.042500000447034836,0.0714000016450882,0.15805000066757202,-0.45950037004738026,0.3511433894227171,Semey,0.81064373254776,1,"{""type"":""Point"",""coordinates"":[80.8516288808783,50.61874862746358]}"
1_1_388,0.15150000154972076,0.13230000436306,0.15825000405311584,0.0885000005364418,0.053449999541044235,0.04360000044107437,0.08609999716281891,0.15780000388622284,-0.2952732004553468,0.2813641985602986,Semey,0.5766373872756958,1,"{""type"":""Point"",""coordinates"":[80.87460440975244,50.38819744997211]}"
1_1_393,0.18524999916553497,0.16245000064373016,0.20980000495910645,0.11180000007152557,0.04895000159740448,0.04490000009536743,0.08969999849796295,0.15710000693798065,-0.4010016863934986,0.1684641341971167,Semey,0.5694658160209656,1,"{""type"":""Point"",""coordinates"":[80.79211962907097,50.62411917739107]}"
1_1_399,0.2867000102996826,0.22619999945163727,0.31029999256134033,0.17704999446868896,0.12359999865293503,0.0778999999165535,0.18000000715255737,0.1850000023841858,-0.26575563019542375,0.021958315107312235,Semey,0.2877139449119568,1,"{""type"":""Point"",""coordinates"":[80.78185250633784,50.56067370932422]}"
1_1_400,0.13680000603199005,0.13359999656677246,0.10779999941587448,0.07769999653100967,0.055399999022483826,0.03869999945163727,0.11949999630451202,0.17649999260902405,0.05147381042202181,0.38867033949237273,Semey,0.3371965289115906,1,"{""type"":""Point"",""coordinates"":[80.90111895522134,50.63437106825467]}"
1_1_406,0.14550000429153442,0.13860000669956207,0.14204999804496765,0.09395000338554382,0.08340000361204147,0.06419999897480011,0.0966000035405159,0.1623000055551529,-0.1904462359208145,0.26673170647743133,Semey,0.45717793703079224,1,"{""type"":""Point"",""coordinates"":[80.80276670839416,50.65917257520754]}"
1_1_414,0.1354999989271164,0.15489999949932098,0.1326500028371811,0.11540000140666962,0.056699998676776886,0.050050001591444016,0.09070000052452087,0.15710000693798065,-0.1878218118704243,0.15302753854807247,Semey,0.3408493399620056,1,"{""type"":""Point"",""coordinates"":[80.63915804846386,50.4431603853407]}"
1_1_417,0.21205000579357147,0.21199999749660492,0.22139999270439148,0.16500000655651093,0.09825000166893005,0.09380000084638596,0.13625000417232513,0.18060000240802765,-0.23808189368282837,0.045138875714315775,Semey,0.2832207679748535,1,"{""type"":""Point"",""coordinates"":[80.80898561197725,50.429552529611684]}"
1_1_420,0.1826999932527542,0.18494999408721924,0.18205000460147858,0.13075000047683716,0.09030000120401382,0.07329999655485153,0.12880000472068787,0.1704999953508377,-0.17130448217423777,0.13195019228062954,Semey,0.3032546639442444,1,"{""type"":""Point"",""coordinates"":[80.90447927641947,50.48973037536521]}"
1_1_424,0.2126999944448471,0.14579999446868896,0.2556000053882599,0.09814999997615814,0.10014999657869339,0.056049998849630356,0.11155000329017639,0.15520000457763672,-0.39234644884415043,0.22518256789438862,Semey,0.617529034614563,1,"{""type"":""Point"",""coordinates"":[80.82292768500145,50.58938683487508]}"
1_1_427,0.15680000185966492,0.18805000185966492,0.16064999997615814,0.13840000331401825,0.07734999805688858,0.08100000023841858,0.10610000044107437,0.17225000262260437,-0.2044985921265616,0.10896506892548408,Semey,0.31346365809440613,1,"{""type"":""Point"",""coordinates"":[80.73862500839238,50.43529849894886]}"
1_1_428,0.13734999299049377,0.1396999955177307,0.15680000185966492,0.09549999982118607,0.04780000075697899,0.04755000025033951,0.07039999961853027,0.16854999959468842,-0.38028169753082774,0.2766521489683845,Semey,0.6569338440895081,1,"{""type"":""Point"",""coordinates"":[80.74013875729226,50.498634164047694]}"
1_1_433,0.1657000035047531,0.18230000138282776,0.1594499945640564,0.13455000519752502,0.07289999723434448,0.06400000303983688,0.11055000126361847,0.16944999992847443,-0.18111108909663806,0.11480261231076078,Semey,0.2959136962890625,1,"{""type"":""Point"",""coordinates"":[80.66212614613974,50.44869843273566]}"
1_1_434,0.30309998989105225,0.19689999520778656,0.3306500017642975,0.15414999425411224,0.1729000061750412,0.08460000157356262,0.19339999556541443,0.17994999885559082,-0.26190250338371945,0.0772224038717865,Semey,0.3391249179840088,1,"{""type"":""Point"",""coordinates"":[80.81838563189707,50.55461111454512]}"
1_1_439,0.22505000233650208,0.1842000037431717,0.2406499981880188,0.13574999570846558,0.1137000024318695,0.07074999809265137,0.13625000417232513,0.1745000034570694,-0.2769965331968336,0.12489930008969514,Semey,0.40189582109451294,1,"{""type"":""Point"",""coordinates"":[80.83211364778079,50.509006626660174]}"
1_1_444,0.16200000047683716,0.19894999265670776,0.1670999974012375,0.15045000612735748,0.07440000027418137,0.0885000005364418,0.10170000046491623,0.16934999823570251,-0.24330356196240202,0.05909941166507427,Semey,0.30240297317504883,1,"{""type"":""Point"",""coordinates"":[80.77486676474818,50.503673699866624]}"
1_1_452,0.1842000037431717,0.21279999613761902,0.1907999962568283,0.15839999914169312,0.07460000365972519,0.08034999668598175,0.11029999703168869,0.19040000438690186,-0.26735304224335776,0.09174313337581531,Semey,0.3590961694717407,1,"{""type"":""Point"",""coordinates"":[80.98440202791132,50.51232698943227]}"
1_1_454,0.17419999837875366,0.16854999959468842,0.19689999520778656,0.12735000252723694,0.06859999895095825,0.057999998331069946,0.09640000015497208,0.15254999697208405,-0.3426525627063659,0.09003213465496358,Semey,0.43268468976020813,1,"{""type"":""Point"",""coordinates"":[80.73658578050586,50.46423107363265]}"
1_1_457,0.17125000059604645,0.14830000698566437,0.18619999289512634,0.10014999657869339,0.04670000076293945,0.03929999843239784,0.09574999660253525,0.15895000100135803,-0.32080155936072935,0.22693942482379922,Semey,0.5477409958839417,1,"{""type"":""Point"",""coordinates"":[80.74595600977513,50.57882283555058]}"
1_1_459,0.17710000276565552,0.1660500019788742,0.17890000343322754,0.11685000360012054,0.08649999648332596,0.06634999811649323,0.11349999904632568,0.16040000319480896,-0.22366622377670844,0.15707844374157426,Semey,0.38074466586112976,1,"{""type"":""Point"",""coordinates"":[80.77782477819873,50.53151137561156]}"
1_1_464,0.15729999542236328,0.15854999423027039,0.1720999926328659,0.11304999887943268,0.06040000170469284,0.05445000156760216,0.08569999784231186,0.15645000338554382,-0.3351435142852461,0.16103897640579462,Semey,0.49618250131607056,1,"{""type"":""Point"",""coordinates"":[80.74923592989997,50.52391287969073]}"
1_1_466,0.16349999606609344,0.14345000684261322,0.17749999463558197,0.09799999743700027,0.05689999833703041,0.04919999837875366,0.09130000323057175,0.16904999315738678,-0.3206844943798424,0.2660550392166157,Semey,0.5867395401000977,1,"{""type"":""Point"",""coordinates"":[80.88293784960929,50.52192231837571]}"
1_1_470,0.21459999680519104,0.14630000293254852,0.2370000034570694,0.09934999793767929,0.08749999850988388,0.04405000060796738,0.12200000137090683,0.1607999950647354,-0.32033426334149406,0.23620987422623435,Semey,0.5565441250801086,1,"{""type"":""Point"",""coordinates"":[80.80127882118883,50.55515699774749]}"
1_1_472,0.18559999763965607,0.17284999787807465,0.19200000166893005,0.1264999955892563,0.07249999791383743,0.05950000137090683,0.11680000275373459,0.17225000262260437,-0.2435233090614428,0.1531380997729886,Semey,0.3966614007949829,1,"{""type"":""Point"",""coordinates"":[80.63439050393632,50.41245149239537]}"
1_1_474,0.1465499997138977,0.17319999635219574,0.16040000319480896,0.1290999948978424,0.048700001090765,0.06469999998807907,0.08264999836683273,0.15594999492168427,-0.3198930439350665,0.0941940045001979,Semey,0.41408705711364746,1,"{""type"":""Point"",""coordinates"":[80.62689195614489,50.41359995862908]}"
1_1_475,0.14444999396800995,0.17765000462532043,0.16335000097751617,0.1362999975681305,0.05490000173449516,0.06745000183582306,0.0791499987244606,0.15770000219345093,-0.34721650456302744,0.0727891314376691,Semey,0.4200056493282318,1,"{""type"":""Point"",""coordinates"":[80.65461236831479,50.46270842812927]}"
1_1_478,0.16899999976158142,0.13410000503063202,0.21310000121593475,0.08780000358819962,0.07109999656677246,0.049550000578165054,0.08110000193119049,0.15539999306201935,-0.4486743639453088,0.27796048686236224,Semey,0.7266348600387573,1,"{""type"":""Point"",""coordinates"":[80.86763028871964,50.60504824485302]}"
1_1_479,0.12524999678134918,0.12439999729394913,0.11469999700784683,0.07750000059604645,0.06334999948740005,0.03709999844431877,0.0982000008225441,0.16875000298023224,-0.07750115713222146,0.37055837993488633,Semey,0.4480595290660858,1,"{""type"":""Point"",""coordinates"":[80.8225200517223,50.64782847887335]}"
1_1_481,0.18140000104904175,0.17024999856948853,0.19179999828338623,0.12479999661445618,0.09799999743700027,0.06419999897480011,0.11159999668598175,0.163100004196167,-0.26433751788790133,0.13303232884290284,Semey,0.3973698616027832,1,"{""type"":""Point"",""coordinates"":[80.91119122914876,50.43094549185724]}"
1_1_482,0.16750000417232513,0.16210000216960907,0.18639999628067017,0.11704999953508377,0.06599999964237213,0.057500001043081284,0.0904499962925911,0.16635000705718994,-0.3465775783349113,0.1739590909503184,Semey,0.5205366611480713,1,"{""type"":""Point"",""coordinates"":[80.8599103034714,50.52137586875385]}"
1_1_487,0.1862500011920929,0.164900004863739,0.19054999947547913,0.12014999985694885,0.08560000360012054,0.0640999972820282,0.11595000326633453,0.16689999401569366,-0.24339313390475031,0.16286359573826262,Semey,0.4062567353248596,1,"{""type"":""Point"",""coordinates"":[80.90570317867284,50.41120761250223]}"
1_1_489,0.2224999964237213,0.18344999849796295,0.24529999494552612,0.13474999368190765,0.09640000015497208,0.08209999650716782,0.12849999964237213,0.17534999549388885,-0.3124665516165189,0.13092551831391697,Semey,0.4433920681476593,1,"{""type"":""Point"",""coordinates"":[80.94812561481513,50.47251896541918]}"
1_1_492,0.1582999974489212,0.17184999585151672,0.16680000722408295,0.12245000153779984,0.06509999930858612,0.05510000139474869,0.10249999910593033,0.16404999792575836,-0.2387671986882773,0.14520068574467798,Semey,0.38396787643432617,1,"{""type"":""Point"",""coordinates"":[80.7477185345999,50.46891293108614]}"
1_1_495,0.19930000603199005,0.18815000355243683,0.23019999265670776,0.14839999377727509,0.10920000076293945,0.09274999797344208,0.11720000207424164,0.1647000014781952,-0.32527343781332274,0.05206007009875648,Semey,0.37733352184295654,1,"{""type"":""Point"",""coordinates"":[80.69646965271082,50.575778214881346]}"
1_1_511,0.12690000236034393,0.13339999318122864,0.11410000175237656,0.09414999932050705,0.05784999951720238,0.04340000078082085,0.09040000289678574,0.1546500027179718,-0.1158924123070327,0.24316721423542415,Semey,0.3590596318244934,1,"{""type"":""Point"",""coordinates"":[80.8009191674857,50.65070676293089]}"
1_1_514,0.16110000014305115,0.1781499981880188,0.17104999721050262,0.1340000033378601,0.06239999830722809,0.0568000003695488,0.10014999657869339,0.16349999606609344,-0.2614306867828318,0.09915963962130114,Semey,0.3605903387069702,1,"{""type"":""Point"",""coordinates"":[80.66831494947994,50.463104106221]}"
1_1_516,0.1639000028371811,0.15745000541210175,0.17710000276565552,0.1193000003695488,0.06300000101327896,0.05494999885559082,0.08789999783039093,0.1574999988079071,-0.33660379145144564,0.13800577511515225,Semey,0.4746095538139343,1,"{""type"":""Point"",""coordinates"":[80.71464915239888,50.50682411469481]}"
1_1_524,0.19419999420642853,0.18529999256134033,0.2029000073671341,0.14100000262260437,0.07150000333786011,0.054099999368190765,0.10779999941587448,0.15449999272823334,-0.3060830572098346,0.04568524642310353,Semey,0.3517683148384094,1,"{""type"":""Point"",""coordinates"":[80.77237945406574,50.588227260946546]}"
1_1_527,0.14955000579357147,0.1326500028371811,0.16030000150203705,0.09094999730587006,0.05040000006556511,0.04749999940395355,0.0734499990940094,0.1529500037431717,-0.37155081149333097,0.25420256732526664,Semey,0.6257534027099609,1,"{""type"":""Point"",""coordinates"":[80.76625634512136,50.42644543946604]}"
1_1_533,0.13555000722408295,0.12714999914169312,0.1156499981880188,0.08399999886751175,0.0617000013589859,0.04205000028014183,0.11954999715089798,0.16324999928474426,0.016581628572140867,0.32052578770265766,Semey,0.3039441704750061,1,"{""type"":""Point"",""coordinates"":[80.81828075116664,50.53042870300966]}"
1_1_536,0.16699999570846558,0.17640000581741333,0.16885000467300415,0.13349999487400055,0.08590000122785568,0.0831499993801117,0.10189999639987946,0.16580000519752502,-0.24727611452567388,0.10791851091147858,Semey,0.355194628238678,1,"{""type"":""Point"",""coordinates"":[80.65110427078123,50.45633530417088]}"
1_1_537,0.2037999927997589,0.1780499964952469,0.20194999873638153,0.12165000289678574,0.08765000104904175,0.06759999692440033,0.1270499974489212,0.18035000562667847,-0.22765958102101128,0.19437086448072724,Semey,0.4220304489135742,1,"{""type"":""Point"",""coordinates"":[80.98856256379848,50.42806018589406]}"
1_1_550,0.16769999265670776,0.16625000536441803,0.14810000360012054,0.12105000019073486,0.08470000326633453,0.06610000133514404,0.11569999903440475,0.1753000020980835,-0.1228203345039519,0.18306057529393024,Semey,0.30588090419769287,1,"{""type"":""Point"",""coordinates"":[80.87988574786723,50.43328727814225]}"
1_1_551,0.1565999984741211,0.16740000247955322,0.15070000290870667,0.12665000557899475,0.0681999996304512,0.05525000020861626,0.11225000023841858,0.1673000007867813,-0.1462255265643584,0.13828880533244087,Semey,0.28451433777809143,1,"{""type"":""Point"",""coordinates"":[80.69515592601205,50.534670106584585]}"
1_1_556,0.18930000066757202,0.13770000636577606,0.22120000422000885,0.09064999967813492,0.06610000133514404,0.046149998903274536,0.09319999814033508,0.15315000712871552,-0.40712469821475655,0.25635769362424987,Semey,0.6634823679924011,1,"{""type"":""Point"",""coordinates"":[80.79129116123403,50.60020420770367]}"
1_1_558,0.15549999475479126,0.11420000344514847,0.18045000731945038,0.06795000284910202,0.049949999898672104,0.03200000151991844,0.07455000281333923,0.18240000307559967,-0.4152941188157773,0.4571599661192779,Semey,0.8724541068077087,1,"{""type"":""Point"",""coordinates"":[80.79124668501552,50.62530912246922]}"
1_1_563,0.18150000274181366,0.1554500013589859,0.1838500052690506,0.11429999768733978,0.08730000257492065,0.06129999831318855,0.10869999974966049,0.1550000011920929,-0.2568791804142462,0.1511325795547989,Semey,0.4080117642879486,1,"{""type"":""Point"",""coordinates"":[80.87994853776605,50.40710352124584]}"
1_1_565,0.18850000202655792,0.17059999704360962,0.18835000693798065,0.12540000677108765,0.09399999678134918,0.06689999997615814,0.1168999969959259,0.16625000536441803,-0.23407046362405706,0.1400651359285758,Semey,0.3741356134414673,1,"{""type"":""Point"",""coordinates"":[80.75650405424886,50.42379234617285]}"
1_1_567,0.23000000417232513,0.16439999639987946,0.24660000205039978,0.1180500015616417,0.094200000166893,0.06274999678134918,0.13600000739097595,0.15889999270439148,-0.2890747306067974,0.1474995197274134,Semey,0.436574250459671,1,"{""type"":""Point"",""coordinates"":[80.84029328679293,50.55061304630754]}"
1_1_569,0.2833999991416931,0.22714999318122864,0.31220000982284546,0.19189999997615814,0.08649999648332596,0.06334999948740005,0.17900000512599945,0.20315000414848328,-0.2711726397457823,0.028477418187231984,Semey,0.29965004324913025,1,"{""type"":""Point"",""coordinates"":[80.79487360442928,50.55522783238762]}"
1_1_571,0.20469999313354492,0.18764999508857727,0.20319999754428864,0.13715000450611115,0.0925000011920929,0.05590000003576279,0.13809999823570251,0.17870000004768372,-0.190741283661049,0.13154977027868262,Semey,0.3222910463809967,1,"{""type"":""Point"",""coordinates"":[80.82945160166406,50.47329532925268]}"
1_1_572,0.23794999718666077,0.18320000171661377,0.26715001463890076,0.12559999525547028,0.11949999630451202,0.0625,0.14845000207424164,0.17425000667572021,-0.2856111833281972,0.16224782760353001,Semey,0.4478590190410614,1,"{""type"":""Point"",""coordinates"":[80.75935569926702,50.64044085162326]}"
1_1_575,0.2257000058889389,0.15745000541210175,0.259799987077713,0.11309999972581863,0.11420000344514847,0.062199998646974564,0.12610000371932983,0.16120000183582306,-0.346462779338858,0.17535545693095891,Semey,0.521818220615387,1,"{""type"":""Point"",""coordinates"":[80.82589335756907,50.603141273213325]}"
1_1_579,0.16599999368190765,0.16015000641345978,0.16130000352859497,0.11214999854564667,0.07599999755620956,0.055799998342990875,0.10719999670982361,0.17090000212192535,-0.20148978313121957,0.20756051382341317,Semey,0.4090502858161926,1,"{""type"":""Point"",""coordinates"":[80.73997898419637,50.59480857855448]}"
1_1_581,0.17100000381469727,0.18264999985694885,0.18299999833106995,0.14640000462532043,0.05860000103712082,0.06154999881982803,0.10805000364780426,0.16654999554157257,-0.25751587072212395,0.06438725325293611,Semey,0.3219031095504761,1,"{""type"":""Point"",""coordinates"":[80.64464732731143,50.43965325871959]}"
1_1_583,0.2328999936580658,0.156700000166893,0.2669000029563904,0.1124500036239624,0.11240000277757645,0.059950001537799835,0.12470000237226486,0.15600000321865082,-0.36312563495698214,0.16222759726067318,Semey,0.5253532528877258,1,"{""type"":""Point"",""coordinates"":[80.85005369188286,50.604946847988785]}"
1_1_591,0.1814499944448471,0.1753000020980835,0.180649995803833,0.13179999589920044,0.08410000056028366,0.06710000336170197,0.11729999631643295,0.16899999976158142,-0.21261957094407022,0.12367022739033602,Semey,0.33628979325294495,1,"{""type"":""Point"",""coordinates"":[80.93225717626221,50.41918556601251]}"
1_1_593,0.17464999854564667,0.16304999589920044,0.1835000067949295,0.11964999884366989,0.07609999924898148,0.06814999878406525,0.1002499982714653,0.17229999601840973,-0.29339209528466614,0.18033909265733084,Semey,0.4737311899662018,1,"{""type"":""Point"",""coordinates"":[80.64649602073018,50.434170354622914]}"
1_1_594,0.30250000953674316,0.2669000029563904,0.27549999952316284,0.19820000231266022,0.09319999814033508,0.07609999924898148,0.17900000512599945,0.2320999950170517,-0.2123212176238671,0.07878222847957872,Semey,0.29110345244407654,1,"{""type"":""Point"",""coordinates"":[80.81736120555207,50.38424882000751]}"
1_1_601,0.18964999914169312,0.17874999344348907,0.20274999737739563,0.13494999706745148,0.07280000299215317,0.061000000685453415,0.10769999772310257,0.16695000231266022,-0.30616846884962484,0.10599538029451486,Semey,0.4121638536453247,1,"{""type"":""Point"",""coordinates"":[80.8966270263492,50.428949336011634]}"
1_1_607,0.12520000338554382,0.12285000085830688,0.10930000245571136,0.07774999737739563,0.06210000067949295,0.04365000128746033,0.09350000321865082,0.15645000338554382,-0.07790926427502547,0.33603759928169025,Semey,0.41394686698913574,1,"{""type"":""Point"",""coordinates"":[80.87854348100828,50.632245019756695]}"
1_1_608,0.1774500012397766,0.18569999933242798,0.17505000531673431,0.14100000262260437,0.06790000200271606,0.06239999830722809,0.11264999955892563,0.16944999992847443,-0.21689261279219346,0.09164115661809066,Semey,0.30853375792503357,1,"{""type"":""Point"",""coordinates"":[80.6455480976898,50.45955221224975]}"
1_1_611,0.20800000429153442,0.15070000290870667,0.25110000371932983,0.10580000281333923,0.09690000116825104,0.06105000153183937,0.11469999700784683,0.16300000250339508,-0.37288137353836076,0.21279761368551886,Semey,0.5856789946556091,1,"{""type"":""Point"",""coordinates"":[80.81842431627383,50.62066237991351]}"
1_1_613,0.15815000236034393,0.13744999468326569,0.17399999499320984,0.09109999984502792,0.05404999852180481,0.04600000008940697,0.08434999734163284,0.16715000569820404,-0.34700987153652896,0.29448210734092345,Semey,0.6414919495582581,1,"{""type"":""Point"",""coordinates"":[80.81101180887924,50.529168749195534]}"
1_1_615,0.17579999566078186,0.18815000355243683,0.1837500035762787,0.14135000109672546,0.08365000039339066,0.0723000019788742,0.10329999774694443,0.16865000128746033,-0.28026478125233034,0.0880645160670087,Semey,0.3683292865753174,1,"{""type"":""Point"",""coordinates"":[80.79247013015818,50.42931527478874]}"
1_1_619,0.14239999651908875,0.11334999650716782,0.18129999935626984,0.07329999655485153,0.03999999910593033,0.03020000085234642,0.06199999898672104,0.1589999943971634,-0.49034114748067636,0.3689195057266037,Semey,0.8592606782913208,1,"{""type"":""Point"",""coordinates"":[80.8856420767689,50.5940902814661]}"
1_1_620,0.11729999631643295,0.10090000182390213,0.12439999729394913,0.060499999672174454,0.04540000110864639,0.03514999896287918,0.06270000338554382,0.16715000569820404,-0.3297701426206778,0.4684823347687333,Semey,0.7982524633407593,1,"{""type"":""Point"",""coordinates"":[80.96247750065918,50.51698989256326]}"
1_1_622,0.18854999542236328,0.18299999833106995,0.2009499967098236,0.13214999437332153,0.0604499988257885,0.056299999356269836,0.10135000199079514,0.17755000293254852,-0.3294740163650044,0.1465935064713237,Semey,0.47606751322746277,1,"{""type"":""Point"",""coordinates"":[80.8359024255588,50.453955965600976]}"
1_1_628,0.18925000727176666,0.18240000307559967,0.20669999718666077,0.13660000264644623,0.07190000265836716,0.06889999657869339,0.09709999710321426,0.16795000433921814,-0.36076366735830195,0.10293876530512641,Semey,0.4637024402618408,1,"{""type"":""Point"",""coordinates"":[80.74199722482426,50.44224807151204]}"
1_1_653,0.1525000035762787,0.14669999480247498,0.13734999299049377,0.09814999997615814,0.07280000299215317,0.051600001752376556,0.11330000311136246,0.16335000097751617,-0.09595048973931826,0.2493307868588056,Semey,0.3452812731266022,1,"{""type"":""Point"",""coordinates"":[80.91592543722889,50.59243459022477]}"
1_1_656,0.23409999907016754,0.17384999990463257,0.26969999074935913,0.1253499984741211,0.07500000298023224,0.061000000685453415,0.13040000200271606,0.17515000700950623,-0.34816293744089444,0.1657238190569633,Semey,0.5138867497444153,1,"{""type"":""Point"",""coordinates"":[80.88934007495969,50.56189005263904]}"
1_1_659,0.13500000536441803,0.13854999840259552,0.12585000693798065,0.09719999879598618,0.05510000139474869,0.04735000059008598,0.09520000219345093,0.15854999423027039,-0.13865642831213768,0.2398826866360294,Semey,0.378539115190506,1,"{""type"":""Point"",""coordinates"":[80.90274700184308,50.44711336936606]}"
1_1_663,0.15299999713897705,0.15330000221729279,0.16249999403953552,0.10864999890327454,0.06159999966621399,0.04879999905824661,0.08540000021457672,0.14970000088214874,-0.31101248734167664,0.15889298243843214,Semey,0.46990546584129333,1,"{""type"":""Point"",""coordinates"":[80.69445582580181,50.52646351041118]}"
1_1_667,0.14010000228881836,0.15189999341964722,0.1433500051498413,0.10570000112056732,0.05009999871253967,0.05820000171661377,0.07360000163316727,0.15000000596046448,-0.3215026565379985,0.1732499163594407,Semey,0.49475258588790894,1,"{""type"":""Point"",""coordinates"":[80.75257893860936,50.534699440776414]}"
1_1_668,0.23119999468326569,0.18365000188350677,0.2558000087738037,0.13774999976158142,0.11320000141859055,0.0731000006198883,0.14139999449253082,0.16795000433921814,-0.28801614637592093,0.09878967671743558,Semey,0.38680583238601685,1,"{""type"":""Point"",""coordinates"":[80.80285355953423,50.57541110873323]}"
1_1_681,0.2037000060081482,0.15150000154972076,0.23119999468326569,0.10625000298023224,0.06909999996423721,0.04619999974966049,0.10980000346899033,0.1623000055551529,-0.3560117063697767,0.20871346413506184,Semey,0.5647251605987549,1,"{""type"":""Point"",""coordinates"":[80.7998699809958,50.598830139773014]}"
1_1_684,0.147599995136261,0.1488499939441681,0.1339000016450882,0.10419999808073044,0.07419999688863754,0.04699999839067459,0.11060000211000443,0.1679999977350235,-0.09529652015229657,0.23438648286195363,Semey,0.32968300580978394,1,"{""type"":""Point"",""coordinates"":[80.75815923144846,50.48403083255022]}"
1_1_685,0.17900000512599945,0.20434999465942383,0.18125000596046448,0.15489999949932098,0.065700002014637,0.050700001418590546,0.1185000017285347,0.18504999577999115,-0.2093411263463087,0.08868950345446575,Semey,0.29803064465522766,1,"{""type"":""Point"",""coordinates"":[80.78361327336391,50.62728415276058]}"
1_1_686,0.18889999389648438,0.15424999594688416,0.2013999968767166,0.10565000027418137,0.0714000016450882,0.053599998354911804,0.1071000024676323,0.16204999387264252,-0.30567259192706286,0.21068358173936966,Semey,0.5163561701774597,1,"{""type"":""Point"",""coordinates"":[80.7677624882304,50.598746581956206]}"
1_1_695,0.13484999537467957,0.13860000669956207,0.1415500044822693,0.09019999951124191,0.04544999822974205,0.04064999893307686,0.07249999791383743,0.15625,-0.32258820740703614,0.2680056831801503,Semey,0.5905938744544983,1,"{""type"":""Point"",""coordinates"":[80.80643838483176,50.440289871670245]}"
1_1_700,0.1964000016450882,0.1843000054359436,0.2126999944448471,0.1343500018119812,0.08540000021457672,0.06449999660253525,0.11429999768733978,0.18140000104904175,-0.30091742851703185,0.14901028918682088,Semey,0.4499277174472809,1,"{""type"":""Point"",""coordinates"":[80.75741288163138,50.50688582666684]}"
1_1_704,0.22709999978542328,0.19290000200271606,0.2547999918460846,0.14554999768733978,0.11620000004768372,0.09019999951124191,0.14219999313354492,0.17534999549388885,-0.2836272115182002,0.09286381564277407,Semey,0.3764910399913788,1,"{""type"":""Point"",""coordinates"":[80.75426352628544,50.62907618256872]}"
1_1_710,0.15195000171661377,0.12860000133514404,0.16459999978542328,0.08720000088214874,0.06499999761581421,0.04859999939799309,0.0778999999165535,0.15970000624656677,-0.3575257730945186,0.2936411635120847,Semey,0.6511669158935547,1,"{""type"":""Point"",""coordinates"":[80.94444249077574,50.40672162978514]}"
1_1_712,0.2203499972820282,0.16660000383853912,0.2560499906539917,0.11490000039339066,0.10350000113248825,0.07045000046491623,0.12070000171661377,0.17145000398159027,-0.3592567795044184,0.19748560406566742,Semey,0.5567423701286316,1,"{""type"":""Point"",""coordinates"":[80.82666952447973,50.57926586422286]}"
1_1_725,0.17479999363422394,0.13740000128746033,0.19920000433921814,0.09210000187158585,0.05559999868273735,0.04500000178813934,0.07859999686479568,0.16419999301433563,-0.43412529500262637,0.2813109347693952,Semey,0.7154362201690674,1,"{""type"":""Point"",""coordinates"":[80.87998616800422,50.511369993695006]}"
1_1_727,0.20250000059604645,0.17344999313354492,0.22030000388622284,0.1315000057220459,0.08219999819993973,0.06549999862909317,0.12460000067949295,0.18389999866485596,-0.2774717365609533,0.1661382124729804,Semey,0.44360995292663574,1,"{""type"":""Point"",""coordinates"":[80.91802139585134,50.53203267032708]}"
1_1_729,0.23694999516010284,0.20915000140666962,0.24729999899864197,0.164000004529953,0.11620000004768372,0.07819999754428864,0.14835000038146973,0.17505000531673431,-0.25009477763731347,0.03259106463904229,Semey,0.2826858460903168,1,"{""type"":""Point"",""coordinates"":[80.91589255208643,50.444002110548205]}"
1_1_738,0.12860000133514404,0.1432500034570694,0.13779999315738678,0.1091499999165535,0.052299998700618744,0.05494999885559082,0.07209999859333038,0.13334999978542328,-0.31300617982912293,0.0997938140148893,Semey,0.41279998421669006,1,"{""type"":""Point"",""coordinates"":[80.66147211862773,50.538678833268406]}"
1_1_751,0.17235000431537628,0.14959999918937683,0.17180000245571136,0.10199999809265137,0.05900000035762787,0.04190000146627426,0.10109999775886536,0.17149999737739563,-0.25906927314494604,0.2541133471146829,Semey,0.5131826400756836,1,"{""type"":""Point"",""coordinates"":[80.84813419242505,50.654724356600696]}"
1_1_754,0.19359999895095825,0.17775000631809235,0.2021999955177307,0.13529999554157257,0.09380000084638596,0.06904999911785126,0.1242000013589859,0.15995000302791595,-0.23897057262597313,0.08348859476977062,Semey,0.3224591612815857,1,"{""type"":""Point"",""coordinates"":[80.9097229259166,50.47634789015137]}"
1_1_755,0.16740000247955322,0.1535000056028366,0.18565000593662262,0.10999999940395355,0.05429999902844429,0.04874999821186066,0.0860000029206276,0.16060000658035278,-0.36683232014308625,0.1869918923037046,Semey,0.5538241863250732,1,"{""type"":""Point"",""coordinates"":[80.7722009616382,50.59502348587919]}"
1_1_762,0.20749999582767487,0.1425500065088272,0.24774999916553497,0.09799999743700027,0.06975000351667404,0.04500000178813934,0.09974999725818634,0.15125000476837158,-0.42589929044743363,0.21364095029172947,Semey,0.6395402550697327,1,"{""type"":""Point"",""coordinates"":[80.82777823140228,50.56644011404472]}"
1_1_769,0.16660000383853912,0.12060000002384186,0.18070000410079956,0.07970000058412552,0.05204999819397926,0.036400001496076584,0.08139999955892563,0.15559999644756317,-0.3788630414167849,0.32256692231583806,Semey,0.7014299631118774,1,"{""type"":""Point"",""coordinates"":[80.89071647695599,50.39627421534903]}"
1_1_772,0.15539999306201935,0.15594999492168427,0.1590999960899353,0.11445000022649765,0.048900000751018524,0.05000000074505806,0.09049999713897705,0.16089999675750732,-0.2748397468426373,0.16869437820879274,Semey,0.44353413581848145,1,"{""type"":""Point"",""coordinates"":[80.62294325633768,50.43778356267468]}"
1_1_776,0.1873999983072281,0.17204999923706055,0.19050000607967377,0.11919999867677689,0.06210000067949295,0.051249999552965164,0.11299999803304672,0.17329999804496765,-0.255354224040944,0.18495726487018097,Semey,0.4403114914894104,1,"{""type"":""Point"",""coordinates"":[80.78511204876322,50.52691434311213]}"
1_1_777,0.13465000689029694,0.16314999759197235,0.13564999401569366,0.11874999850988388,0.05400000140070915,0.05454999953508377,0.08134999871253967,0.14794999361038208,-0.25023040148742437,0.10948629907469486,Semey,0.3597167134284973,1,"{""type"":""Point"",""coordinates"":[80.68151177306426,50.496712681966216]}"
1_1_782,0.2057500034570694,0.20544999837875366,0.21780000627040863,0.15745000541210175,0.10719999670982361,0.08664999902248383,0.1269499957561493,0.1867000013589859,-0.26352432191504577,0.0849919958488912,Semey,0.3485163152217865,1,"{""type"":""Point"",""coordinates"":[80.78016970681534,50.44775371114421]}"
1_1_791,0.16304999589920044,0.15084999799728394,0.16554999351501465,0.10485000163316727,0.07069999724626541,0.05660000070929527,0.10239999741315842,0.17155000567436218,-0.23567829162115658,0.24131694022345973,Semey,0.47699522972106934,1,"{""type"":""Point"",""coordinates"":[80.74449759139256,50.53184640139476]}"
1_1_792,0.1535000056028366,0.1334500014781952,0.1526000052690506,0.09444999694824219,0.05920000001788139,0.04385000094771385,0.09179999679327011,0.15060000121593475,-0.24877253667238844,0.22913692996673096,Semey,0.47790947556495667,1,"{""type"":""Point"",""coordinates"":[80.66565440908806,50.40973419597992]}"
1_1_798,0.12880000472068787,0.12575000524520874,0.1148499995470047,0.08259999752044678,0.05894999951124191,0.04125000163912773,0.09539999812841415,0.15839999914169312,-0.09250892572478027,0.31452283266008113,Semey,0.40703174471855164,1,"{""type"":""Point"",""coordinates"":[80.9727260342919,50.41263139368819]}"
1_1_801,0.2198999971151352,0.15559999644756317,0.2463500052690506,0.11225000023841858,0.09814999997615814,0.053599998354911804,0.12780000269412994,0.15719999372959137,-0.31685153027335217,0.1668212822320917,Semey,0.4836727976799011,1,"{""type"":""Point"",""coordinates"":[80.86187490051584,50.55260116248969]}"
1_1_806,0.16760000586509705,0.1555500030517578,0.1657000035047531,0.10660000145435333,0.08760000020265579,0.05954999849200249,0.09709999710321426,0.162650004029274,-0.26103503136544165,0.20817085026328427,Semey,0.4692058861255646,1,"{""type"":""Point"",""coordinates"":[80.96611291918416,50.44704950636877]}"
1_1_818,0.19460000097751617,0.17685000598430634,0.21879999339580536,0.13899999856948853,0.08760000020265579,0.07635000348091125,0.12319999933242798,0.15459999442100525,-0.27953215232768996,0.053133502125191884,Semey,0.33266565203666687,1,"{""type"":""Point"",""coordinates"":[80.69212558989702,50.58437615627518]}"
1_1_819,0.2635999917984009,0.18850000202655792,0.29190000891685486,0.14339999854564667,0.1738000065088272,0.09035000205039978,0.16940000653266907,0.16830000281333923,-0.26555386577391066,0.07988451767446465,Semey,0.3454383909702301,1,"{""type"":""Point"",""coordinates"":[80.81108891748752,50.60289650073873]}"
1_1_823,0.2565999925136566,0.1944500058889389,0.2913999855518341,0.14399999380111694,0.13259999454021454,0.0812000036239624,0.14839999377727509,0.1782499998807907,-0.32514779103149954,0.10628396198971499,Semey,0.43143174052238464,1,"{""type"":""Point"",""coordinates"":[80.75182774173014,50.57974420026267]}"
1_1_826,0.21739999949932098,0.15800000727176666,0.22269999980926514,0.11254999786615372,0.08094999939203262,0.05180000141263008,0.12174999713897705,0.1679999977350235,-0.29307592847927083,0.19764748079945116,Semey,0.4907234013080597,1,"{""type"":""Point"",""coordinates"":[80.83906005053632,50.42767986676297]}"
1_1_837,0.16820000112056732,0.15209999680519104,0.1717499941587448,0.10679999738931656,0.04699999839067459,0.04410000145435333,0.09144999831914902,0.16769999265670776,-0.3050911783226597,0.22185791430149177,Semey,0.5269491076469421,1,"{""type"":""Point"",""coordinates"":[80.91403031305559,50.40152163257508]}"
1_1_838,0.21629999577999115,0.19294999539852142,0.25209999084472656,0.14010000228881836,0.06644999980926514,0.06279999762773514,0.10565000027418137,0.17270000278949738,-0.4093640648669326,0.10421994875772765,Semey,0.5135840177536011,1,"{""type"":""Point"",""coordinates"":[80.86990396316949,50.53045746071382]}"
1_1_846,0.16734999418258667,0.18250000476837158,0.15815000236034393,0.13075000047683716,0.08295000344514847,0.06729999929666519,0.11294999718666077,0.17229999601840973,-0.1667281639587246,0.13710607497804161,Semey,0.3038342297077179,1,"{""type"":""Point"",""coordinates"":[80.84577140135646,50.41905307715486]}"
1_1_848,0.23649999499320984,0.1733500063419342,0.25279998779296875,0.12835000455379486,0.09600000083446503,0.057750001549720764,0.13510000705718994,0.15884999930858612,-0.30342867310747185,0.10619775189629208,Semey,0.40962642431259155,1,"{""type"":""Point"",""coordinates"":[80.72674194685197,50.573895612137]}"
1_1_852,0.2037000060081482,0.15919999778270721,0.21529999375343323,0.11460000276565552,0.09589999914169312,0.060600001364946365,0.12399999797344208,0.16609999537467957,-0.2690834011380834,0.18346987157184372,Semey,0.45255327224731445,1,"{""type"":""Point"",""coordinates"":[80.7928140963197,50.613757307845134]}"
1_1_857,0.15880000591278076,0.1720000058412552,0.16449999809265137,0.12890000641345978,0.07190000265836716,0.06390000134706497,0.09870000183582306,0.15629999339580536,-0.24999998584616148,0.09607288569659898,Semey,0.34607288241386414,1,"{""type"":""Point"",""coordinates"":[80.81417578409878,50.470995519589856]}"
1_1_860,0.14100000262260437,0.1670999974012375,0.14509999752044678,0.11949999630451202,0.052799999713897705,0.05530000105500221,0.09049999713897705,0.17945000529289246,-0.23174873352776523,0.20053523555124453,Semey,0.4322839677333832,1,"{""type"":""Point"",""coordinates"":[80.79900320566513,50.657420379137186]}"
1_1_862,0.1858000010251999,0.17155000567436218,0.19140000641345978,0.12520000338554382,0.09674999862909317,0.07495000213384628,0.12234999984502792,0.16255000233650208,-0.22007969782012995,0.12980016753513723,Semey,0.3498798608779907,1,"{""type"":""Point"",""coordinates"":[80.98085909628396,50.42194584104632]}"
1_1_878,0.15565000474452972,0.15964999794960022,0.14159999787807465,0.11734999716281891,0.08105000108480453,0.06825000047683716,0.1152999997138977,0.18254999816417694,-0.10237445858582121,0.2174058086605411,Semey,0.31978026032447815,1,"{""type"":""Point"",""coordinates"":[80.94214621410319,50.41590229145067]}"
1_1_891,0.13770000636577606,0.15790000557899475,0.13019999861717224,0.11495000123977661,0.06019999831914902,0.04944999888539314,0.09179999679327011,0.16580000519752502,-0.172972984764737,0.18112200460128738,Semey,0.3540949821472168,1,"{""type"":""Point"",""coordinates"":[80.73375780451653,50.467168223803846]}"
1_1_896,0.20229999721050262,0.16380000114440918,0.21719999611377716,0.1261499971151352,0.05719999969005585,0.0507499985396862,0.10170000046491623,0.16464999318122864,-0.36218249259328406,0.13239338841399834,Semey,0.4945758879184723,1,"{""type"":""Point"",""coordinates"":[80.70769354883065,50.57944808134748]}"
1_1_898,0.16040000319480896,0.15035000443458557,0.16300000250339508,0.10814999788999557,0.07440000027418137,0.050999999046325684,0.10869999974966049,0.1624000072479248,-0.199852787278083,0.20051749520490225,Semey,0.4003702700138092,1,"{""type"":""Point"",""coordinates"":[80.75038316866248,50.64206245140382]}"
1_1_905,0.18684999644756317,0.17204999923706055,0.19210000336170197,0.12404999881982803,0.0722000002861023,0.06064999848604202,0.11100000143051147,0.1610500067472458,-0.2675684613953986,0.12977905017512523,Semey,0.39734750986099243,1,"{""type"":""Point"",""coordinates"":[80.82049538285031,50.43229088458023]}"
1_1_907,0.19249999523162842,0.14925000071525574,0.22059999406337738,0.11285000294446945,0.07000000029802322,0.04774999991059303,0.1014999970793724,0.1665000021457672,-0.36976094461058734,0.1920529737737701,Semey,0.5618138909339905,1,"{""type"":""Point"",""coordinates"":[80.81173572942117,50.63242227292276]}"
1_1_915,0.20110000669956207,0.194350004196167,0.22184999287128448,0.14704999327659607,0.10180000215768814,0.08020000159740448,0.1242000013589859,0.1729000061750412,-0.28218463557412987,0.08079391449523207,Semey,0.3629785478115082,1,"{""type"":""Point"",""coordinates"":[80.7436846385581,50.5103380703794]}"
1_1_918,0.17829999327659607,0.1428000032901764,0.18279999494552612,0.09570000320672989,0.042399998754262924,0.03999999910593033,0.08775000274181366,0.16859999299049377,-0.35132135655590235,0.2758228938049817,Semey,0.6271442770957947,1,"{""type"":""Point"",""coordinates"":[80.98652059237172,50.41351867754904]}"
1_1_923,0.15070000290870667,0.1606999933719635,0.16830000281333923,0.11020000278949738,0.06360000371932983,0.060100000351667404,0.07670000195503235,0.16214999556541443,-0.37387754724701966,0.19074717492092153,Semey,0.5646247267723083,1,"{""type"":""Point"",""coordinates"":[80.78648335897141,50.49011314485306]}"
1_1_927,0.1965000033378601,0.15625,0.19294999539852142,0.11169999837875366,0.10379999876022339,0.057999998331069946,0.1257999986410141,0.16189999878406525,-0.21066666043350107,0.1834795355477933,Semey,0.394146203994751,1,"{""type"":""Point"",""coordinates"":[80.89094889017404,50.41727118558899]}"
1_1_930,0.21979999542236328,0.17534999549388885,0.2665500044822693,0.12809999287128448,0.09520000219345093,0.06334999948740005,0.11225000023841858,0.15745000541210175,-0.4073389712801757,0.10278414539400434,Semey,0.5101231336593628,1,"{""type"":""Point"",""coordinates"":[80.8301972433355,50.57632702742131]}"
1_1_934,0.18459999561309814,0.1652500033378601,0.2159000039100647,0.1185000017285347,0.06260000169277191,0.051649998873472214,0.09430000185966492,0.17010000348091125,-0.3920051572812251,0.17879418163880087,Semey,0.5707993507385254,1,"{""type"":""Point"",""coordinates"":[80.76947052777291,50.64606678276081]}"
1_1_935,0.20464999973773956,0.1766500025987625,0.20385000109672546,0.12800000607967377,0.09314999729394913,0.06224999949336052,0.13369999825954437,0.16949999332427979,-0.2078210723476871,0.13949575572353604,Semey,0.34731683135032654,1,"{""type"":""Point"",""coordinates"":[80.81254331310508,50.41802340163734]}"
1_1_937,0.20829999446868896,0.15045000612735748,0.23989999294281006,0.10429999977350235,0.11410000175237656,0.06419999897480011,0.1180500015616417,0.15569999814033508,-0.3404106530295056,0.1976923029971193,Semey,0.5381029844284058,1,"{""type"":""Point"",""coordinates"":[80.85864828266038,50.588551241581655]}"
1_1_938,0.15494999289512634,0.16965000331401825,0.1611499935388565,0.121799997985363,0.06639999896287918,0.0710500031709671,0.0892999991774559,0.16574999690055847,-0.28688359533228625,0.15284298277463565,Semey,0.4397265911102295,1,"{""type"":""Point"",""coordinates"":[80.81051892292446,50.513904805234624]}"
1_1_945,0.1772499978542328,0.14354999363422394,0.2090499997138977,0.09835000336170197,0.0617000013589859,0.04619999974966049,0.0872500017285347,0.1563500016927719,-0.41106985282626574,0.22771887389113013,Semey,0.6387887001037598,1,"{""type"":""Point"",""coordinates"":[80.84145020536074,50.624392337867185]}"
1_1_949,0.15530000627040863,0.17170000076293945,0.1599999964237213,0.121799997985363,0.08089999854564667,0.07800000160932541,0.09510000050067902,0.16850000619888306,-0.2544100223657612,0.1608680934909003,Semey,0.4152781069278717,1,"{""type"":""Point"",""coordinates"":[80.81925635556314,50.47002302745471]}"
1_1_950,0.16349999606609344,0.16500000655651093,0.16439999639987946,0.1285499930381775,0.08579999953508377,0.07090000063180923,0.11069999635219574,0.1587499976158142,-0.19520175013628252,0.10511662220695281,Semey,0.3003183603286743,1,"{""type"":""Point"",""coordinates"":[80.61290681841089,50.44972781276301]}"
1_1_951,0.13064999878406525,0.15330000221729279,0.13220000267028809,0.10684999823570251,0.060600001364946365,0.051649998873472214,0.08780000358819962,0.16259999573230743,-0.20181817190459966,0.20690294579566312,Semey,0.40872111916542053,1,"{""type"":""Point"",""coordinates"":[80.75295666937008,50.42976228985811]}"
1_1_964,0.18234999477863312,0.19189999997615814,0.19750000536441803,0.1464499980211258,0.09184999763965607,0.0828000009059906,0.11774999648332596,0.16635000705718994,-0.2529738569822717,0.06361895368601987,Semey,0.316592812538147,1,"{""type"":""Point"",""coordinates"":[80.78392149847791,50.48768243986323]}"
1_1_972,0.17425000667572021,0.17475000023841858,0.18970000743865967,0.12950000166893005,0.06449999660253525,0.06610000133514404,0.09740000218153,0.15665000677108765,-0.32149077730521564,0.09488032256287258,Semey,0.41637110710144043,1,"{""type"":""Point"",""coordinates"":[80.76059998324655,50.44114705235929]}"
1_1_979,0.13269999623298645,0.12224999815225601,0.15839999914169312,0.07684999704360962,0.04899999871850014,0.047600001096725464,0.06270000338554382,0.1740500032901764,-0.4328357967538249,0.38740536515446905,Semey,0.8202411532402039,1,"{""type"":""Point"",""coordinates"":[80.88201296331354,50.63029946234503]}"
1_1_980,0.15070000290870667,0.16875000298023224,0.17419999837875366,0.11794999986886978,0.052400000393390656,0.05700000002980232,0.0843999981880188,0.17075000703334808,-0.3472544523702181,0.18288883235933404,Semey,0.5301432609558105,1,"{""type"":""Point"",""coordinates"":[80.77079228663352,50.49604152010018]}"
1_1_985,0.24469999969005585,0.19535000622272491,0.2892000079154968,0.14659999310970306,0.12780000269412994,0.0783500000834465,0.1462000012397766,0.15520000457763672,-0.32843363267988174,0.028495730728411522,Semey,0.35692936182022095,1,"{""type"":""Point"",""coordinates"":[80.81335036943167,50.58711083764367]}"
1_1_988,0.2272000014781952,0.18709999322891235,0.26089999079704285,0.13985000550746918,0.08739999681711197,0.0681999996304512,0.1386999934911728,0.16934999823570251,-0.3058058110876502,0.09540747856114737,Semey,0.40121328830718994,1,"{""type"":""Point"",""coordinates"":[80.89074210153541,50.534498568278316]}"
1_1_989,0.16979999840259552,0.17489999532699585,0.16110000014305115,0.1269499957561493,0.09570000320672989,0.09290000051259995,0.12489999830722809,0.1785999983549118,-0.12657343367823964,0.1690394488438079,Semey,0.2956128716468811,1,"{""type"":""Point"",""coordinates"":[80.80568775190048,50.65479736419296]}"
1_1_991,0.15625,0.18164999783039093,0.1579499989748001,0.13654999434947968,0.07760000228881836,0.0697999969124794,0.10194999724626541,0.16805000603199005,-0.21546749727884668,0.1034143520783353,Semey,0.3188818395137787,1,"{""type"":""Point"",""coordinates"":[80.70510037373897,50.457474941621165]}"
1_1_992,0.1623000055551529,0.14650000631809235,0.18289999663829803,0.10170000046491623,0.06830000132322311,0.05350000038743019,0.08569999784231186,0.1683499962091446,-0.3618763990816202,0.24680613429028164,Semey,0.6086825132369995,1,"{""type"":""Point"",""coordinates"":[80.86835158133592,50.62511823194072]}"
1_1_1000,0.1534000039100647,0.16220000386238098,0.155799999833107,0.11824999749660492,0.060100000351667404,0.054349999874830246,0.09549999982118607,0.15520000457763672,-0.23995224868632745,0.13512527628725296,Semey,0.3750775158405304,1,"{""type"":""Point"",""coordinates"":[80.66276291517194,50.55403180015324]}"
1_1_1003,0.16965000331401825,0.1324000060558319,0.18684999644756317,0.08900000154972076,0.057500001043081284,0.05939999967813492,0.07819999754428864,0.16779999434947968,-0.40992266125693505,0.3068535594162923,Semey,0.7167761921882629,1,"{""type"":""Point"",""coordinates"":[80.98901807498183,50.4138262344584]}"
1_1_1012,0.12915000319480896,0.1324000060558319,0.10740000009536743,0.0880500003695488,0.058400001376867294,0.04490000009536743,0.10854999721050262,0.16695000231266022,0.005325293491466662,0.30941176907138973,Semey,0.30408647656440735,1,"{""type"":""Point"",""coordinates"":[80.97546942123044,50.417190215387585]}"
1_1_1015,0.16830000281333923,0.17315000295639038,0.18709999322891235,0.1289999932050705,0.07419999688863754,0.07625000178813934,0.09269999712705612,0.1534000039100647,-0.33738384330091725,0.08640230507880017,Semey,0.42378613352775574,1,"{""type"":""Point"",""coordinates"":[80.70251105965545,50.56882518340005]}"
1_1_1016,0.2639000117778778,0.18684999644756317,0.28929999470710754,0.13564999401569366,0.14839999377727509,0.07959999889135361,0.16200000047683716,0.17980000376701355,-0.2820739986455891,0.13995882092772094,Semey,0.42203283309936523,1,"{""type"":""Point"",""coordinates"":[80.80929314616812,50.55895733218102]}"
1_1_1020,0.15449999272823334,0.1679999977350235,0.14980000257492065,0.12610000371932983,0.06800000369548798,0.06129999831318855,0.10480000078678131,0.15970000624656677,-0.17674784443820019,0.1175647353239991,Semey,0.29431256651878357,1,"{""type"":""Point"",""coordinates"":[80.65614546301875,50.428746049053984]}"
1_1_1021,0.16584999859333038,0.17399999499320984,0.16064999997615814,0.13314999639987946,0.08924999833106995,0.07739999890327454,0.11294999718666077,0.17069999873638153,-0.17434211726658455,0.12358072383599297,Semey,0.29792284965515137,1,"{""type"":""Point"",""coordinates"":[80.63266632447608,50.44954941824896]}"
1_1_1025,0.188400000333786,0.1708499938249588,0.20180000364780426,0.13220000267028809,0.07500000298023224,0.06520000100135803,0.10620000213384628,0.14024999737739563,-0.31038960947855104,0.029546686385386853,Semey,0.3399362862110138,1,"{""type"":""Point"",""coordinates"":[80.64180195625025,50.55769146583747]}"
1_1_1027,0.19979999959468842,0.1473499983549118,0.22130000591278076,0.10029999911785126,0.04879999905824661,0.035349998623132706,0.09969999641180038,0.16535000503063202,-0.37881622623174865,0.2448710893918206,Semey,0.6236873269081116,1,"{""type"":""Point"",""coordinates"":[80.7641505441029,50.57708169894405]}"
1_1_1034,0.18434999883174896,0.17935000360012054,0.18164999783039093,0.13734999299049377,0.07864999771118164,0.05909999832510948,0.11794999986886978,0.1688999980688095,-0.21261681725866827,0.10302042775311064,Semey,0.3156372308731079,1,"{""type"":""Point"",""coordinates"":[80.65159802905991,50.44382810382267]}"
1_1_1035,0.1420000046491623,0.1371999979019165,0.16179999709129333,0.09574999660253525,0.05180000141263008,0.05000000074505806,0.06870000064373016,0.15674999356269836,-0.40390454387157254,0.24158415578648257,Semey,0.6454886794090271,1,"{""type"":""Point"",""coordinates"":[80.76139704973308,50.63918495370657]}"
1_1_1042,0.23510000109672546,0.17874999344348907,0.26109999418258667,0.1273999959230423,0.1023000031709671,0.07739999890327454,0.11909999698400497,0.17354999482631683,-0.3734876393943991,0.15334773325083684,Semey,0.5268353819847107,1,"{""type"":""Point"",""coordinates"":[80.8499185691985,50.55507819601207]}"
1_1_1048,0.19564999639987946,0.18035000562667847,0.2106499969959259,0.13359999656677246,0.0731000006198883,0.053849998861551285,0.11869999766349792,0.16865000128746033,-0.2791862784983864,0.11596362272793649,Semey,0.3951498866081238,1,"{""type"":""Point"",""coordinates"":[80.7457209803993,50.51410378250816]}"
1_1_1049,0.21160000562667847,0.1829500049352646,0.23690000176429749,0.14135000109672546,0.10459999740123749,0.06830000132322311,0.12330000102519989,0.1632000058889389,-0.31538034386270114,0.07174521192259226,Semey,0.38712555170059204,1,"{""type"":""Point"",""coordinates"":[80.71011715031656,50.59250299080622]}"
1_1_1054,0.16865000128746033,0.13699999451637268,0.20280000567436218,0.09260000288486481,0.05534999817609787,0.04735000059008598,0.08529999852180481,0.15884999930858612,-0.4078445173244487,0.2634718466725343,Semey,0.671316385269165,1,"{""type"":""Point"",""coordinates"":[80.85635653412136,50.58678156461349]}"
1_1_1060,0.16410000622272491,0.17294999957084656,0.15860000252723694,0.12729999423027039,0.06724999845027924,0.05245000123977661,0.1054999977350235,0.1660500019788742,-0.20106022241379515,0.13209479546397168,Semey,0.3331550061702728,1,"{""type"":""Point"",""coordinates"":[80.89118137197609,50.460991711358425]}"
1_1_1063,0.1501999944448471,0.1342500001192093,0.17800000309944153,0.08829999715089798,0.05139999836683273,0.05389999970793724,0.06539999693632126,0.16335000097751617,-0.46261300799743604,0.29823168839572584,Semey,0.7608447074890137,1,"{""type"":""Point"",""coordinates"":[80.81085875162611,50.63761025092903]}"
1_1_1066,0.18119999766349792,0.1451999992132187,0.21299999952316284,0.10010000318288803,0.06400000303983688,0.04270000010728836,0.09489999711513519,0.16805000603199005,-0.3835661048959486,0.2534029480291805,Semey,0.6369690299034119,1,"{""type"":""Point"",""coordinates"":[80.8913806089013,50.57676967839208]}"
1_1_1069,0.12364999949932098,0.13625000417232513,0.11219999939203262,0.09160000085830688,0.05310000106692314,0.04340000078082085,0.09205000102519989,0.15029999613761902,-0.09865360257366582,0.24266224062954728,Semey,0.3413158357143402,1,"{""type"":""Point"",""coordinates"":[80.93001271421889,50.513353905035586]}"
1_1_1070,0.17589999735355377,0.16699999570846558,0.21060000360012054,0.11845000088214874,0.05660000070929527,0.05299999937415123,0.0966000035405159,0.1590999960899353,-0.3710937415682264,0.14646008161144075,Semey,0.5175538063049316,1,"{""type"":""Point"",""coordinates"":[80.77780029265588,50.64701121052939]}"
1_1_1072,0.2662000060081482,0.17114999890327454,0.29019999504089355,0.125900000333786,0.14020000398159027,0.06369999796152115,0.16949999332427979,0.1696999967098236,-0.26256255116702965,0.14817319625878014,Semey,0.41073575615882874,1,"{""type"":""Point"",""coordinates"":[80.84105720401655,50.55616625902606]}"
1_1_1073,0.24230000376701355,0.1781499981880188,0.27300000190734863,0.13300000131130219,0.1143999993801117,0.061900001019239426,0.1444000005722046,0.16474999487400055,-0.30809774933205386,0.10663306119049945,Semey,0.41473081707954407,1,"{""type"":""Point"",""coordinates"":[80.79861569155976,50.59996855033145]}"
1_1_1077,0.14319999516010284,0.15960000455379486,0.16009999811649323,0.11025000363588333,0.057999998331069946,0.06790000200271606,0.07760000228881836,0.1695999950170517,-0.3470761282583125,0.2120778690971986,Semey,0.5591539740562439,1,"{""type"":""Point"",""coordinates"":[80.82108364150355,50.47311775107743]}"
1_1_1079,0.11999999731779099,0.13449999690055847,0.11509999632835388,0.09465000033378601,0.053199999034404755,0.048650000244379044,0.08030000329017639,0.1619500070810318,-0.178096177615741,0.26227593453826,Semey,0.440372109413147,1,"{""type"":""Point"",""coordinates"":[80.9447353682242,50.520225842913426]}"
1_1_1082,0.1793999969959259,0.1423500031232834,0.20440000295639038,0.09799999743700027,0.054999999701976776,0.044849999248981476,0.09260000288486481,0.1530500054359436,-0.37643096926833747,0.21927905743464213,Semey,0.595710039138794,1,"{""type"":""Point"",""coordinates"":[80.89991347674894,50.54873886064459]}"
1_1_1083,0.21490000188350677,0.18490000069141388,0.21140000224113464,0.14180000126361847,0.10260000079870224,0.07824999839067459,0.1462000012397766,0.1749500036239624,-0.18232662294937146,0.10465667513441505,Semey,0.28698331117630005,1,"{""type"":""Point"",""coordinates"":[80.74797752799407,50.562800498187876]}"
1_1_1084,0.17475000023841858,0.13805000483989716,0.18719999492168427,0.09049999713897705,0.0628499984741211,0.05009999871253967,0.08224999904632568,0.16619999706745148,-0.3894971171824135,0.29489677303069717,Semey,0.6843938827514648,1,"{""type"":""Point"",""coordinates"":[80.8335523012109,50.43300122891529]}"
1_1_1090,0.1488499939441681,0.14865000545978546,0.14364999532699585,0.10909999907016754,0.07235000282526016,0.05480000004172325,0.11505000293254852,0.1741500049829483,-0.11055273516373969,0.22965579870065034,Semey,0.3402085304260254,1,"{""type"":""Point"",""coordinates"":[80.62871150594297,50.44174489673529]}"
1_1_1091,0.15150000154972076,0.13339999318122864,0.16740000247955322,0.08789999783039093,0.048500001430511475,0.03884999826550484,0.0820000022649765,0.16769999265670776,-0.3424218066958552,0.3122065641483062,Semey,0.6546283960342407,1,"{""type"":""Point"",""coordinates"":[80.76989775982888,50.62027826157022]}"
1_1_1092,0.20589999854564667,0.20604999363422394,0.21334999799728394,0.1551000028848648,0.06644999980926514,0.058800000697374344,0.12300000339746475,0.18140000104904175,-0.2686189808983595,0.07815749734535705,Semey,0.34677648544311523,1,"{""type"":""Point"",""coordinates"":[80.81236414457206,50.57550274223988]}"
1_1_1098,0.21979999542236328,0.21279999613761902,0.23569999635219574,0.16234999895095825,0.09139999747276306,0.07930000126361847,0.14614999294281006,0.1817999929189682,-0.23451618677459762,0.05651603785410284,Semey,0.29103222489356995,1,"{""type"":""Point"",""coordinates"":[80.78543764203997,50.52195598961579]}"
1_1_1101,0.2574000060558319,0.20115000009536743,0.28679999709129333,0.1492999941110611,0.11720000207424164,0.07694999873638153,0.14980000257492065,0.1772499978542328,-0.3137883523158746,0.08559180655604563,Semey,0.3993801474571228,1,"{""type"":""Point"",""coordinates"":[80.75989689160517,50.55795323040767]}"
1_1_1103,0.18934999406337738,0.17880000174045563,0.21154999732971191,0.13095000386238098,0.09555000066757202,0.07660000026226044,0.11860000342130661,0.16660000383853912,-0.28153867544135863,0.11981179315576237,Semey,0.4013504683971405,1,"{""type"":""Point"",""coordinates"":[80.7841712372321,50.518419257389255]}"
1_1_1107,0.20555000007152557,0.18324999511241913,0.23749999701976776,0.1281999945640564,0.08205000311136246,0.0674000009894371,0.1200999990105629,0.18035000562667847,-0.3282997743636645,0.16901640262642925,Semey,0.4973161816596985,1,"{""type"":""Point"",""coordinates"":[80.8456445176668,50.501508726107716]}"
1_1_1108,0.23360000550746918,0.19259999692440033,0.2425999939441681,0.1415500044822693,0.10980000346899033,0.07209999859333038,0.14390000700950623,0.16930000483989716,-0.25536865896797756,0.08927135121578084,Semey,0.34464001655578613,1,"{""type"":""Point"",""coordinates"":[80.87085626648559,50.498767060092675]}"
1_1_1111,0.20810000598430634,0.1881999969482422,0.219200000166893,0.1404999941587448,0.06300000101327896,0.052799999713897705,0.13539999723434448,0.18005000054836273,-0.23632262703523663,0.1233817096947872,Semey,0.3597043454647064,1,"{""type"":""Point"",""coordinates"":[80.89020492278928,50.52733051903417]}"
1_1_1112,0.17489999532699585,0.1699499934911728,0.21170000731945038,0.12200000137090683,0.0568000003695488,0.05860000103712082,0.08349999785423279,0.1606999933719635,-0.4342818672709377,0.13689420842139113,Semey,0.5711760520935059,1,"{""type"":""Point"",""coordinates"":[80.75405851858562,50.51273513557057]}"
1_1_1114,0.1843000054359436,0.17945000529289246,0.20960000157356262,0.13300000131130219,0.06379999965429306,0.05920000001788139,0.10559999942779541,0.15139999985694885,-0.3299492443381024,0.06469760362188336,Semey,0.39464685320854187,1,"{""type"":""Point"",""coordinates"":[80.64537247420088,50.463275507209154]}"
1_1_1118,0.19519999623298645,0.17159999907016754,0.1968500018119812,0.13040000200271606,0.07999999821186066,0.05939999967813492,0.12565000355243683,0.16830000281333923,-0.2207751847293457,0.12688316102961783,Semey,0.34765833616256714,1,"{""type"":""Point"",""coordinates"":[80.89473209847827,50.38510675791447]}"
1_1_1123,0.18520000576972961,0.19415000081062317,0.20360000431537628,0.1424500048160553,0.06939999759197235,0.06750000268220901,0.10090000182390213,0.15434999763965607,-0.337274221414955,0.040094315111660055,Semey,0.3773685395717621,1,"{""type"":""Point"",""coordinates"":[80.66189572378512,50.567757931187884]}"
1_1_1125,0.13349999487400055,0.15440000593662262,0.12559999525547028,0.11375000327825546,0.06019999831914902,0.05829999968409538,0.09290000051259995,0.1513500064611435,-0.14965672941055883,0.14183327725958944,Semey,0.29149001836776733,1,"{""type"":""Point"",""coordinates"":[80.6950072192653,50.47667114909704]}"
1_1_1135,0.20399999618530273,0.2206999957561493,0.24379999935626984,0.1670999974012375,0.07000000029802322,0.08420000225305557,0.10620000213384628,0.17264999449253082,-0.3931428475331287,0.016335532667293443,Semey,0.4094783663749695,1,"{""type"":""Point"",""coordinates"":[80.76564502111773,50.635051412151995]}"
1_1_1136,0.1662999987602234,0.15524999797344208,0.16574999690055847,0.11294999718666077,0.05469999834895134,0.03685000166296959,0.10100000351667404,0.16904999315738678,-0.24273661961614554,0.19893616273632675,Semey,0.44167277216911316,1,"{""type"":""Point"",""coordinates"":[80.74467825491222,50.528013791885684]}"
1_1_1139,0.21915000677108765,0.19384999573230743,0.25325000286102295,0.15084999799728394,0.06650000065565109,0.07100000232458115,0.1265999972820282,0.18700000643730164,-0.333421101833088,0.10700017157175161,Semey,0.44042128324508667,1,"{""type"":""Point"",""coordinates"":[80.86567710883463,50.57243766405554]}"
1_1_1143,0.1535000056028366,0.18154999613761902,0.14399999380111694,0.1326500028371811,0.06700000166893005,0.0669500008225441,0.10010000318288803,0.17065000534057617,-0.17984428988381154,0.1252884981167694,Semey,0.30513277649879456,1,"{""type"":""Point"",""coordinates"":[80.94195053011185,50.484742965344594]}"
1_1_1147,0.16099999845027924,0.16425000131130219,0.16459999978542328,0.11935000121593475,0.0689999982714653,0.05779999867081642,0.10220000147819519,0.1595499962568283,-0.23388305101832513,0.14413766728276656,Semey,0.378020703792572,1,"{""type"":""Point"",""coordinates"":[80.74000481338429,50.5517954664422]}"
1_1_1168,0.17229999601840973,0.1339000016450882,0.19814999401569366,0.08460000157356262,0.04515000060200691,0.03739999979734421,0.08780000358819962,0.164450004696846,-0.3859065967902341,0.3206183541974515,Semey,0.7065249681472778,1,"{""type"":""Point"",""coordinates"":[80.88440709617021,50.57859488030999]}"
1_1_1174,0.17810000479221344,0.15324999392032623,0.20110000669956207,0.10684999823570251,0.06129999831318855,0.05000000074505806,0.09319999814033508,0.15389999747276306,-0.3666327107875038,0.18044103551842555,Semey,0.5470737218856812,1,"{""type"":""Point"",""coordinates"":[80.68863356445864,50.6054710329997]}"
1_1_1176,0.19709999859333038,0.13760000467300415,0.22429999709129333,0.08980000019073486,0.0835999995470047,0.0502999983727932,0.10819999873638153,0.15584999322891235,-0.34917293176473624,0.26887846451248787,Semey,0.6180514097213745,1,"{""type"":""Point"",""coordinates"":[80.81287203029335,50.56593648880537]}"
1_1_1179,0.18000000715255737,0.14634999632835388,0.1886499971151352,0.0994499996304512,0.08094999939203262,0.05034999921917915,0.10334999859333038,0.16795000433921814,-0.29212328690226697,0.25617054484612783,Semey,0.5482938289642334,1,"{""type"":""Point"",""coordinates"":[80.81511583415694,50.41914877250325]}"
1_1_1180,0.17229999601840973,0.1764499992132187,0.19439999759197235,0.13154999911785126,0.08389999717473984,0.06665000319480896,0.10599999874830246,0.16484999656677246,-0.294274300667886,0.11234817116648393,Semey,0.4066224694252014,1,"{""type"":""Point"",""coordinates"":[80.70347235081712,50.53405656719658]}"
1_1_1189,0.210999995470047,0.16410000622272491,0.24279999732971191,0.11640000343322754,0.07370000332593918,0.05510000139474869,0.11760000139474869,0.16664999723434448,-0.34739177685370454,0.17753044932910292,Semey,0.524922251701355,1,"{""type"":""Point"",""coordinates"":[80.78558352934022,50.56750791412936]}"
1_1_1190,0.24484999477863312,0.218299999833107,0.25725001096725464,0.1781499981880188,0.15119999647140503,0.13760000467300415,0.14910000562667847,0.20145000517368317,-0.26614987307518884,0.061380418280615634,Semey,0.32753029465675354,1,"{""type"":""Point"",""coordinates"":[80.87441203071812,50.63898834686648]}"
1_1_1191,0.22200000286102295,0.19589999318122864,0.22574999928474426,0.1664000004529953,0.1729000061750412,0.155799999833107,0.1522500067949295,0.2110999971628189,-0.19444442144882568,0.1184105880586396,Semey,0.3128550052642822,1,"{""type"":""Point"",""coordinates"":[80.94060293061433,50.39064137946945]}"
1_1_1192,0.1421000063419342,0.14920000731945038,0.13410000503063202,0.10474999994039536,0.05849999934434891,0.04430000111460686,0.09844999760389328,0.1639000028371811,-0.1533003957121693,0.22017495732452247,Semey,0.3734753429889679,1,"{""type"":""Point"",""coordinates"":[80.91099330952319,50.51041736080034]}"
1_1_1197,0.17955000698566437,0.15815000236034393,0.18524999916553497,0.11580000072717667,0.06530000269412994,0.05169999971985817,0.10785000026226044,0.1678999960422516,-0.2640736917583716,0.18364468067801282,Semey,0.44771838188171387,1,"{""type"":""Point"",""coordinates"":[80.85594214790193,50.524073125757155]}"
1_1_1201,0.15119999647140503,0.17440000176429749,0.1518000066280365,0.12950000166893005,0.0560000017285347,0.065700002014637,0.1014999970793724,0.1624000072479248,-0.19857879515377536,0.11270984780396505,Semey,0.31128865480422974,1,"{""type"":""Point"",""coordinates"":[80.6510226930459,50.47151653361613]}"
1_1_1205,0.21870000660419464,0.19885000586509705,0.22930000722408295,0.15649999678134918,0.07850000262260437,0.05950000137090683,0.1324000060558319,0.16214999556541443,-0.2679015692854327,0.017731049489299103,Semey,0.2856326103210449,1,"{""type"":""Point"",""coordinates"":[80.64540590328447,50.557743021660954]}"
1_1_1211,0.22779999673366547,0.18629999458789825,0.2220499962568283,0.13850000500679016,0.1039000004529953,0.06350000202655792,0.15964999794960022,0.18160000443458557,-0.16347917017122437,0.13464541754625878,Semey,0.2981245815753937,1,"{""type"":""Point"",""coordinates"":[80.90616972361465,50.4158627083871]}"
1_1_1213,0.2134999930858612,0.19009999930858612,0.23149999976158142,0.13644999265670776,0.12600000202655792,0.10239999741315842,0.12610000371932983,0.18905000388622284,-0.2947427153699059,0.16159757845827685,Semey,0.4563402831554413,1,"{""type"":""Point"",""coordinates"":[80.78025754797636,50.52626828457377]}"
1_1_1215,0.22100000083446503,0.21789999306201935,0.2379000037908554,0.1704999953508377,0.1096000000834465,0.11079999804496765,0.1298000067472458,0.1839500069618225,-0.29398964902234687,0.03794614620744325,Semey,0.3319357931613922,1,"{""type"":""Point"",""coordinates"":[80.77471290821556,50.59110955565906]}"
1_1_1217,0.16644999384880066,0.16854999959468842,0.17749999463558197,0.12494999915361404,0.07729999721050262,0.07055000215768814,0.10034999996423721,0.178849995136261,-0.2776677925888107,0.17741934494974843,Semey,0.4550871253013611,1,"{""type"":""Point"",""coordinates"":[80.75238774305518,50.444029354489594]}"
1_1_1220,0.17579999566078186,0.1376499980688095,0.2082500010728836,0.0917000025510788,0.053449999541044235,0.044349998235702515,0.08079999685287476,0.16635000705718994,-0.44092719299290223,0.28928502897338826,Semey,0.7302122116088867,1,"{""type"":""Point"",""coordinates"":[80.85348169433408,50.62167470730709]}"
1_1_1222,0.13279999792575836,0.17790000140666962,0.14970000088214874,0.13819999992847443,0.054999999701976776,0.07190000265836716,0.0771000012755394,0.16179999709129333,-0.3201058153259296,0.0786666579908794,Semey,0.3987724781036377,1,"{""type"":""Point"",""coordinates"":[80.64829179444513,50.47621826486384]}"
1_1_1229,0.23104999959468842,0.20714999735355377,0.2558000087738037,0.15835000574588776,0.14339999854564667,0.12720000743865967,0.14274999499320984,0.18504999577999115,-0.28365327490168896,0.07775186346960823,Semey,0.3614051342010498,1,"{""type"":""Point"",""coordinates"":[80.85149467380046,50.49790224410467]}"
1_1_1231,0.15674999356269836,0.17640000581741333,0.1912499964237213,0.12195000052452087,0.05689999833703041,0.07904999703168869,0.07514999806880951,0.16680000722408295,-0.4358108136453695,0.15532469435848503,Semey,0.5911355018615723,1,"{""type"":""Point"",""coordinates"":[80.86752940706363,50.65289369497436]}"
1_1_1234,0.16095000505447388,0.1855500042438507,0.15665000677108765,0.13600000739097595,0.07400000095367432,0.08169999718666077,0.10409999638795853,0.1670999974012375,-0.20153407381197957,0.10260636594704695,Semey,0.30414044857025146,1,"{""type"":""Point"",""coordinates"":[80.96627764220878,50.43528673002933]}"
1_1_1238,0.2345000058412552,0.18905000388622284,0.2669000029563904,0.13729999959468842,0.07360000163316727,0.05824999883770943,0.1370999962091446,0.16769999265670776,-0.32128714607759573,0.09967211093225917,Semey,0.4209592640399933,1,"{""type"":""Point"",""coordinates"":[80.76294156499577,50.60211640278569]}"
1_1_1240,0.2240999937057495,0.1873999983072281,0.23690000176429749,0.15164999663829803,0.09685000032186508,0.06255000084638596,0.12675000727176666,0.1656000018119812,-0.30290111853567137,0.04397164772837492,Semey,0.3468727767467499,1,"{""type"":""Point"",""coordinates"":[80.74227922288561,50.62341147227621]}"
1_1_1242,0.19040000438690186,0.1972000002861023,0.1915999948978424,0.15665000677108765,0.11860000342130661,0.09700000286102295,0.11845000088214874,0.17065000534057617,-0.23592967266995313,0.042774207306513004,Semey,0.27870386838912964,1,"{""type"":""Point"",""coordinates"":[80.6502060527211,50.440008332262884]}"
1_1_1243,0.13715000450611115,0.13465000689029694,0.15805000066757202,0.10029999911785126,0.0421999990940094,0.04255000129342079,0.06859999895095825,0.15880000591278076,-0.3946613803978166,0.2257815733659031,Semey,0.6204429268836975,1,"{""type"":""Point"",""coordinates"":[80.63364531012304,50.443339756903]}"
1_1_1247,0.21085000038146973,0.16885000467300415,0.24764999747276306,0.12020000070333481,0.1026500016450882,0.08139999955892563,0.11330000311136246,0.16459999978542328,-0.3722122015347886,0.15589887291394536,Semey,0.5281111001968384,1,"{""type"":""Point"",""coordinates"":[80.82417461902509,50.58846918143019]}"
1_1_1250,0.14669999480247498,0.15115000307559967,0.1679999977350235,0.10140000283718109,0.05040000006556511,0.05119999870657921,0.07599999755620956,0.16179999709129333,-0.377049188337093,0.22948326090625443,Semey,0.6065324544906616,1,"{""type"":""Point"",""coordinates"":[80.78866486380504,50.486868859425044]}"
1_1_1251,0.1876000016927719,0.16564999520778656,0.1995999962091446,0.11864999681711197,0.05920000001788139,0.05274999886751175,0.09719999879598618,0.1657000035047531,-0.3450134741794326,0.16546511916435272,Semey,0.5104786157608032,1,"{""type"":""Point"",""coordinates"":[80.87046036304113,50.38178299491199]}"
1_1_1254,0.16459999978542328,0.11469999700784683,0.19910000264644623,0.0746999979019165,0.0551999993622303,0.04190000146627426,0.07880000025033951,0.14925000071525574,-0.432889532717231,0.33288681970825795,Semey,0.7657763361930847,1,"{""type"":""Point"",""coordinates"":[80.84143210619901,50.60809230736191]}"
1_1_1259,0.14765000343322754,0.13474999368190765,0.1676499992609024,0.0885000005364418,0.055149998515844345,0.05079999938607216,0.0771000012755394,0.1659500002861023,-0.36996934744390597,0.3043819984252029,Semey,0.6743513345718384,1,"{""type"":""Point"",""coordinates"":[80.83241566971333,50.45387762900561]}"
1_1_1269,0.16220000386238098,0.17030000686645508,0.15459999442100525,0.121799997985363,0.07840000092983246,0.060350000858306885,0.1096000000834465,0.1660500019788742,-0.1703254930870201,0.15372591279836326,Semey,0.3240514099597931,1,"{""type"":""Point"",""coordinates"":[80.93074395944994,50.52285778725487]}"
1_1_1275,0.15835000574588776,0.15569999814033508,0.17810000479221344,0.11180000007152557,0.07129999995231628,0.06395000219345093,0.08955000340938568,0.16175000369548798,-0.33084251324263064,0.18259916993642425,Semey,0.5134416818618774,1,"{""type"":""Point"",""coordinates"":[80.82548048593856,50.507096296108315]}"
1_1_1283,0.15379999577999115,0.14544999599456787,0.15160000324249268,0.10194999724626541,0.0697999969124794,0.05689999833703041,0.10125000029802322,0.15929999947547913,-0.19912992778108277,0.21952154238798627,Semey,0.4186514616012573,1,"{""type"":""Point"",""coordinates"":[80.91358747764664,50.442392328974556]}"
1_1_1290,0.17030000686645508,0.16220000386238098,0.1688999980688095,0.11630000174045563,0.0892999991774559,0.06930000334978104,0.11729999631643295,0.16654999554157257,-0.18029351070817926,0.17765598120551843,Semey,0.35794949531555176,1,"{""type"":""Point"",""coordinates"":[80.93966296905631,50.47890689679269]}"
1_1_1300,0.1826999932527542,0.16775000095367432,0.19140000641345978,0.11985000222921371,0.08380000293254852,0.07180000096559525,0.10890000313520432,0.16840000450611115,-0.27472527690641385,0.1684301860970179,Semey,0.4431554675102234,1,"{""type"":""Point"",""coordinates"":[80.88236459160333,50.513080777282106]}"
1_1_1303,0.24609999358654022,0.20489999651908875,0.2702000141143799,0.15839999914169312,0.10419999808073044,0.08449999988079071,0.15520000457763672,0.18289999663829803,-0.2703338140189446,0.07178434749351158,Semey,0.34211817383766174,1,"{""type"":""Point"",""coordinates"":[80.7762558141786,50.646696739933105]}"
1_1_1309,0.1535000056028366,0.12110000103712082,0.18815000355243683,0.0778999999165535,0.047600001096725464,0.04430000111460686,0.06310000270605087,0.15639999508857727,-0.4977114337570749,0.3350405328446753,Semey,0.832751989364624,1,"{""type"":""Point"",""coordinates"":[80.89109787442577,50.56994556836384]}"
1_1_1310,0.18285000324249268,0.16349999606609344,0.1894499957561493,0.12120000272989273,0.07654999941587448,0.05874999985098839,0.10634999722242355,0.1647000014781952,-0.28093306459187556,0.15215109516627237,Semey,0.4330841600894928,1,"{""type"":""Point"",""coordinates"":[80.69173728338592,50.43100219509511]}"
1_1_1311,0.21140000224113464,0.18490000069141388,0.22339999675750732,0.1352500021457672,0.11079999804496765,0.06224999949336052,0.13609999418258667,0.18320000171661377,-0.2428372872740018,0.1505730852230364,Semey,0.3934103846549988,1,"{""type"":""Point"",""coordinates"":[80.8664578978946,50.47393437962888]}"
1_1_1315,0.1651500016450882,0.1704999953508377,0.17399999499320984,0.12430000305175781,0.06235000118613243,0.07490000128746033,0.10175000131130219,0.16869999468326569,-0.26201267325538474,0.15153580878748438,Semey,0.41354846954345703,1,"{""type"":""Point"",""coordinates"":[80.69465085489895,50.529904603031454]}"
1_1_1317,0.21870000660419464,0.16705000400543213,0.24650000035762787,0.12030000239610672,0.09780000150203705,0.06499999761581421,0.12610000371932983,0.15649999678134918,-0.32313471637383645,0.13078032692490985,Semey,0.4539150297641754,1,"{""type"":""Point"",""coordinates"":[80.78962526794017,50.546490235676586]}"
1_1_1319,0.17389999330043793,0.16965000331401825,0.18835000693798065,0.11924999952316284,0.07129999995231628,0.05790000036358833,0.1050499975681305,0.17434999346733093,-0.2839127746779401,0.1876702835818941,Semey,0.4715830683708191,1,"{""type"":""Point"",""coordinates"":[80.81770752780206,50.45966832982599]}"
1_1_1320,0.15729999542236328,0.1197500005364418,0.17069999873638153,0.08304999768733978,0.048700001090765,0.031199999153614044,0.08649999648332596,0.14640000462532043,-0.3273717100232819,0.2760950372606958,Semey,0.6034667491912842,1,"{""type"":""Point"",""coordinates"":[80.70300561866337,50.58884743910588]}"
1_1_1321,0.25600001215934753,0.1754000037908554,0.27869999408721924,0.12950000166893005,0.1324000060558319,0.07209999859333038,0.15710000693798065,0.1574999988079071,-0.2790270464965124,0.09756096547894201,Semey,0.37658801674842834,1,"{""type"":""Point"",""coordinates"":[80.79306685145555,50.56792051832303]}"
1_1_1322,0.17810000479221344,0.12645000219345093,0.21240000426769257,0.08299999684095383,0.046799998730421066,0.040800001472234726,0.08529999852180481,0.149399995803833,-0.4269398876551564,0.28571429029418544,Semey,0.712654173374176,1,"{""type"":""Point"",""coordinates"":[80.88323720603324,50.57262149427121]}"
1_1_1327,0.21930000185966492,0.15330000221729279,0.2402999997138977,0.10625000298023224,0.10339999943971634,0.06319999694824219,0.11879999935626984,0.16615000367164612,-0.33834586653364757,0.21989720715376068,Semey,0.5582430958747864,1,"{""type"":""Point"",""coordinates"":[80.86199675275302,50.551002978652654]}"
1_1_1328,0.20100000500679016,0.16234999895095825,0.23970000445842743,0.11354999989271164,0.07339999824762344,0.06019999831914902,0.10700000077486038,0.16300000250339508,-0.3827516633415559,0.1788103496012828,Semey,0.5615620017051697,1,"{""type"":""Point"",""coordinates"":[80.77799609095396,50.619804663638135]}"
1_1_1337,0.14034999907016754,0.14399999380111694,0.1460999995470047,0.10050000250339508,0.044849999248981476,0.04490000009536743,0.07805000245571136,0.1545500010251999,-0.3035913293923092,0.2119192227956389,Semey,0.5155105590820312,1,"{""type"":""Point"",""coordinates"":[80.8882379906454,50.64298695183306]}"
1_1_1344,0.1517000049352646,0.13535000383853912,0.17470000684261322,0.09025000035762787,0.0706000030040741,0.05065000057220459,0.0934000015258789,0.15264999866485596,-0.3032450681798969,0.2568958359750841,Semey,0.5601409077644348,1,"{""type"":""Point"",""coordinates"":[80.89868119533604,50.58720462662584]}"
1_1_1348,0.1684499979019165,0.13165000081062317,0.20374999940395355,0.08839999884366989,0.06480000168085098,0.05104999989271164,0.08184999972581863,0.15700000524520874,-0.4268207284648676,0.27954362371034597,Semey,0.7063643336296082,1,"{""type"":""Point"",""coordinates"":[80.86011613182504,50.58776122214983]}"
1_1_1350,0.1660500019788742,0.18479999899864197,0.17235000431537628,0.1453000009059906,0.09520000219345093,0.08619999885559082,0.10670000314712524,0.16144999861717224,-0.23526249565527435,0.05264872937664714,Semey,0.28791123628616333,1,"{""type"":""Point"",""coordinates"":[80.68888650791511,50.456095385583644]}"
1_1_1359,0.1451999992132187,0.148499995470047,0.12809999287128448,0.10369999706745148,0.06004999950528145,0.045499999076128006,0.1067499965429306,0.17440000176429749,-0.09090907937278196,0.2542251168423041,Semey,0.3451341986656189,1,"{""type"":""Point"",""coordinates"":[80.9075146234084,50.38668610081656]}"
1_1_1360,0.14675000309944153,0.1538500040769577,0.1550000011920929,0.11384999752044678,0.053199999034404755,0.05355000123381615,0.08624999970197678,0.1546500027179718,-0.28497409838478516,0.15195532648527393,Semey,0.4369294345378876,1,"{""type"":""Point"",""coordinates"":[80.62240934434134,50.458025938296686]}"
1_1_1361,0.15995000302791595,0.1143999993801117,0.1886499971151352,0.0771000012755394,0.049949999898672104,0.034699998795986176,0.0729999989271164,0.14935000240802765,-0.44200267509021285,0.3190549788351859,Semey,0.7610576748847961,1,"{""type"":""Point"",""coordinates"":[80.80731173329585,50.587734454234656]}"
1_1_1363,0.15015000104904175,0.15410000085830688,0.13324999809265137,0.11209999769926071,0.05415000021457672,0.05609999969601631,0.10045000165700912,0.15049999952316284,-0.14035086209147457,0.1462300161084051,Semey,0.286580890417099,1,"{""type"":""Point"",""coordinates"":[80.95111374518879,50.386041125489065]}"
1_1_1364,0.21690000593662262,0.20440000295639038,0.21074999868869781,0.15934999287128448,0.09839999675750732,0.07095000147819519,0.14284999668598175,0.19374999403953552,-0.19202489505342968,0.0974228333147438,Semey,0.28944772481918335,1,"{""type"":""Point"",""coordinates"":[80.81177227218691,50.41343133514598]}"
1_1_1369,0.16290000081062317,0.16359999775886536,0.14499999582767487,0.11249999701976776,0.10440000146627426,0.08250000327825546,0.1193000003695488,0.1773499995470047,-0.09723797135036066,0.22373642675651198,Semey,0.3209744095802307,1,"{""type"":""Point"",""coordinates"":[80.9745527083684,50.506561021045705]}"
1_1_1372,0.1793999969959259,0.16865000128746033,0.19280000030994415,0.12610000371932983,0.058400001376867294,0.05999999865889549,0.1031000018119812,0.16439999639987946,-0.30314294645054496,0.13184162707343502,Semey,0.43498456478118896,1,"{""type"":""Point"",""coordinates"":[80.61475486512296,50.42570694961486]}"
1_1_1374,0.22450000047683716,0.1766500025987625,0.24480000138282776,0.14010000228881836,0.1136000007390976,0.07604999840259552,0.13670000433921814,0.1729000061750412,-0.2833551649337834,0.10479234185071941,Semey,0.3881475031375885,1,"{""type"":""Point"",""coordinates"":[80.9539967157334,50.469307712632464]}"
1_1_1375,0.11535000056028366,0.11670000106096268,0.08824999630451202,0.0763000026345253,0.0544000007212162,0.03849999979138374,0.09775000065565109,0.1581999957561493,0.051075293045159294,0.34925370440804626,Semey,0.29817840456962585,1,"{""type"":""Point"",""coordinates"":[80.96940095372503,50.40073117404871]}"
1_1_1376,0.18490000069141388,0.17759999632835388,0.1983499974012375,0.131850004196167,0.09549999982118607,0.07349999994039536,0.1200999990105629,0.1725499927997589,-0.2457214610531394,0.1337056143405174,Semey,0.37942707538604736,1,"{""type"":""Point"",""coordinates"":[80.82293120562676,50.51194089696687]}"
1_1_1383,0.15610000491142273,0.1594499945640564,0.16279999911785126,0.11614999920129776,0.053700000047683716,0.05025000125169754,0.09200000017881393,0.16224999725818634,-0.2778649887538047,0.16558907558606084,Semey,0.4434540569782257,1,"{""type"":""Point"",""coordinates"":[80.72361931156438,50.51152150449126]}"
1_1_1384,0.13695000112056732,0.1384499967098236,0.1530500054359436,0.09440000355243683,0.0494999997317791,0.04410000145435333,0.0771000012755394,0.16204999387264252,-0.3300021809498161,0.2637940768159661,Semey,0.5937962532043457,1,"{""type"":""Point"",""coordinates"":[80.81588045818565,50.4598426687544]}"
1_1_1385,0.14139999449253082,0.15934999287128448,0.1358499974012375,0.11185000091791153,0.06594999879598618,0.045499999076128006,0.09989999979734421,0.16359999775886536,-0.15249203830789934,0.18787437679997657,Semey,0.3403664231300354,1,"{""type"":""Point"",""coordinates"":[80.85770024178555,50.65442647439216]}"
1_1_1391,0.21140000224113464,0.1501999944448471,0.23250000178813934,0.10554999858140945,0.09759999811649323,0.051750000566244125,0.12430000305175781,0.15365000069141388,-0.30325111342118083,0.18557099631538318,Semey,0.4888221025466919,1,"{""type"":""Point"",""coordinates"":[80.88786240021943,50.54420079560847]}"
1_1_1394,0.14669999480247498,0.13815000653266907,0.15610000491142273,0.09369999915361404,0.05530000105500221,0.0466499999165535,0.07540000230073929,0.15710000693798065,-0.3485961127280855,0.25279109347873097,Semey,0.6013872027397156,1,"{""type"":""Point"",""coordinates"":[80.82460134653668,50.522703246289865]}"
1_1_1395,0.19110000133514404,0.18254999816417694,0.19325000047683716,0.13529999554157257,0.05380000174045563,0.052400000393390656,0.11535000056028366,0.18209999799728394,-0.25243032940619814,0.14744802586135544,Semey,0.3998783528804779,1,"{""type"":""Point"",""coordinates"":[80.78238260538299,50.42970677662297]}"
1_1_1397,0.14900000393390656,0.11729999631643295,0.17794999480247498,0.07760000228881836,0.0580499991774559,0.046799998730421066,0.0710500031709671,0.14925000071525574,-0.4293172389620246,0.31584746518672335,Semey,0.745164692401886,1,"{""type"":""Point"",""coordinates"":[80.87609361372819,50.56819347931636]}"
1_1_1403,0.18115000426769257,0.16545000672340393,0.18459999561309814,0.11755000054836273,0.07419999688863754,0.05640000104904175,0.10814999788999557,0.1667499989271164,-0.26114431911095726,0.1730566249367762,Semey,0.4342009425163269,1,"{""type"":""Point"",""coordinates"":[80.7902451125581,50.422932083597765]}"
1_1_1407,0.22589999437332153,0.19095000624656677,0.2143000066280365,0.14925000071525574,0.11749999970197678,0.0917000025510788,0.14835000038146973,0.18244999647140503,-0.18185579752336253,0.10009043122622137,Semey,0.28194624185562134,1,"{""type"":""Point"",""coordinates"":[80.87700987005371,50.41784515537727]}"
1_1_1411,0.17475000023841858,0.12134999781847,0.20160000026226044,0.08129999786615372,0.05689999833703041,0.035999998450279236,0.08709999918937683,0.163100004196167,-0.3966054772787228,0.33469724075188306,Semey,0.7313027381896973,1,"{""type"":""Point"",""coordinates"":[80.79264768364379,50.62136641333435]}"
1_1_1415,0.18029999732971191,0.1425500065088272,0.20454999804496765,0.09080000221729279,0.04724999889731407,0.04360000044107437,0.09714999794960022,0.17000000178813934,-0.35598276937763423,0.30368097528555604,Semey,0.659663736820221,1,"{""type"":""Point"",""coordinates"":[80.89213847988553,50.575150234220175]}"
1_1_1418,0.21580000221729279,0.15015000104904175,0.24860000610351562,0.10570000112056732,0.08259999752044678,0.049300000071525574,0.12309999763965607,0.1537500023841858,-0.3376378993812831,0.18519946276561988,Semey,0.5228373408317566,1,"{""type"":""Point"",""coordinates"":[80.83157286742433,50.593667672695254]}"
1_1_1420,0.18150000274181366,0.1563500016927719,0.2106499969959259,0.11354999989271164,0.057100001722574234,0.04989999905228615,0.0957999974489212,0.15254999697208405,-0.37477566202950174,0.14656143381763415,Semey,0.52133709192276,1,"{""type"":""Point"",""coordinates"":[80.73089158266241,50.610436577662995]}"
1_1_1423,0.1800999939441681,0.1437000036239624,0.21774999797344208,0.09910000115633011,0.04740000143647194,0.048250000923871994,0.08344999700784683,0.15884999930858612,-0.44588314476545127,0.2316340300235146,Semey,0.6775171756744385,1,"{""type"":""Point"",""coordinates"":[80.85081601207494,50.59170442433501]}"
1_1_1426,0.2341500073671341,0.19814999401569366,0.26455000042915344,0.14775000512599945,0.12200000137090683,0.09075000137090683,0.13214999437332153,0.1699499934911728,-0.3337534857336123,0.06987720636386995,Semey,0.40363070368766785,1,"{""type"":""Point"",""coordinates"":[80.78101732161373,50.64722320023157]}"
1_1_1428,0.2543500065803528,0.2272000014781952,0.27959999442100525,0.1772499978542328,0.1234000027179718,0.10249999910593033,0.15015000104904175,0.1899999976158142,-0.3012216282407989,0.03471749467351951,Semey,0.33593910932540894,1,"{""type"":""Point"",""coordinates"":[80.7695445847645,50.55650067857624]}"
1_1_1432,0.22165000438690186,0.17235000431537628,0.24764999747276306,0.1216999962925911,0.09279999881982803,0.06080000102519989,0.11810000240802765,0.16384999454021454,-0.3542036776676959,0.14760987428048275,Semey,0.501813530921936,1,"{""type"":""Point"",""coordinates"":[80.8742534442253,50.54478531181967]}"
1_1_1433,0.1324000060558319,0.13899999856948853,0.12604999542236328,0.09354999661445618,0.06634999811649323,0.04735000059008598,0.08855000138282776,0.16279999911785126,-0.17474368405316035,0.2701384968061757,Semey,0.44488218426704407,1,"{""type"":""Point"",""coordinates"":[80.80055126584617,50.45716806393239]}"
1_1_1438,0.17125000059604645,0.15109999477863312,0.19020000100135803,0.10180000215768814,0.0568000003695488,0.05260000005364418,0.08470000326633453,0.16439999639987946,-0.38377590431861014,0.23516151232680654,Semey,0.6189374327659607,1,"{""type"":""Point"",""coordinates"":[80.8359859150146,50.44411729285369]}"
1_1_1443,0.16775000095367432,0.16539999842643738,0.16779999434947968,0.1200999990105629,0.06419999897480011,0.05694999918341637,0.09974999725818634,0.16529999673366547,-0.25434497935279893,0.1583742060164927,Semey,0.412719190120697,1,"{""type"":""Point"",""coordinates"":[80.73964027981528,50.46079243570715]}"
1_1_1451,0.1858000010251999,0.15195000171661377,0.1995999962091446,0.10625000298023224,0.07020000368356705,0.0625,0.09619999676942825,0.15575000643730164,-0.3495605202641314,0.18893130411374978,Semey,0.5384918451309204,1,"{""type"":""Point"",""coordinates"":[80.89053599671665,50.53870032714615]}"
1_1_1452,0.14399999380111694,0.13490000367164612,0.14470000565052032,0.09049999713897705,0.05290000140666962,0.03844999894499779,0.08990000188350677,0.1703999936580658,-0.23358909636465033,0.3062476019067547,Semey,0.5398367047309875,1,"{""type"":""Point"",""coordinates"":[80.80506738782378,50.39141559212414]}"
1_1_1460,0.22814999520778656,0.17960000038146973,0.2616499960422516,0.13154999911785126,0.10080000013113022,0.07519999891519547,0.12870000302791595,0.1850000023841858,-0.3405917595261404,0.1688516917160418,Semey,0.509443461894989,1,"{""type"":""Point"",""coordinates"":[80.76718977159129,50.56251048931997]}"
1_1_1461,0.18244999647140503,0.16619999706745148,0.1700499951839447,0.12120000272989273,0.0840499997138977,0.05889999866485596,0.11675000190734863,0.16545000672340393,-0.18584377202636362,0.15436944892451074,Semey,0.34021320939064026,1,"{""type"":""Point"",""coordinates"":[80.9150906333552,50.373647475267816]}"
1_1_1474,0.16990000009536743,0.13899999856948853,0.18619999289512634,0.09520000219345093,0.06759999692440033,0.05220000073313713,0.08550000190734863,0.1547500044107437,-0.3706293445496246,0.23824765210585686,Semey,0.6088770031929016,1,"{""type"":""Point"",""coordinates"":[80.77254058429163,50.41503009684626]}"
1_1_1484,0.18490000069141388,0.20954999327659607,0.19099999964237213,0.1615000069141388,0.08275000005960464,0.08009999990463257,0.10689999908208847,0.1790499985218048,-0.2823095029217206,0.05153425731178593,Semey,0.33384376764297485,1,"{""type"":""Point"",""coordinates"":[80.84425721544856,50.45606452534436]}"
1_1_1490,0.1683499962091446,0.1728000044822693,0.18649999797344208,0.133200004696846,0.07135000079870224,0.06830000132322311,0.09939999878406525,0.15105000138282776,-0.3046519768352873,0.0627968207711436,Semey,0.3674488067626953,1,"{""type"":""Point"",""coordinates"":[80.73559861867285,50.5034816416504]}"
1_1_1499,0.19820000231266022,0.18324999511241913,0.22709999978542328,0.13609999418258667,0.06340000033378601,0.05180000141263008,0.1054999977350235,0.14284999668598175,-0.3656043384153193,0.024197894692082812,Semey,0.3898022472858429,1,"{""type"":""Point"",""coordinates"":[80.89230214139604,50.526665462874426]}"
1_2_0,0.30660000443458557,0.25725001096725464,0.2632000148296356,0.22294999659061432,0.13459999859333038,0.11479999870061874,0.23260000348091125,0.21275000274181366,-0.06171845546314178,-0.02341058954424814,Semey,0.03830786421895027,0,"{""type"":""Point"",""coordinates"":[80.41527184201276,50.413738922564505]}"
1_2_3,0.3481999933719635,0.3110499978065491,0.3073999881744385,0.2840999960899353,0.1738000065088272,0.15620000660419464,0.2484000027179718,0.22975000739097595,-0.10615326812390624,-0.10577014368158581,Semey,3.8312445394694805E-4,0,"{""type"":""Point"",""coordinates"":[80.45445186062207,50.47077166138301]}"
1_2_4,0.1910499930381775,0.16975000500679016,0.13535000383853912,0.12800000607967377,0.0632999986410141,0.057750001549720764,0.1628500074148178,0.15219999849796295,0.09221999509890733,0.08636685233023951,Semey,-0.005853142589330673,0,"{""type"":""Point"",""coordinates"":[80.59384962341352,50.52663441171936]}"
1_2_5,0.36629998683929443,0.3183000087738037,0.3077000081539154,0.26829999685287476,0.15620000660419464,0.13259999454021454,0.2345999926328659,0.22574999928474426,-0.13479626666972952,-0.08612488189611901,Semey,0.048671383410692215,0,"{""type"":""Point"",""coordinates"":[80.74619816240707,50.33356590345926]}"
1_2_8,0.313400000333786,0.29510000348091125,0.24410000443458557,0.22294999659061432,0.11940000206232071,0.10010000318288803,0.21930000185966492,0.2073500007390976,-0.053517484329020724,-0.03625376701911393,Semey,0.01726371794939041,0,"{""type"":""Point"",""coordinates"":[80.9603432911098,50.56152757284492]}"
1_2_10,0.21209999918937683,0.22544999420642853,0.1906999945640564,0.1907999962568283,0.09049999713897705,0.10159999877214432,0.1662999987602234,0.18150000274181366,-0.0683473284596657,-0.024979837604159037,Semey,0.04336749017238617,0,"{""type"":""Point"",""coordinates"":[80.66687059739367,50.5394162624075]}"
1_2_12,0.2295999974012375,0.23684999346733093,0.19480000436306,0.20250000059604645,0.09160000085830688,0.10849999636411667,0.2175000011920929,0.2152000069618225,0.05505698889930368,0.030404611290356702,Semey,-0.024652376770973206,0,"{""type"":""Point"",""coordinates"":[80.52227994998465,50.472360286899985]}"
1_2_13,0.3393000066280365,0.30204999446868896,0.2831000089645386,0.24785000085830688,0.1542000025510788,0.12449999898672104,0.24160000681877136,0.22875000536441803,-0.07909281665222179,-0.040075525061917514,Semey,0.039017289876937866,0,"{""type"":""Point"",""coordinates"":[80.90118563064229,50.33308980165297]}"
1_2_14,0.19529999792575836,0.19529999792575836,0.14489999413490295,0.15905000269412994,0.10760000348091125,0.1054999977350235,0.16830000281333923,0.16635000705718994,0.07471267211507426,0.022433940209893886,Semey,-0.052278731018304825,0,"{""type"":""Point"",""coordinates"":[80.51476612524452,50.45687913565232]}"
1_2_15,0.16349999606609344,0.15070000290870667,0.11420000344514847,0.1099499985575676,0.06260000169277191,0.05494999885559082,0.1542000025510788,0.14880000054836273,0.14903128991171702,0.15014493574892818,Semey,0.0011136458488181233,0,"{""type"":""Point"",""coordinates"":[80.62902467604387,50.53358996317379]}"
1_2_17,0.20679999887943268,0.17294999957084656,0.1459999978542328,0.1273999959230423,0.0828000009059906,0.06520000100135803,0.16820000112056732,0.15219999849796295,0.0706556439808106,0.0886981511794248,Semey,0.018042506650090218,0,"{""type"":""Point"",""coordinates"":[80.5675811842111,50.591914998780496]}"
1_2_18,0.2937000095844269,0.29919999837875366,0.26019999384880066,0.28415000438690186,0.09969999641180038,0.10374999791383743,0.2199999988079071,0.16859999299049377,-0.083715109653557,-0.2552181381904899,Semey,-0.17150302231311798,0,"{""type"":""Point"",""coordinates"":[80.96902857458264,50.59431619141729]}"
1_2_19,0.17910000681877136,0.19550000131130219,0.10999999940395355,0.10894999653100967,0.04820000007748604,0.04475000128149986,0.25859999656677246,0.2736000120639801,0.40314703957463044,0.43040128567161356,Semey,0.027254246175289154,0,"{""type"":""Point"",""coordinates"":[80.65464795671316,50.399832858153246]}"
1_2_21,0.2433999925851822,0.2804499864578247,0.20589999854564667,0.287200003862381,0.09939999878406525,0.10209999978542328,0.22589999437332153,0.14920000731945038,0.04631773079122786,-0.31622363200497544,Semey,-0.3625413775444031,0,"{""type"":""Point"",""coordinates"":[80.93854199318389,50.638807196789344]}"
1_2_22,0.3249000012874603,0.2906000018119812,0.25769999623298645,0.2248000055551529,0.14180000126361847,0.12370000034570694,0.2653999924659729,0.2410999983549118,0.014719931942911489,0.034986032760165826,Semey,0.020266100764274597,0,"{""type"":""Point"",""coordinates"":[80.90142065092948,50.30632449502082]}"
1_2_23,0.2451000064611435,0.28174999356269836,0.20839999616146088,0.2980000078678131,0.0851999968290329,0.09144999831914902,0.21809999644756317,0.13854999840259552,0.022743260150520948,-0.365250274138012,Semey,-0.38799354434013367,0,"{""type"":""Point"",""coordinates"":[80.99019130234915,50.58899477537299]}"
1_2_24,0.3422999978065491,0.31040000915527344,0.3089999854564667,0.2713499963283539,0.1469999998807907,0.13439999520778656,0.257099986076355,0.24809999763965607,-0.09167991872457215,-0.04475887757952242,Semey,0.04692104086279869,0,"{""type"":""Point"",""coordinates"":[80.47131741780362,50.68385045142534]}"
1_2_27,0.2955000102519989,0.2874000072479248,0.2531000077724457,0.24285000562667847,0.1225999966263771,0.12039999663829803,0.20909999310970306,0.20055000483989716,-0.09519691600771263,-0.09539918761452075,Semey,-2.02271607122384E-4,0,"{""type"":""Point"",""coordinates"":[80.43248051486772,50.52279920996396]}"
1_2_28,0.27105000615119934,0.3903000056743622,0.19185000658035278,0.4025000035762787,0.08669999986886978,0.14010000228881836,0.33869999647140503,0.21244999766349792,0.2767882179744824,-0.3090495252128277,Semey,-0.585837721824646,0,"{""type"":""Point"",""coordinates"":[80.9704468859648,50.5546003829403]}"
1_2_29,0.3246000111103058,0.24940000474452972,0.2711000144481659,0.20945000648498535,0.1225999966263771,0.08020000159740448,0.23029999434947968,0.18729999661445618,-0.08137219661508271,-0.05582863187773559,Semey,0.025543564930558205,0,"{""type"":""Point"",""coordinates"":[80.98858673640294,50.59793502364236]}"
1_2_30,0.3612000048160553,0.34994998574256897,0.329800009727478,0.3268499970436096,0.18279999494552612,0.17550000548362732,0.2554999887943268,0.2542499899864197,-0.12694348388996837,-0.12493548215040352,Semey,0.002008001785725355,0,"{""type"":""Point"",""coordinates"":[80.69586714310188,50.416950777767966]}"
1_2_32,0.19910000264644623,0.1850000023841858,0.148499995470047,0.14480000734329224,0.06750000268220901,0.06515000015497208,0.16459999978542328,0.1473499983549118,0.05142128572132258,0.008728362012266233,Semey,-0.04269292205572128,0,"{""type"":""Point"",""coordinates"":[80.48478626103592,50.424397241904515]}"
1_2_35,0.15919999778270721,0.15600000321865082,0.1136000007390976,0.11315000057220459,0.06610000133514404,0.06419999897480011,0.16130000352859497,0.16699999570846558,0.1735176502327297,0.19221843959016513,Semey,0.018700789660215378,0,"{""type"":""Point"",""coordinates"":[80.49965274178903,50.58836925559675]}"
1_2_36,0.18080000579357147,0.16820000112056732,0.13204999268054962,0.12804999947547913,0.07180000096559525,0.07320000231266022,0.1574999988079071,0.14955000579357147,0.08789503324289367,0.07744958901299187,Semey,-0.010445443913340569,0,"{""type"":""Point"",""coordinates"":[80.48947407846488,50.572770887907524]}"
1_2_38,0.12675000727176666,0.12995000183582306,0.07739999890327454,0.08560000360012054,0.033149998635053635,0.033900000154972076,0.16359999775886536,0.1543000042438507,0.35767634875296445,0.2863693138701855,Semey,-0.07130703330039978,0,"{""type"":""Point"",""coordinates"":[80.87029740481012,50.659785244966166]}"
1_2_39,0.13740000128746033,0.1440500020980835,0.0966000035405159,0.09035000205039978,0.033399999141693115,0.043150000274181366,0.17229999601840973,0.1774500012397766,0.28151726516200776,0.32524271142371525,Semey,0.04372544586658478,0,"{""type"":""Point"",""coordinates"":[80.83884184724886,50.65564059979385]}"
1_2_41,0.30720001459121704,0.28380000591278076,0.23019999265670776,0.20399999618530273,0.11800000071525574,0.11710000038146973,0.2312999963760376,0.22505000233650208,0.0023835400768596423,0.04906189540548281,Semey,0.04667835682630539,0,"{""type"":""Point"",""coordinates"":[80.80755093900265,50.302292703634755]}"
1_2_43,0.21870000660419464,0.20125000178813934,0.17239999771118164,0.16249999403953552,0.07360000163316727,0.06539999693632126,0.18459999561309814,0.17395000159740448,0.03417366422983285,0.03403182555016155,Semey,-1.4183868188410997E-4,0,"{""type"":""Point"",""coordinates"":[80.65299199762927,50.4970185693644]}"
1_2_44,0.3765999972820282,0.3231000006198883,0.3337000012397766,0.2838999927043915,0.1873999983072281,0.1565999984741211,0.2655999958515167,0.2463500052690506,-0.11363258087566117,-0.0708156295687937,Semey,0.042816951870918274,0,"{""type"":""Point"",""coordinates"":[80.53416796481599,50.31654481903381]}"
1_2_45,0.18709999322891235,0.1598999947309494,0.13750000298023224,0.12285000085830688,0.05820000171661377,0.054099999368190765,0.18209999799728394,0.16349999606609344,0.13954942077797208,0.14195912570070193,Semey,0.0024097049608826637,0,"{""type"":""Point"",""coordinates"":[80.54636758094016,50.44626655381082]}"
1_2_48,0.35109999775886536,0.33774998784065247,0.3122999966144562,0.3139500021934509,0.16200000047683716,0.16760000586509705,0.24779999256134033,0.23749999701976776,-0.11515801696056,-0.13863451860142936,Semey,-0.023476501926779747,0,"{""type"":""Point"",""coordinates"":[80.68064962506192,50.40818686875494]}"
1_2_49,0.17399999499320984,0.19374999403953552,0.13349999487400055,0.1551000028848648,0.11020000278949738,0.11599999666213989,0.17180000245571136,0.17675000429153442,0.12545040260956283,0.06524032224944709,Semey,-0.060210078954696655,0,"{""type"":""Point"",""coordinates"":[80.6106905273349,50.62027388754427]}"
1_2_50,0.1460999995470047,0.13729999959468842,0.09939999878406525,0.09955000132322311,0.05649999901652336,0.05559999868273735,0.15729999542236328,0.15334999561309814,0.22555511470614614,0.2127322852574868,Semey,-0.012822829186916351,0,"{""type"":""Point"",""coordinates"":[80.5448502151596,50.467105003330865]}"
1_2_53,0.2540999948978424,0.266400009393692,0.22529999911785126,0.25279998779296875,0.10119999945163727,0.10090000182390213,0.21150000393390656,0.16329999268054962,-0.03159339534690776,-0.2150925241826949,Semey,-0.18349912762641907,0,"{""type"":""Point"",""coordinates"":[80.97342606855844,50.66303901025458]}"
1_2_54,0.17239999771118164,0.16584999859333038,0.12229999899864197,0.12245000153779984,0.054999999701976776,0.057999998331069946,0.15369999408721924,0.15494999289512634,0.11376810099704968,0.11715930789315437,Semey,0.0033912069629877806,0,"{""type"":""Point"",""coordinates"":[80.64151221599317,50.60624947626181]}"
1_2_56,0.15320000052452087,0.1360500007867813,0.07874999940395355,0.09619999676942825,0.04295000061392784,0.07135000079870224,0.25575000047683716,0.11460000276565552,0.5291479854587832,0.08728655615184155,Semey,-0.44186142086982727,0,"{""type"":""Point"",""coordinates"":[80.82254513663408,50.67927800211955]}"
1_2_57,0.1518000066280365,0.14124999940395355,0.10540000349283218,0.10495000332593918,0.05719999969005585,0.05274999886751175,0.1599999964237213,0.1545500010251999,0.20572717764904425,0.19113678947051238,Semey,-0.014590388163924217,0,"{""type"":""Point"",""coordinates"":[80.50229281330185,50.465353620040716]}"
1_2_59,0.22949999570846558,0.23364999890327454,0.18960000574588776,0.18860000371932983,0.08259999752044678,0.06925000250339508,0.20319999754428864,0.21355000138282776,0.03462319675276083,0.06204152019632553,Semey,0.02741832286119461,0,"{""type"":""Point"",""coordinates"":[80.65309065372244,50.611899098886546]}"
1_2_64,0.2298000007867813,0.2434999942779541,0.17520000040531158,0.22384999692440033,0.12060000002384186,0.17890000343322754,0.29089999198913574,0.22220000624656677,0.24822997955749912,-0.0036991159423916203,Semey,-0.2519291043281555,0,"{""type"":""Point"",""coordinates"":[80.49841095625229,50.35327636925016]}"
1_2_65,0.3246999979019165,0.2980000078678131,0.27459999918937683,0.26170000433921814,0.1225999966263771,0.11469999700784683,0.21940000355243683,0.20065000653266907,-0.11174088123596625,-0.13204281685085859,Semey,-0.02030193619430065,0,"{""type"":""Point"",""coordinates"":[80.68997265044541,50.394532636176116]}"
1_2_66,0.19544999301433563,0.17364999651908875,0.14309999346733093,0.13715000450611115,0.09510000050067902,0.09319999814033508,0.18045000731945038,0.1652500033378601,0.11543815101621037,0.09292327414967418,Semey,-0.02251487597823143,0,"{""type"":""Point"",""coordinates"":[80.54000326245892,50.4274643617769]}"
1_2_69,0.3547999858856201,0.3363499939441681,0.3048500120639801,0.2860499918460846,0.13729999959468842,0.1331000030040741,0.22145000100135803,0.2240999937057495,-0.15846477102836073,-0.12143487189031904,Semey,0.037029899656772614,0,"{""type"":""Point"",""coordinates"":[80.99566562805072,50.37698903151918]}"
1_2_72,0.21899999678134918,0.25075000524520874,0.13570000231266022,0.16920000314712524,0.08240000158548355,0.08410000056028366,0.3021000027656555,0.24580000340938568,0.3800822259543576,0.1845783109688451,Semey,-0.19550392031669617,0,"{""type"":""Point"",""coordinates"":[80.90018798290639,50.65620259463882]}"
1_2_74,0.2689499855041504,0.25029999017715454,0.24549999833106995,0.2102999985218048,0.1356000006198883,0.11420000344514847,0.21735000610351562,0.19099999964237213,-0.06081882242162266,-0.04809369291732915,Semey,0.01272512972354889,0,"{""type"":""Point"",""coordinates"":[80.9501280590781,50.45248581152498]}"
1_2_75,0.3174000084400177,0.2939000129699707,0.27300000190734863,0.27195000648498535,0.1509999930858612,0.14880000054836273,0.2282000035047531,0.2090499997138977,-0.0893854707079654,-0.13076924316104865,Semey,-0.0413837730884552,0,"{""type"":""Point"",""coordinates"":[80.46071059454513,50.42024087324499]}"
1_2_77,0.21729999780654907,0.3197000026702881,0.15389999747276306,0.32519999146461487,0.08139999955892563,0.13120000064373016,0.29840001463890076,0.18610000610351562,0.31947825181676875,-0.27205160575531634,Semey,-0.5915298461914062,0,"{""type"":""Point"",""coordinates"":[80.41709637469349,50.67448444096725]}"
1_2_79,0.16060000658035278,0.1527000069618225,0.11159999668598175,0.11580000072717667,0.06080000102519989,0.060499999672174454,0.15199999511241913,0.14869999885559082,0.1532625177672045,0.12438562639059313,Semey,-0.02887689135968685,0,"{""type"":""Point"",""coordinates"":[80.61185130323845,50.52391364511239]}"
1_2_80,0.3382999897003174,0.30055001378059387,0.29330000281333923,0.25619998574256897,0.13079999387264252,0.1071000024676323,0.20550000667572021,0.19404999911785126,-0.1760224427973769,-0.13803440025430433,Semey,0.03798804432153702,0,"{""type"":""Point"",""coordinates"":[80.98986953775953,50.333224895997986]}"
1_2_82,0.3433000147342682,0.30535000562667847,0.28459998965263367,0.25494998693466187,0.1648000031709671,0.15369999408721924,0.26899999380111694,0.2503499984741211,-0.028179184100029862,-0.009103480295609792,Semey,0.019075702875852585,0,"{""type"":""Point"",""coordinates"":[80.84165784120465,50.34187647019449]}"
1_2_84,0.33709999918937683,0.2992500066757202,0.27889999747276306,0.25780001282691956,0.13079999387264252,0.11150000244379044,0.21369999647140503,0.19380000233650208,-0.13235891555603202,-0.1417183532805189,Semey,-0.009359437972307205,0,"{""type"":""Point"",""coordinates"":[80.57058581604512,50.63665209674133]}"
1_2_85,0.25780001282691956,0.27300000190734863,0.1859000027179718,0.21050000190734863,0.10040000081062317,0.1151999980211258,0.2502000033855438,0.24240000545978546,0.14744324642891507,0.07043498130610042,Semey,-0.07700826227664948,0,"{""type"":""Point"",""coordinates"":[80.8106269920379,50.37128034090908]}"
1_2_87,0.3151000142097473,0.28139999508857727,0.2563999891281128,0.227400004863739,0.12540000677108765,0.10490000247955322,0.21279999613761902,0.1960500031709671,-0.09292411415102854,-0.07403471743517467,Semey,0.018889397382736206,0,"{""type"":""Point"",""coordinates"":[80.48393761135662,50.64375732738958]}"
1_2_88,0.20160000026226044,0.2130499929189682,0.09780000150203705,0.12070000171661377,0.04280000180006027,0.06965000182390213,0.40059998631477356,0.29945001006126404,0.607544125631143,0.4254433019965037,Semey,-0.1821008175611496,0,"{""type"":""Point"",""coordinates"":[80.52327629631816,50.401655011421504]}"
1_2_89,0.2624000012874603,0.2653999924659729,0.19589999318122864,0.19965000450611115,0.062199998646974564,0.08910000324249268,0.288100004196167,0.2521499991416931,0.19049589155895394,0.1162018464181062,Semey,-0.07429404556751251,0,"{""type"":""Point"",""coordinates"":[80.94086538570434,50.68977026458197]}"
1_2_90,0.210099995136261,0.18774999678134918,0.15530000627040863,0.14714999496936798,0.08179999887943268,0.07729999721050262,0.16859999299049377,0.1514499932527542,0.041062015283834456,0.014400530653027196,Semey,-0.02666148543357849,0,"{""type"":""Point"",""coordinates"":[80.5717998104166,50.54314337626556]}"
1_2_92,0.38960000872612,0.3440000116825104,0.3400000035762787,0.2944999933242798,0.1940000057220459,0.1662999987602234,0.2720000147819519,0.2547000050544739,-0.1111110894681761,-0.07246902474016033,Semey,0.03864206373691559,0,"{""type"":""Point"",""coordinates"":[80.77950784803933,50.323164209689565]}"
1_2_94,0.2939000129699707,0.3208000063896179,0.23729999363422394,0.3228999972343445,0.1128000020980835,0.13619999587535858,0.28760001063346863,0.1964000016450882,0.09582780832593078,-0.2435971420416393,Semey,-0.3394249379634857,0,"{""type"":""Point"",""coordinates"":[80.42061593522786,50.64126336318826]}"
1_2_95,0.311599999666214,0.30550000071525574,0.26460000872612,0.2639999985694885,0.1306000053882599,0.13109999895095825,0.2298000007867813,0.20794999599456787,-0.07038836421873204,-0.1187625876056942,Semey,-0.048374224454164505,0,"{""type"":""Point"",""coordinates"":[80.76979801821523,50.370104447308755]}"
1_2_96,0.2621999979019165,0.2896000146865845,0.23100000619888306,0.30000001192092896,0.11140000075101852,0.11079999804496765,0.22669999301433563,0.16474999487400055,-0.009394828909633167,-0.29101670805699925,Semey,-0.28162187337875366,0,"{""type"":""Point"",""coordinates"":[80.51168594458538,50.68027509890648]}"
1_2_98,0.14509999752044678,0.1611499935388565,0.06830000132322311,0.09350000321865082,0.027899999171495438,0.05014999955892563,0.30869999527931213,0.18664999306201935,0.6376657722083183,0.3325004143496243,Semey,-0.3051653504371643,0,"{""type"":""Point"",""coordinates"":[80.66683551032523,50.40208837854653]}"
1_2_99,0.12380000203847885,0.11204999685287476,0.0763000026345253,0.07620000094175339,0.0414000004529953,0.03959999978542328,0.15809999406337738,0.15074999630451202,0.348976077564868,0.328486434312946,Semey,-0.020489642396569252,0,"{""type"":""Point"",""coordinates"":[80.59301245145447,50.47076866029032]}"
1_2_102,0.17339999973773956,0.21060000360012054,0.11079999804496765,0.14855000376701355,0.04960000142455101,0.07349999994039536,0.2531999945640564,0.19449999928474426,0.39120878958929534,0.1339454747382643,Semey,-0.25726330280303955,0,"{""type"":""Point"",""coordinates"":[80.66982377231572,50.65574394695543]}"
1_2_104,0.24050000309944153,0.23684999346733093,0.19539999961853027,0.19499999284744263,0.09080000221729279,0.0872500017285347,0.17260000109672546,0.16015000641345978,-0.06195651760187515,-0.0981275137449209,Semey,-0.036170996725559235,0,"{""type"":""Point"",""coordinates"":[80.6246924586806,50.55478621657755]}"
1_2_105,0.17749999463558197,0.17694999277591705,0.13040000200271606,0.13220000267028809,0.055799998342990875,0.06239999830722809,0.15129999816417694,0.14569999277591705,0.07419238959559349,0.04857859059678267,Semey,-0.025613799691200256,0,"{""type"":""Point"",""coordinates"":[80.5115249188898,50.57616684410995]}"
1_2_106,0.3095000088214874,0.29600000381469727,0.24529999494552612,0.2455500066280365,0.12520000338554382,0.12449999898672104,0.24809999763965607,0.22235000133514404,0.005674914341727604,-0.04958325475112641,Semey,-0.055258169770240784,0,"{""type"":""Point"",""coordinates"":[80.46528528242519,50.383143440597905]}"
1_2_107,0.11789999902248383,0.12925000488758087,0.07339999824762344,0.09025000035762787,0.0340999998152256,0.03929999843239784,0.15330000221729279,0.1521500051021576,0.35244818617472634,0.2553630501250093,Semey,-0.0970851331949234,0,"{""type"":""Point"",""coordinates"":[80.64949748291836,50.64736007126038]}"
1_2_108,0.3027999997138977,0.2795499861240387,0.25540000200271606,0.24469999969005585,0.11720000207424164,0.11230000108480453,0.2125999927520752,0.1886499971151352,-0.09145301224429703,-0.12934118608086081,Semey,-0.03788817301392555,0,"{""type"":""Point"",""coordinates"":[80.50846840783076,50.51345850545169]}"
1_2_109,0.11824999749660492,0.15690000355243683,0.05869999900460243,0.09600000083446503,0.026149999350309372,0.04035000130534172,0.2168000042438507,0.2048500031232834,0.5738657109802991,0.36180821291963594,Semey,-0.21205750107765198,0,"{""type"":""Point"",""coordinates"":[80.91905113696998,50.62509811420232]}"
1_2_111,0.12809999287128448,0.11445000022649765,0.07429999858140945,0.08030000329017639,0.041099999099969864,0.09809999912977219,0.23280000686645508,0.12639999389648438,0.5161185459892599,0.22302850137282446,Semey,-0.2930900454521179,0,"{""type"":""Point"",""coordinates"":[80.72727125740475,50.381073793846554]}"
1_2_112,0.2671000063419342,0.334199994802475,0.22390000522136688,0.34345000982284546,0.09109999984502792,0.12559999525547028,0.23579999804496765,0.18799999356269836,0.025886431888290238,-0.2925016751714552,Semey,-0.31838810443878174,0,"{""type"":""Point"",""coordinates"":[80.6368395287809,50.677554844092604]}"
1_2_115,0.24660000205039978,0.22814999520778656,0.20900000631809235,0.20395000278949738,0.12200000137090683,0.11249999701976776,0.19030000269412994,0.1720999926328659,-0.046831963941653725,-0.08469621205781136,Semey,-0.03786424919962883,0,"{""type"":""Point"",""coordinates"":[80.43358270801265,50.48030352295868]}"
1_2_116,0.23350000381469727,0.23800000548362732,0.1589999943971634,0.16155000030994415,0.10939999669790268,0.10220000147819519,0.2883000075817108,0.2533999979496002,0.2890677679689664,0.22135196535705348,Semey,-0.06771580129861832,0,"{""type"":""Point"",""coordinates"":[80.61626115663537,50.38565467690219]}"
1_2_118,0.35120001435279846,0.31520000100135803,0.2957000136375427,0.26589998602867126,0.1542000025510788,0.13570000231266022,0.23319999873638153,0.2249000072479248,-0.1181698117582471,-0.08353704022493831,Semey,0.03463277220726013,0,"{""type"":""Point"",""coordinates"":[80.8785926207025,50.31204947351871]}"
1_2_119,0.1941000074148178,0.19850000739097595,0.1412000060081482,0.16259999573230743,0.08420000225305557,0.09179999679327011,0.18250000476837158,0.1741500049829483,0.12758726408797255,0.03429846837745714,Semey,-0.09328879415988922,0,"{""type"":""Point"",""coordinates"":[80.6830334631333,50.64835561406699]}"
1_2_120,0.2387000024318695,0.33785000443458557,0.1868000030517578,0.3500500023365021,0.08299999684095383,0.13019999861717224,0.2605000138282776,0.19529999792575836,0.16476639390846684,-0.28376272913967904,Semey,-0.44852912425994873,0,"{""type"":""Point"",""coordinates"":[80.54572591259135,50.65089959667763]}"
1_2_121,0.15960000455379486,0.18219999969005585,0.12094999849796295,0.13689999282360077,0.05575000122189522,0.06920000165700912,0.14745000004768372,0.16545000672340393,0.09873324028805433,0.09442703470341711,Semey,-0.004306205548346043,0,"{""type"":""Point"",""coordinates"":[80.99478984783431,50.49867506833971]}"
1_2_122,0.1696999967098236,0.17694999277591705,0.11330000311136246,0.12494999915361404,0.0560000017285347,0.06440000236034393,0.1720999926328659,0.16459999978542328,0.20602659564928377,0.1369366284824517,Semey,-0.06908996403217316,0,"{""type"":""Point"",""coordinates"":[80.86044244812888,50.665107169995544]}"
1_2_124,0.22779999673366547,0.18799999356269836,0.17350000143051147,0.14945000410079956,0.0957999974489212,0.08089999854564667,0.18790000677108765,0.15164999663829803,0.03984506091251509,0.007306517874786597,Semey,-0.03253854438662529,0,"{""type"":""Point"",""coordinates"":[80.50818586451159,50.5510661804303]}"
1_2_125,0.3174000084400177,0.2808000147342682,0.2702000141143799,0.25255000591278076,0.11999999731779099,0.11249999701976776,0.2175000011920929,0.20125000178813934,-0.10805825562496665,-0.11304540161764613,Semey,-0.004987145774066448,0,"{""type"":""Point"",""coordinates"":[80.44132642720763,50.53160435192226]}"
1_2_127,0.2985999882221222,0.2989499866962433,0.23090000450611115,0.24175000190734863,0.1120000034570694,0.1234000027179718,0.25290000438690186,0.24420000612735748,0.04547333500701892,0.005041679554481812,Semey,-0.04043165594339371,0,"{""type"":""Point"",""coordinates"":[80.45431779568256,50.665773522433476]}"
1_2_128,0.3154500126838684,0.28360000252723694,0.21889999508857727,0.20149999856948853,0.0840499997138977,0.08275000005960464,0.28850001096725464,0.2856999933719635,0.13716991534883607,0.1728242943250982,Semey,0.035654377192258835,0,"{""type"":""Point"",""coordinates"":[80.97355817958578,50.385543696938996]}"
1_2_129,0.2050500065088272,0.225600004196167,0.10154999792575836,0.14720000326633453,0.04879999905824661,0.07429999858140945,0.3255000114440918,0.24905000627040863,0.5244116815470661,0.25703470171053666,Semey,-0.26737698912620544,0,"{""type"":""Point"",""coordinates"":[80.90329123398254,50.671679618061916]}"
1_2_130,0.18459999561309814,0.1578499972820282,0.131400004029274,0.12425000220537186,0.05609999969601631,0.0580499991774559,0.16580000519752502,0.14824999868869781,0.11574697207361033,0.08807338130121915,Semey,-0.027673590928316116,0,"{""type"":""Point"",""coordinates"":[80.44213191673201,50.54749062445291]}"
1_2_132,0.31839999556541443,0.2750000059604645,0.27880001068115234,0.24639999866485596,0.14180000126361847,0.120899997651577,0.23090000450611115,0.21400000154972076,-0.09397685844180868,-0.0703735818853924,Semey,0.023603277280926704,0,"{""type"":""Point"",""coordinates"":[80.4123854942816,50.30219570169378]}"
1_2_141,0.3240000009536743,0.3112500011920929,0.2955000102519989,0.2895500063896179,0.17020000517368317,0.16089999675750732,0.24469999969005585,0.2324499934911728,-0.09403926254535275,-0.10938699791472237,Semey,-0.015347735024988651,0,"{""type"":""Point"",""coordinates"":[80.49059598572022,50.455899323025776]}"
1_2_143,0.1589999943971634,0.14920000731945038,0.10970000177621841,0.1116499975323677,0.05290000140666962,0.05584999918937683,0.16259999573230743,0.15639999508857727,0.19427100418696366,0.16694646069060504,Semey,-0.02732454426586628,0,"{""type"":""Point"",""coordinates"":[80.58532612322895,50.470193629304795]}"
1_2_144,0.15815000236034393,0.17554999887943268,0.06880000233650208,0.08969999849796295,0.025350000709295273,0.03215000033378601,0.32330000400543213,0.2777000069618225,0.649069108779843,0.5117038804302291,Semey,-0.1373652219772339,0,"{""type"":""Point"",""coordinates"":[80.80006084471644,50.66635556781901]}"
1_2_147,0.40860000252723694,0.3721500039100647,0.35510000586509705,0.32144999504089355,0.20919999480247498,0.17910000681877136,0.3046000003814697,0.29330000281333923,-0.07654995453304975,-0.04579095945638237,Semey,0.030758995562791824,0,"{""type"":""Point"",""coordinates"":[80.54963562987388,50.36529670109029]}"
1_2_148,0.27425000071525574,0.24774999916553497,0.22779999673366547,0.20884999632835388,0.11069999635219574,0.10830000042915344,0.1976500004529953,0.17550000548362732,-0.07086613345878633,-0.08676984698192072,Semey,-0.015903713181614876,0,"{""type"":""Point"",""coordinates"":[80.5108219380904,50.42874821680262]}"
1_2_149,0.13740000128746033,0.13840000331401825,0.09120000153779984,0.09745000302791595,0.05460000038146973,0.05169999971985817,0.15600000321865082,0.1400499939918518,0.26213592408581876,0.1793683852568223,Semey,-0.0827675387263298,0,"{""type"":""Point"",""coordinates"":[80.56392501723997,50.559963951765674]}"
1_2_150,0.13099999725818634,0.15070000290870667,0.06080000102519989,0.08285000175237656,0.03200000151991844,0.04944999888539314,0.3553999960422516,0.24740000069141388,0.7078327657203403,0.4982588878770538,Semey,-0.2095738798379898,0,"{""type"":""Point"",""coordinates"":[80.83403721243347,50.36011041736442]}"
1_2_151,0.11599999666213989,0.11429999768733978,0.06599999964237213,0.07209999859333038,0.030899999663233757,0.03629999980330467,0.18655000627040863,0.16599999368190765,0.4773312366093112,0.3943721047249387,Semey,-0.0829591304063797,0,"{""type"":""Point"",""coordinates"":[80.85653885476134,50.69213616891486]}"
1_2_152,0.3278000056743622,0.3000499904155731,0.28220000863075256,0.26545000076293945,0.14880000054836273,0.13779999315738678,0.23469999432563782,0.20280000567436218,-0.09189401051158866,-0.1337960367907994,Semey,-0.041902028024196625,0,"{""type"":""Point"",""coordinates"":[80.77623283837563,50.35454137694652]}"
1_2_155,0.2354000061750412,0.22290000319480896,0.17229999601840973,0.1729000061750412,0.10050000250339508,0.09634999930858612,0.18369999527931213,0.164900004863739,0.032022470616772054,-0.02368265556505197,Semey,-0.055705126374959946,0,"{""type"":""Point"",""coordinates"":[80.56842032798241,50.58342344192528]}"
1_2_157,0.13840000331401825,0.13574999570846558,0.09030000120401382,0.0904499962925911,0.04320000112056732,0.040800001472234726,0.15680000185966492,0.15649999678134918,0.26912181234782806,0.26746305868079856,Semey,-0.0016587537247687578,0,"{""type"":""Point"",""coordinates"":[80.61468786183595,50.62288939365686]}"
1_2_159,0.31310001015663147,0.28700000047683716,0.2630000114440918,0.24674999713897705,0.12240000069141388,0.11550000309944153,0.22030000388622284,0.2102999985218048,-0.08835093358870545,-0.07975057206701099,Semey,0.00860036164522171,0,"{""type"":""Point"",""coordinates"":[80.7715460062099,50.39562282327036]}"
1_2_160,0.21809999644756317,0.20239999890327454,0.16609999537467957,0.16545000672340393,0.08299999684095383,0.07509999722242355,0.15680000185966492,0.15440000593662262,-0.028801466691451172,-0.03454744520684614,Semey,-0.005745978560298681,0,"{""type"":""Point"",""coordinates"":[80.64567657254743,50.480410585268444]}"
1_2_161,0.24140000343322754,0.2093999981880188,0.18940000236034393,0.17315000295639038,0.09300000220537186,0.10000000149011612,0.1860000044107437,0.164450004696846,-0.009057000235147782,-0.02577013644051963,Semey,-0.016713136807084084,0,"{""type"":""Point"",""coordinates"":[80.49976403608014,50.557184385287506]}"
1_2_165,0.12890000641345978,0.14350000023841858,0.09350000321865082,0.10275000333786011,0.03734999895095825,0.0515500009059906,0.13944999873638153,0.15850000083446503,0.19725260842281814,0.21339711619614457,Semey,0.016144508495926857,0,"{""type"":""Point"",""coordinates"":[80.4559567474664,50.566180585555514]}"
1_2_167,0.1808999925851822,0.1655000001192093,0.13089999556541443,0.12399999797344208,0.08079999685287476,0.0754999965429306,0.17059999704360962,0.15919999778270721,0.13167496667131576,0.12429378649982137,Semey,-0.007381180301308632,0,"{""type"":""Point"",""coordinates"":[80.63031095537578,50.483463259577896]}"
1_2_169,0.2558000087738037,0.39135000109672546,0.16625000536441803,0.4064500033855438,0.06475000083446503,0.14010000228881836,0.3643999993801117,0.2152000069618225,0.3734099542900952,-0.3076489877589713,Semey,-0.681058943271637,0,"{""type"":""Point"",""coordinates"":[80.97513639503278,50.550371739030396]}"
1_2_170,0.31619998812675476,0.28505000472068787,0.25999999046325684,0.23884999752044678,0.15940000116825104,0.13699999451637268,0.2590000033378601,0.24265000224113464,-0.0019267574900587146,0.007892013961722677,Semey,0.009818771854043007,0,"{""type"":""Point"",""coordinates"":[80.5188911802909,50.389165114350575]}"
1_2_176,0.2476000040769577,0.28610000014305115,0.20730000734329224,0.298550009727478,0.10440000146627426,0.09830000251531601,0.22609999775886536,0.14945000410079956,0.0433779192299311,-0.3328125022867295,Semey,-0.3761904239654541,0,"{""type"":""Point"",""coordinates"":[80.9377005777441,50.64648560347698]}"
1_2_178,0.3084000051021576,0.294950008392334,0.2669999897480011,0.2662000060081482,0.13519999384880066,0.1362999975681305,0.23399999737739563,0.22554999589920044,-0.06586824993739132,-0.08266397549827907,Semey,-0.016795724630355835,0,"{""type"":""Point"",""coordinates"":[80.43448115417748,50.40120821861645]}"
1_2_179,0.25130000710487366,0.2542000114917755,0.19110000133514404,0.1920499950647354,0.05350000038743019,0.06949999928474426,0.22869999706745148,0.22519999742507935,0.08956645039395256,0.07944877880651642,Semey,-0.010117671452462673,0,"{""type"":""Point"",""coordinates"":[80.75873926123975,50.399579459805544]}"
1_2_181,0.24560000002384186,0.31349998712539673,0.17389999330043793,0.32144999504089355,0.07859999686479568,0.12139999866485596,0.30140000581741333,0.1757500022649765,0.268251657381892,-0.29304101682503547,Semey,-0.5612926483154297,0,"{""type"":""Point"",""coordinates"":[80.60739522331684,50.68242883675896]}"
1_2_184,0.28360000252723694,0.3472999930381775,0.21780000627040863,0.35929998755455017,0.09300000220537186,0.13349999487400055,0.2946000099182129,0.19920000433921814,0.14988290636496218,-0.2866606724065709,Semey,-0.4365435838699341,0,"{""type"":""Point"",""coordinates"":[80.50896839825342,50.640991650402164]}"
1_2_189,0.0949999988079071,0.09149999916553497,0.0803999975323677,0.08945000171661377,0.031599998474121094,0.1031000018119812,0.11389999836683273,0.07859999686479568,0.17241380103705337,-0.06456414723837056,Semey,-0.2369779497385025,0,"{""type"":""Point"",""coordinates"":[80.59392831398765,50.39407878403612]}"
1_2_191,0.28110000491142273,0.3403500020503998,0.21469999849796295,0.34139999747276306,0.10040000081062317,0.15129999816417694,0.29670000076293945,0.21490000188350677,0.1603441579653627,-0.22739528264540265,Semey,-0.3877394497394562,0,"{""type"":""Point"",""coordinates"":[80.97083327280063,50.33713981133152]}"
1_2_192,0.20819999277591705,0.22669999301433563,0.09799999743700027,0.1273999959230423,0.03530000150203705,0.06459999829530716,0.4318000078201294,0.31005001068115234,0.630049088469006,0.4175334598254379,Semey,-0.21251562237739563,0,"{""type"":""Point"",""coordinates"":[80.65275348598206,50.37853170872888]}"
1_2_194,0.2651999890804291,0.34325000643730164,0.20059999823570251,0.3541499972343445,0.08810000121593475,0.13230000436306,0.29409998655319214,0.19715000689029694,0.1890034186222772,-0.28478140607550584,Semey,-0.47378483414649963,0,"{""type"":""Point"",""coordinates"":[80.61893688344166,50.669294379953385]}"
1_2_197,0.1306000053882599,0.1408499926328659,0.09300000220537186,0.10114999860525131,0.05040000006556511,0.0458500012755394,0.14920000731945038,0.1529500037431717,0.23203964865376597,0.20385676764729813,Semey,-0.028182880952954292,0,"{""type"":""Point"",""coordinates"":[80.42384611818404,50.56814125280038]}"
1_2_200,0.18799999356269836,0.18115000426769257,0.1404999941587448,0.14024999737739563,0.06210000067949295,0.06459999829530716,0.1753000020980835,0.16795000433921814,0.11019635323566357,0.0898767255273812,Semey,-0.020319627597928047,0,"{""type"":""Point"",""coordinates"":[80.59805367982167,50.47841756636481]}"
1_2_201,0.2070000022649765,0.20469999313354492,0.15880000591278076,0.16335000097751617,0.06669999659061432,0.06930000334978104,0.1785999983549118,0.16885000467300415,0.058684031392073614,0.01655630223340233,Semey,-0.04212772846221924,0,"{""type"":""Point"",""coordinates"":[80.60784242108541,50.51716306681159]}"
1_2_202,0.14480000734329224,0.1485999971628189,0.09390000253915787,0.10480000078678131,0.044849999248981476,0.04235000163316727,0.15209999680519104,0.15084999799728394,0.236585343175409,0.1801290726756418,Semey,-0.056456271559000015,0,"{""type"":""Point"",""coordinates"":[80.7748014384987,50.66007603412064]}"
1_2_203,0.20640000700950623,0.1935500055551529,0.15299999713897705,0.15539999306201935,0.06939999759197235,0.06889999657869339,0.17350000143051147,0.16369999945163727,0.0627871497131766,0.026010675601199528,Semey,-0.036776475608348846,0,"{""type"":""Point"",""coordinates"":[80.63266267131485,50.48810101881208]}"
1_2_206,0.3188000023365021,0.2893500030040741,0.26080000400543213,0.2483000010251999,0.15279999375343323,0.1492999941110611,0.2515000104904175,0.23884999752044678,-0.018153412554880947,-0.01939854979567989,Semey,-0.0012451371876522899,0,"{""type"":""Point"",""coordinates"":[80.40689805593396,50.3341546496056]}"
1_2_209,0.31619998812675476,0.27970001101493835,0.25110000371932983,0.2298000007867813,0.12319999933242798,0.10599999874830246,0.21690000593662262,0.18549999594688416,-0.07307691683136748,-0.10666988969014375,Semey,-0.03359297290444374,0,"{""type"":""Point"",""coordinates"":[80.50309763476467,50.665141860597174]}"
1_2_211,0.15839999914169312,0.15254999697208405,0.10920000076293945,0.10805000364780426,0.05220000073313713,0.052650000900030136,0.16040000319480896,0.15674999356269836,0.1899109854608665,0.18391235055859942,Semey,-0.005998634733259678,0,"{""type"":""Point"",""coordinates"":[80.62718166165573,50.60422044352802]}"
1_2_213,0.32429999113082886,0.30480000376701355,0.2786000072956085,0.2771500051021576,0.1518000066280365,0.14949999749660492,0.2281000018119812,0.2214999943971634,-0.09966450478769272,-0.11160134515365618,Semey,-0.01193684060126543,0,"{""type"":""Point"",""coordinates"":[80.70061353071499,50.41209753034974]}"
1_2_215,0.29429998993873596,0.2791000008583069,0.23190000653266907,0.22390000522136688,0.12219999730587006,0.11320000141859055,0.20350000262260437,0.1829500049352646,-0.06522738473332604,-0.10065134389535133,Semey,-0.03542396053671837,0,"{""type"":""Point"",""coordinates"":[80.6803203352735,50.68399568458901]}"
1_2_216,0.30489999055862427,0.3266499936580658,0.2517000138759613,0.30674999952316284,0.11580000072717667,0.15320000052452087,0.2612000107765198,0.2292499989271164,0.018522122136756105,-0.14458955376888039,Semey,-0.16311167180538177,0,"{""type"":""Point"",""coordinates"":[80.96160475215832,50.30660309163398]}"
1_2_217,0.3343000113964081,0.29499998688697815,0.2705000042915344,0.24324999749660492,0.1395999938249588,0.1289999932050705,0.2329999953508377,0.21244999766349792,-0.07447866726381801,-0.06758832600444929,Semey,0.0068903411738574505,0,"{""type"":""Point"",""coordinates"":[80.44218231353692,50.60178967375847]}"
1_2_219,0.17069999873638153,0.15684999525547028,0.11860000342130661,0.11824999749660492,0.04780000075697899,0.04724999889731407,0.17560000717639923,0.16459999978542328,0.1937457569742763,0.16386778410537875,Semey,-0.029877973720431328,0,"{""type"":""Point"",""coordinates"":[80.52112045008043,50.48721942851936]}"
1_2_220,0.289249986410141,0.268449991941452,0.22875000536441803,0.2374500036239624,0.10019999742507935,0.0940999984741211,0.24120000004768372,0.1766500025987625,0.02649216840065406,-0.14682443881079885,Semey,-0.1733166128396988,0,"{""type"":""Point"",""coordinates"":[80.98090725667089,50.596673058935664]}"
1_2_223,0.27489998936653137,0.2946000099182129,0.2483000010251999,0.30730000138282776,0.11580000072717667,0.11869999766349792,0.2240000069141388,0.1691499948501587,-0.05145033602070602,-0.2899569894531241,Semey,-0.23850665986537933,0,"{""type"":""Point"",""coordinates"":[80.50121461673588,50.674847462165424]}"
1_2_225,0.33009999990463257,0.3039500117301941,0.2784999907016754,0.2757999897003174,0.15379999577999115,0.14079999923706055,0.2387000024318695,0.21875,-0.07695280123394985,-0.11535737718827571,Semey,-0.03840457648038864,0,"{""type"":""Point"",""coordinates"":[80.48102326200336,50.52408936987936]}"
1_2_227,0.2685999870300293,0.24085000157356262,0.21860000491142273,0.2004999965429306,0.1273999959230423,0.11240000277757645,0.21220000088214874,0.1907999962568283,-0.014856090861662402,-0.024789165511347466,Semey,-0.009933074936270714,0,"{""type"":""Point"",""coordinates"":[80.54767226489513,50.52255887459409]}"
1_2_228,0.3328999876976013,0.3127500116825104,0.28630000352859497,0.2761000096797943,0.12520000338554382,0.1200999990105629,0.22310000658035278,0.19859999418258667,-0.12406752197497073,-0.16326103826970995,Semey,-0.03919351473450661,0,"{""type"":""Point"",""coordinates"":[80.48097817167688,50.60996518459917]}"
1_2_229,0.2554999887943268,0.24564999341964722,0.1678999960422516,0.16300000250339508,0.0640999972820282,0.07159999758005142,0.31349998712539673,0.23925000429153442,0.30245117609910616,0.1895587333750183,Semey,-0.11289244145154953,0,"{""type"":""Point"",""coordinates"":[80.81016451521668,50.34907760643809]}"
1_2_230,0.17829999327659607,0.18029999732971191,0.1274999976158142,0.13439999520778656,0.06289999932050705,0.07410000264644623,0.18629999458789825,0.18645000457763672,0.1873804921381652,0.16222536825513464,Semey,-0.025155123323202133,0,"{""type"":""Point"",""coordinates"":[80.7772843722564,50.69750166610412]}"
1_2_233,0.15395000576972961,0.16064999997615814,0.10625000298023224,0.11704999953508377,0.05139999836683273,0.05404999852180481,0.1587499976158142,0.16279999911785126,0.19811318685848042,0.16348043524383155,Semey,-0.03463274985551834,0,"{""type"":""Point"",""coordinates"":[80.44111124414835,50.55292191116742]}"
1_2_234,0.2999500036239624,0.2822999954223633,0.25540000200271606,0.22280000150203705,0.13179999589920044,0.10909999907016754,0.23804999887943268,0.22689999639987946,-0.035160610177863004,0.00911717793411387,Semey,0.04427778720855713,0,"{""type"":""Point"",""coordinates"":[80.92480959167017,50.58740713792976]}"
1_2_236,0.08869999647140503,0.09099999815225601,0.04544999822974205,0.05270000174641609,0.024949999526143074,0.02775000035762787,0.17235000431537628,0.1595499962568283,0.5826446492320232,0.5034157621465746,Semey,-0.07922888547182083,0,"{""type"":""Point"",""coordinates"":[80.92022376821171,50.63484963435652]}"
1_2_237,0.23980000615119934,0.21719999611377716,0.21040000021457672,0.20205000042915344,0.11779999732971191,0.11800000071525574,0.19979999959468842,0.1733500063419342,-0.025841054668008522,-0.07645176763334476,Semey,-0.05061071366071701,0,"{""type"":""Point"",""coordinates"":[80.42294095676407,50.38585037700391]}"
1_2_238,0.2703999876976013,0.3078500032424927,0.22460000216960907,0.29385000467300415,0.11240000277757645,0.1623000055551529,0.3280999958515167,0.21490000188350677,0.1872625186402689,-0.15518427866738074,Semey,-0.34244680404663086,0,"{""type"":""Point"",""coordinates"":[80.60905796680083,50.380525165697634]}"
1_2_239,0.13529999554157257,0.1441500037908554,0.09539999812841415,0.09849999845027924,0.043299999088048935,0.04610000178217888,0.17239999771118164,0.1652500033378601,0.287528008883496,0.2530805855356873,Semey,-0.03444742411375046,0,"{""type"":""Point"",""coordinates"":[80.67449699585761,50.63853316669692]}"
1_2_241,0.1906999945640564,0.18764999508857727,0.0851999968290329,0.10125000029802322,0.03519999980926514,0.03269999846816063,0.4036000072956085,0.29499998688697815,0.6513911779456232,0.4889589725046397,Semey,-0.1624322086572647,0,"{""type"":""Point"",""coordinates"":[80.48467626281422,50.41061755941882]}"
1_2_242,0.33869999647140503,0.2950499951839447,0.2736999988555908,0.24169999361038208,0.13359999656677246,0.1046999990940094,0.24819999933242798,0.21975000202655792,-0.0488599341094005,-0.04756743263921057,Semey,0.0012925014598295093,0,"{""type"":""Point"",""coordinates"":[80.48807588484841,50.61730174243226]}"
1_2_243,0.24469999969005585,0.30300000309944153,0.17659999430179596,0.28850001096725464,0.08720000088214874,0.10429999977350235,0.27489998936653137,0.20305000245571136,0.21771871233764375,-0.17383787239980353,Semey,-0.39155659079551697,0,"{""type"":""Point"",""coordinates"":[80.41108367802386,50.661576383502194]}"
1_2_245,0.27079999446868896,0.2959499955177307,0.1972000002861023,0.29864999651908875,0.07660000026226044,0.1151999980211258,0.2994999885559082,0.16664999723434448,0.20595931259894856,-0.2836879455336771,Semey,-0.4896472692489624,0,"{""type"":""Point"",""coordinates"":[80.98644043473013,50.67014380843554]}"
1_2_247,0.3133000135421753,0.27720001339912415,0.26930001378059387,0.2513999938964844,0.1526000052690506,0.14079999923706055,0.22910000383853912,0.20640000700950623,-0.08065812303557093,-0.09829617037554116,Semey,-0.01763804815709591,0,"{""type"":""Point"",""coordinates"":[80.42817821740366,50.492079591776886]}"
1_2_248,0.34950000047683716,0.31095001101493835,0.28189998865127563,0.24789999425411224,0.13519999384880066,0.10999999940395355,0.2290000021457672,0.2131499946117401,-0.10354274311686798,-0.07537143581296785,Semey,0.02817130647599697,0,"{""type"":""Point"",""coordinates"":[80.99853438534052,50.336679072299866]}"
1_2_249,0.2962000072002411,0.2727000117301941,0.26019999384880066,0.24265000224113464,0.12430000305175781,0.11990000307559967,0.21044999361038208,0.18774999678134918,-0.10570487955815183,-0.12755577505686175,Semey,-0.021850895136594772,0,"{""type"":""Point"",""coordinates"":[80.49261949545418,50.430007499133865]}"
1_2_251,0.1944500058889389,0.18970000743865967,0.14865000545978546,0.149849995970726,0.06390000134706497,0.06930000334978104,0.16044999659061432,0.14949999749660492,0.038175318837121296,-0.0011691948613965486,Semey,-0.039344511926174164,0,"{""type"":""Point"",""coordinates"":[80.54879928586134,50.56265485402442]}"
1_2_252,0.32580000162124634,0.28630000352859497,0.2946000099182129,0.25999999046325684,0.19020000100135803,0.16580000519752502,0.25920000672340393,0.24089999496936798,-0.06392199734749653,-0.03813135565853987,Semey,0.025790641084313393,0,"{""type"":""Point"",""coordinates"":[80.42694909093659,50.37032893209944]}"
1_2_254,0.13510000705718994,0.14225000143051147,0.08410000056028366,0.09910000115633011,0.04230000078678131,0.049949999898672104,0.15299999713897705,0.15489999949932098,0.29059467417661733,0.21968503227934702,Semey,-0.07090964168310165,0,"{""type"":""Point"",""coordinates"":[80.71874685578472,50.634253003927654]}"
1_2_255,0.2858999967575073,0.289249986410141,0.25220000743865967,0.2890999913215637,0.133200004696846,0.11540000140666962,0.24379999935626984,0.17315000295639038,-0.016935499934101417,-0.25083826890315075,Semey,-0.23390276730060577,0,"{""type"":""Point"",""coordinates"":[80.43236541085457,50.688530965721846]}"
1_2_258,0.06350000202655792,0.07670000195503235,0.02879999950528145,0.05090000107884407,0.02199999988079071,0.06080000102519989,0.13670000433921814,0.13609999418258667,0.6519637602867812,0.4556149479289069,Semey,-0.19634881615638733,0,"{""type"":""Point"",""coordinates"":[80.82846304826568,50.3578711401616]}"
1_2_259,0.22290000319480896,0.20284999907016754,0.16899999976158142,0.16214999556541443,0.09300000220537186,0.09435000270605087,0.18129999935626984,0.16504999995231628,0.035112759422389644,0.008863094213412685,Semey,-0.026249665766954422,0,"{""type"":""Point"",""coordinates"":[80.44013932434756,50.48508081887765]}"
1_2_260,0.16940000653266907,0.16615000367164612,0.12319999933242798,0.12290000170469284,0.06360000371932983,0.06554999947547913,0.1527000069618225,0.14990000426769257,0.10692282332872598,0.09897361426646319,Semey,-0.007949208840727806,0,"{""type"":""Point"",""coordinates"":[80.61139273868909,50.491538716890425]}"
1_2_261,0.2955999970436096,0.2687999904155731,0.23440000414848328,0.22314999997615814,0.12460000067949295,0.11140000075101852,0.21629999577999115,0.18950000405311584,-0.040159770071809577,-0.08154609377067913,Semey,-0.04138632491230965,0,"{""type"":""Point"",""coordinates"":[80.4580456668786,50.50587880595777]}"
1_2_263,0.29589998722076416,0.2737500071525574,0.262800008058548,0.28984999656677246,0.10090000182390213,0.08919999748468399,0.21660000085830688,0.13650000095367432,-0.09637047630563107,-0.3596810050544068,Semey,-0.2633105218410492,0,"{""type"":""Point"",""coordinates"":[80.99089405949195,50.5597058727207]}"
1_2_264,0.3269999921321869,0.2975499927997589,0.2750000059604645,0.2506999969482422,0.1340000033378601,0.12610000371932983,0.20759999752044678,0.20784999430179596,-0.13966019053848522,-0.09344674182554062,Semey,0.04621344804763794,0,"{""type"":""Point"",""coordinates"":[80.6608062762376,50.37004592761642]}"
1_2_266,0.1648000031709671,0.14920000731945038,0.11309999972581863,0.11060000211000443,0.061799999326467514,0.05665000155568123,0.17339999973773956,0.1590999960899353,0.2104712046241762,0.17982941899753307,Semey,-0.030641784891486168,0,"{""type"":""Point"",""coordinates"":[80.54192479049685,50.490904856299274]}"
1_2_267,0.3490000069141388,0.2874000072479248,0.3075000047683716,0.25334998965263367,0.17319999635219574,0.14159999787807465,0.2535000145435333,0.22759999334812164,-0.09625666375390146,-0.05353986321790053,Semey,0.042716801166534424,0,"{""type"":""Point"",""coordinates"":[80.4725044998594,50.33208923323609]}"
1_2_268,0.21850000321865082,0.2468000054359436,0.15410000085830688,0.18790000677108765,0.08020000159740448,0.09939999878406525,0.22949999570846558,0.1878499984741211,0.1965589038711943,-1.330892781596053E-4,Semey,-0.19669198989868164,0,"{""type"":""Point"",""coordinates"":[80.5622645451568,50.6984346232669]}"
1_2_269,0.3249000012874603,0.33515000343322754,0.2989000082015991,0.3000999987125397,0.18019999563694,0.18230000138282776,0.24740000069141388,0.25200000405311584,-0.09427055953109267,-0.08712188809721916,Semey,0.007148671429604292,0,"{""type"":""Point"",""coordinates"":[80.92829934084627,50.53021990821502]}"
1_2_270,0.2563999891281128,0.304500013589859,0.21529999375343323,0.30695000290870667,0.10939999669790268,0.1234000027179718,0.23330000042915344,0.17739999294281006,0.0401248482147638,-0.2674718923825731,Semey,-0.30759674310684204,0,"{""type"":""Point"",""coordinates"":[80.58598541777786,50.672960935218484]}"
1_2_271,0.19769999384880066,0.1785999983549118,0.1559000015258789,0.14534999430179596,0.09700000286102295,0.09080000221729279,0.18289999663829803,0.1624000072479248,0.07969302024416001,0.05540215389202592,Semey,-0.024290867149829865,0,"{""type"":""Point"",""coordinates"":[80.42753354606118,50.43284682907477]}"
1_2_272,0.3165999948978424,0.29319998621940613,0.2815000116825104,0.263700008392334,0.14659999310970306,0.13519999384880066,0.22110000252723694,0.2057500034570694,-0.12017510435259764,-0.12344233352337114,Semey,-0.0032672290690243244,0,"{""type"":""Point"",""coordinates"":[80.48143837558017,50.45676501961948]}"
1_2_274,0.32839998602867126,0.28369998931884766,0.2867000102996826,0.24969999492168427,0.12559999525547028,0.10440000146627426,0.2053000032901764,0.18584999442100525,-0.16544716414858252,-0.14659626234186868,Semey,0.01885090209543705,0,"{""type"":""Point"",""coordinates"":[80.48323020726934,50.65303271978282]}"
1_2_275,0.29954999685287476,0.3068999946117401,0.27764999866485596,0.29670000076293945,0.10980000346899033,0.12389999628067017,0.18885000050067902,0.1808999925851822,-0.19035369415438466,-0.24246233205734338,Semey,-0.05210863798856735,0,"{""type"":""Point"",""coordinates"":[80.94944903201919,50.61992396237197]}"
1_2_276,0.3192000091075897,0.3174999952316284,0.26759999990463257,0.2811500132083893,0.10779999941587448,0.1412000060081482,0.24719999730587006,0.23315000534057617,-0.03962704488986412,-0.0933307527447486,Semey,-0.053703706711530685,0,"{""type"":""Point"",""coordinates"":[80.78590432526208,50.361612157986286]}"
1_2_277,0.15119999647140503,0.16474999487400055,0.10575000196695328,0.12330000102519989,0.042899999767541885,0.05209999904036522,0.14914999902248383,0.1586499959230423,0.17026283596338243,0.12537682312630646,Semey,-0.04488601163029671,0,"{""type"":""Point"",""coordinates"":[80.71791085459735,50.64440529366775]}"
1_2_279,0.2526000142097473,0.33180001378059387,0.18809999525547028,0.3328999876976013,0.08550000190734863,0.13220000267028809,0.28700000047683716,0.1964000016450882,0.20816671460694258,-0.2578877551500151,Semey,-0.4660544693470001,0,"{""type"":""Point"",""coordinates"":[80.58518462741567,50.663848774282805]}"
1_2_282,0.17669999599456787,0.16715000569820404,0.1257999986410141,0.13214999437332153,0.06319999694824219,0.06480000168085098,0.15970000624656677,0.14790000021457672,0.11873907889739342,0.05623997909527469,Semey,-0.06249909847974777,0,"{""type"":""Point"",""coordinates"":[80.59133198473006,50.54488156006067]}"
1_2_286,0.27889999747276306,0.2687999904155731,0.20550000667572021,0.19134999811649323,0.10620000213384628,0.09849999845027924,0.22589999437332153,0.2303999960422516,0.04728787122854512,0.09259039351891518,Semey,0.04530252143740654,0,"{""type"":""Point"",""coordinates"":[80.67853932229359,50.376248972566124]}"
1_2_288,0.27320000529289246,0.33230000734329224,0.21299999952316284,0.32565000653266907,0.10580000281333923,0.1655000001192093,0.28220000863075256,0.23434999585151672,0.1397415346691217,-0.16303573266508012,Semey,-0.3027772605419159,0,"{""type"":""Point"",""coordinates"":[80.92587396486036,50.36235735752259]}"
1_2_289,0.25619998574256897,0.22384999692440033,0.18850000202655792,0.17710000276565552,0.1128000020980835,0.10840000212192535,0.1964000016450882,0.17225000262260437,0.020524810452508268,-0.013882925628299231,Semey,-0.034407734870910645,0,"{""type"":""Point"",""coordinates"":[80.44869175367327,50.513874731724464]}"
1_2_290,0.22990000247955322,0.2630999982357025,0.12229999899864197,0.164000004529953,0.04349999874830246,0.06920000165700912,0.34439998865127563,0.2921000123023987,0.47589456938069596,0.28085946732058836,Semey,-0.19503509998321533,0,"{""type"":""Point"",""coordinates"":[80.83391204984915,50.36900203999926]}"
1_2_291,0.29179999232292175,0.30434998869895935,0.25600001215934753,0.3052000105381012,0.12720000743865967,0.11420000344514847,0.2287999987602234,0.17835000157356262,-0.05610563693579757,-0.26233069131894826,Semey,-0.20622505247592926,0,"{""type"":""Point"",""coordinates"":[80.60596385370886,50.67623093057243]}"
1_2_292,0.11110000312328339,0.11935000121593475,0.06310000270605087,0.07720000296831131,0.030400000512599945,0.0340999998152256,0.16619999706745148,0.16339999437332153,0.44962928243890354,0.35827095742903564,Semey,-0.09135832637548447,0,"{""type"":""Point"",""coordinates"":[80.66943047429477,50.63462424014183]}"
1_2_293,0.1729000061750412,0.20059999823570251,0.12630000710487366,0.15240000188350677,0.10109999775886536,0.12639999389648438,0.1851000040769577,0.19269999861717224,0.18882464630918014,0.11677773594667432,Semey,-0.0720469132065773,0,"{""type"":""Point"",""coordinates"":[80.77425722378187,50.390138404144544]}"
1_2_294,0.1956000030040741,0.2333499938249588,0.10000000149011612,0.15289999544620514,0.039400000125169754,0.09319999814033508,0.35109999775886536,0.23434999585151672,0.5566393187470532,0.21032925044714065,Semey,-0.3463100790977478,0,"{""type"":""Point"",""coordinates"":[80.83304226810563,50.37150849880292]}"
1_2_296,0.2858000099658966,0.2502000033855438,0.22859999537467957,0.2168000042438507,0.11879999935626984,0.10670000314712524,0.1940000057220459,0.16920000314712524,-0.08187408793857139,-0.12331606265621609,Semey,-0.04144197329878807,0,"{""type"":""Point"",""coordinates"":[80.45946750483695,50.50432290833796]}"
1_2_299,0.15060000121593475,0.16404999792575836,0.0706000030040741,0.09435000270605087,0.04170000180602074,0.05274999886751175,0.4047999978065491,0.2879999876022339,0.7029869462192206,0.5064731000517224,Semey,-0.1965138465166092,0,"{""type"":""Point"",""coordinates"":[80.44507800125834,50.3595709688307]}"
1_2_300,0.34599998593330383,0.32120001316070557,0.321399986743927,0.2948499917984009,0.19099999964237213,0.18700000643730164,0.2483000010251999,0.23659999668598175,-0.12831312495718564,-0.10960578864351764,Semey,0.018707336857914925,0,"{""type"":""Point"",""coordinates"":[80.44056861286482,50.507788318513725]}"
1_2_301,0.24560000002384186,0.2813499867916107,0.1648000031709671,0.19705000519752502,0.08810000121593475,0.11640000343322754,0.31220000982284546,0.2847000062465668,0.3090146805798732,0.18194083854051704,Semey,-0.12707383930683136,0,"{""type"":""Point"",""coordinates"":[80.7731310835,50.38098622852794]}"
1_2_302,0.15839999914169312,0.1457500010728836,0.10379999876022339,0.10830000042915344,0.05009999871253967,0.049550000578165054,0.16869999468326569,0.14935000240802765,0.23816512838375986,0.15932467116957602,Semey,-0.0788404569029808,0,"{""type"":""Point"",""coordinates"":[80.62276682479764,50.63296854924054]}"
1_2_303,0.3513999879360199,0.3176000118255615,0.31380000710487366,0.2943499982357025,0.19040000438690186,0.17749999463558197,0.24879999458789825,0.2304999977350235,-0.11553503789797535,-0.12165380773717355,Semey,-0.006118769757449627,0,"{""type"":""Point"",""coordinates"":[80.4146442291377,50.46537246323592]}"
1_2_304,0.21279999613761902,0.20024999976158142,0.17219999432563782,0.16054999828338623,0.08829999715089798,0.0839499980211258,0.1891999989748001,0.1736000031232834,0.0470393053799254,0.03905433124333567,Semey,-0.007984974421560764,0,"{""type"":""Point"",""coordinates"":[80.47369332857636,50.454235388353084]}"
1_2_306,0.2728999853134155,0.29440000653266907,0.21070000529289246,0.26695001125335693,0.07240000367164612,0.1088000014424324,0.30390000343322754,0.20589999854564667,0.18111153626104565,-0.1291107358412894,Semey,-0.3102222681045532,0,"{""type"":""Point"",""coordinates"":[80.53301455139828,50.63991995963673]}"
1_2_307,0.3801000118255615,0.34790000319480896,0.3424000144004822,0.3143500089645386,0.2736000120639801,0.23839999735355377,0.326200008392334,0.3019999861717224,-0.024229741932222763,-0.020037353598235778,Semey,0.004192388150840998,0,"{""type"":""Point"",""coordinates"":[80.4893304018503,50.33048556980324]}"
1_2_311,0.34665000438690186,0.32385000586509705,0.29205000400543213,0.2846499979496002,0.13249999284744263,0.12250000238418579,0.21850000321865082,0.20264999568462372,-0.14406032660087661,-0.1682741706057299,Semey,-0.024213844910264015,0,"{""type"":""Point"",""coordinates"":[80.6909728535009,50.69084251124391]}"
1_2_313,0.3077000081539154,0.2833999991416931,0.23440000414848328,0.22769999504089355,0.10899999737739563,0.10530000180006027,0.22939999401569366,0.2062000036239624,-0.010780530730014573,-0.04955056806427356,Semey,-0.03877003863453865,0,"{""type"":""Point"",""coordinates"":[80.4377621535482,50.49150424866085]}"
1_2_314,0.1814499944448471,0.17284999787807465,0.12635000050067902,0.12639999389648438,0.0746999979019165,0.07989999651908875,0.1652500033378601,0.15845000743865967,0.13340192841259454,0.11251540597490264,Semey,-0.02088652178645134,0,"{""type"":""Point"",""coordinates"":[80.65144862162607,50.589290977228394]}"
1_2_315,0.3840000033378601,0.34834998846054077,0.3801000118255615,0.3587999939918518,0.13519999384880066,0.12110000103712082,0.23019999265670776,0.1887499988079071,-0.24561693932153447,-0.310565240471353,Semey,-0.06494829803705215,0,"{""type"":""Point"",""coordinates"":[80.989840480717,50.52936706117062]}"
1_2_316,0.2551000118255615,0.23274999856948853,0.16899999976158142,0.15549999475479126,0.08969999849796295,0.07495000213384628,0.24609999358654022,0.24285000562667847,0.18573836439524888,0.2192795551355308,Semey,0.03354119136929512,0,"{""type"":""Point"",""coordinates"":[80.90392430496873,50.675141888954094]}"
1_2_319,0.2549999952316284,0.22630000114440918,0.2167000025510788,0.19679999351501465,0.11860000342130661,0.11479999870061874,0.22439999878406525,0.20424999296665192,0.017456350509362294,0.018576236635723796,Semey,0.0011198861757293344,0,"{""type"":""Point"",""coordinates"":[80.42089337768202,50.37274561908786]}"
1_2_320,0.16554999351501465,0.19089999794960022,0.1051499992609024,0.12460000067949295,0.02914999984204769,0.04259999841451645,0.24300000071525574,0.26179999113082886,0.39595002574692956,0.3550724465819487,Semey,-0.040877580642700195,0,"{""type"":""Point"",""coordinates"":[80.93452926758273,50.380422344521776]}"
1_2_321,0.3479500114917755,0.29980000853538513,0.2829500138759613,0.23880000412464142,0.1354999989271164,0.11259999871253967,0.25415000319480896,0.2366500049829483,-0.053621317754226676,-0.004522029867511458,Semey,0.04909928888082504,0,"{""type"":""Point"",""coordinates"":[80.54773697066582,50.40848830646313]}"
1_2_322,0.010999999940395355,0.02095000073313713,0.008799999952316284,0.019899999722838402,0.016200000420212746,0.02484999969601631,0.014700000174343586,0.02070000022649765,0.2510638378820251,0.019704445927525946,Semey,-0.23135939240455627,0,"{""type"":""Point"",""coordinates"":[80.44956447414295,50.385935221646626]}"
1_2_324,0.11479999870061874,0.13285000622272491,0.07580000162124634,0.093299999833107,0.043299999088048935,0.05544999986886978,0.14560000598430634,0.15964999794960022,0.3152664948748151,0.2623047981739465,Semey,-0.052961695939302444,0,"{""type"":""Point"",""coordinates"":[80.42733274450906,50.55309587824493]}"
1_2_328,0.14845000207424164,0.1537500023841858,0.09809999912977219,0.10125000029802322,0.05694999918341637,0.06345000118017197,0.17139999568462372,0.17149999737739563,0.27198515014938346,0.25756186133124054,Semey,-0.014423288404941559,0,"{""type"":""Point"",""coordinates"":[80.7967312309593,50.68639032007479]}"
1_2_329,0.1573999971151352,0.15440000593662262,0.10649999976158142,0.11025000363588333,0.066600002348423,0.06679999828338623,0.15870000422000885,0.15315000712871552,0.19683259304193323,0.1628701660577076,Semey,-0.0339624285697937,0,"{""type"":""Point"",""coordinates"":[80.55338015875537,50.42783349000748]}"
1_2_330,0.18039999902248383,0.16245000064373016,0.1315000057220459,0.12809999287128448,0.07580000162124634,0.06554999947547913,0.1492999941110611,0.1428000032901764,0.06339027207832831,0.054263605120652925,Semey,-0.009126666933298111,0,"{""type"":""Point"",""coordinates"":[80.61349650339272,50.51093043409142]}"
1_2_332,0.2273000031709671,0.1969500035047531,0.17239999771118164,0.16140000522136688,0.10239999741315842,0.09395000338554382,0.18440000712871552,0.17059999704360962,0.033632312933735815,0.027710818552645736,Semey,-0.005921494215726852,0,"{""type"":""Point"",""coordinates"":[80.56341678917826,50.51844101810544]}"
1_2_333,0.3682999908924103,0.321399986743927,0.3127000033855438,0.27160000801086426,0.1671999990940094,0.13590000569820404,0.2535000145435333,0.24105000495910645,-0.10455667073014109,-0.05959231888978286,Semey,0.04496435075998306,0,"{""type"":""Point"",""coordinates"":[80.58751967416461,50.32923261387986]}"
1_2_335,0.10100000351667404,0.1111999973654747,0.061000000685453415,0.07010000199079514,0.032600000500679016,0.03720000013709068,0.1679999977350235,0.16519999504089355,0.4672488986358101,0.40416487143980273,Semey,-0.06308402866125107,0,"{""type"":""Point"",""coordinates"":[80.72482661066911,50.67111477282654]}"
1_2_337,0.10899999737739563,0.1172500029206276,0.06759999692440033,0.07779999822378159,0.042500000447034836,0.04675000160932541,0.15039999783039093,0.1522500067949295,0.379816527055998,0.32362532904571134,Semey,-0.05619119852781296,0,"{""type"":""Point"",""coordinates"":[80.43580328349195,50.58066070163765]}"
1_2_339,0.32510000467300415,0.3275499939918518,0.2888999879360199,0.2893500030040741,0.14839999377727509,0.15790000557899475,0.23145000636577606,0.23845000565052032,-0.11040642298330386,-0.09643803811845711,Semey,0.013968384824693203,0,"{""type"":""Point"",""coordinates"":[80.85456143588081,50.44818356587719]}"
1_2_340,0.31360000371932983,0.3591499924659729,0.2623000144958496,0.3615500032901764,0.10620000213384628,0.13009999692440033,0.272599995136261,0.19290000200271606,0.019255899149254865,-0.30417530828297074,Semey,-0.32343119382858276,0,"{""type"":""Point"",""coordinates"":[80.94605680319395,50.600516664693075]}"
1_2_343,0.35030001401901245,0.3135499954223633,0.29350000619888306,0.26089999079704285,0.1615999937057495,0.13819999992847443,0.2345999926328659,0.22994999587535858,-0.11153193277090409,-0.06305387748200271,Semey,0.048478055745363235,0,"{""type"":""Point"",""coordinates"":[80.74137736895393,50.34508765988631]}"
1_2_345,0.1995999962091446,0.18649999797344208,0.15139999985694885,0.14669999480247498,0.0885000005364418,0.08044999837875366,0.1598999947309494,0.15764999389648438,0.027304834634683882,0.03597831279974298,Semey,0.008673477917909622,0,"{""type"":""Point"",""coordinates"":[80.66291330185774,50.488224346468634]}"
1_2_348,0.2863999903202057,0.2505500018596649,0.24275000393390656,0.21344999969005585,0.17299999296665192,0.15440000593662262,0.21694999933242798,0.19460000097751617,-0.05612356845368768,-0.046195315970349156,Semey,0.009928252547979355,0,"{""type"":""Point"",""coordinates"":[80.50938304150453,50.53189146627077]}"
1_2_349,0.2048500031232834,0.20520000159740448,0.1500999927520752,0.16175000369548798,0.07199999690055847,0.07500000298023224,0.15889999270439148,0.15889999270439148,0.0284789655873821,-0.00888823022951878,Semey,-0.03736719489097595,0,"{""type"":""Point"",""coordinates"":[80.59460028241953,50.59134358291215]}"
1_2_350,0.3107999861240387,0.2833999991416931,0.2628999948501587,0.2505500018596649,0.1467999964952469,0.13089999556541443,0.2273000031709671,0.2101999968290329,-0.07262340233150585,-0.0875746177872356,Semey,-0.014951215125620365,0,"{""type"":""Point"",""coordinates"":[80.47667952181297,50.45228125055785]}"
1_2_351,0.25380000472068787,0.31610000133514404,0.18709999322891235,0.32280001044273376,0.08500000089406967,0.12470000237226486,0.290800005197525,0.1813499927520752,0.21699102806039264,-0.28057129186608526,Semey,-0.49756231904029846,0,"{""type"":""Point"",""coordinates"":[80.59853263650868,50.68617241788317]}"
1_2_353,0.15880000591278076,0.16920000314712524,0.07410000264644623,0.08844999969005585,0.027000000700354576,0.034699998795986176,0.35429999232292175,0.27399998903274536,0.6540616082325369,0.5119326668943467,Semey,-0.14212894439697266,0,"{""type"":""Point"",""coordinates"":[80.65428199597015,50.39574777710225]}"
1_2_356,0.25110000371932983,0.31459999084472656,0.19030000269412994,0.3269500136375427,0.08030000329017639,0.12780000269412994,0.2768000066280365,0.18029999732971191,0.1851851899113239,-0.28910796084201124,Semey,-0.47429314255714417,0,"{""type"":""Point"",""coordinates"":[80.57531138211196,50.678320052834565]}"
1_2_357,0.3276500105857849,0.3073500096797943,0.2702000141143799,0.25110000371932983,0.12250000238418579,0.11500000208616257,0.21525000035762787,0.21250000596046448,-0.1131939687271769,-0.08326142569653124,Semey,0.029932543635368347,0,"{""type"":""Point"",""coordinates"":[80.56121157038217,50.40312852350085]}"
1_2_358,0.31619998812675476,0.297650009393692,0.2806999981403351,0.275299996137619,0.1395999938249588,0.13930000364780426,0.2387000024318695,0.21969999372959137,-0.08086252534115454,-0.11232323948722303,Semey,-0.0314607135951519,0,"{""type"":""Point"",""coordinates"":[80.43232193634141,50.41149731395147]}"
1_2_361,0.27309998869895935,0.2655999958515167,0.22130000591278076,0.22419999539852142,0.12680000066757202,0.10405000299215317,0.21469999849796295,0.19975000619888306,-0.015137631532223847,-0.057671869577811216,Semey,-0.042534239590168,0,"{""type"":""Point"",""coordinates"":[80.58232394524777,50.56671951581631]}"
1_2_362,0.27274999022483826,0.2811500132083893,0.24539999663829803,0.2953999936580658,0.10980000346899033,0.10639999806880951,0.2154500037431717,0.15035000443458557,-0.06498859253625944,-0.32540659527570176,Semey,-0.26041799783706665,0,"{""type"":""Point"",""coordinates"":[80.96859225466198,50.63701500598469]}"
1_2_363,0.37389999628067017,0.3319999873638153,0.334199994802475,0.29249998927116394,0.1932000070810318,0.16699999570846558,0.24860000610351562,0.24005000293254852,-0.14687712519885046,-0.0984883806336666,Semey,0.04838874563574791,0,"{""type"":""Point"",""coordinates"":[80.66446539213304,50.328828372256325]}"
1_2_365,0.14464999735355377,0.14480000734329224,0.1096000000834465,0.10684999823570251,0.05660000070929527,0.05245000123977661,0.16580000519752502,0.1648000031709671,0.20406682656647573,0.21332598798154023,Semey,0.009259161539375782,0,"{""type"":""Point"",""coordinates"":[80.99128299481637,50.50008288890283]}"
1_2_366,0.16449999809265137,0.17155000567436218,0.12319999933242798,0.13015000522136688,0.0843999981880188,0.08174999803304672,0.16529999673366547,0.1671999990940094,0.14592720268735343,0.1246006165627845,Semey,-0.021326586604118347,0,"{""type"":""Point"",""coordinates"":[80.40025953950186,50.5606372147678]}"
1_2_368,0.3337000012397766,0.31424999237060547,0.29159998893737793,0.28185001015663147,0.14059999585151672,0.14329999685287476,0.2361000031232834,0.21645000576972961,-0.10517336867368114,-0.13124624181542607,Semey,-0.026072872802615166,0,"{""type"":""Point"",""coordinates"":[80.48383375522748,50.391234295483244]}"
1_2_369,0.30390000343322754,0.2877500057220459,0.23669999837875366,0.22210000455379486,0.14399999380111694,0.13819999992847443,0.2556999921798706,0.2504499852657318,0.03858650317917672,0.0599936119409593,Semey,0.0214071087539196,0,"{""type"":""Point"",""coordinates"":[80.74029477896053,50.32883191897937]}"
1_2_372,0.022700000554323196,0.03739999979734421,0.01489999983459711,0.030150000005960464,0.026100000366568565,0.035599999129772186,0.015300000086426735,0.024949999526143074,0.013245041485949226,-0.09437387520825032,Semey,-0.10761891305446625,0,"{""type"":""Point"",""coordinates"":[80.75172308865227,50.367085978573115]}"
1_2_373,0.35920000076293945,0.30375000834465027,0.304500013589859,0.24940000474452972,0.1615999937057495,0.125,0.2526000142097473,0.219200000166893,-0.09316100662407537,-0.06444729889267774,Semey,0.028713706880807877,0,"{""type"":""Point"",""coordinates"":[80.64499285810857,50.31837708165188]}"
1_2_374,0.2720000147819519,0.342849999666214,0.22419999539852142,0.34915000200271606,0.10040000081062317,0.12839999794960022,0.25200000405311584,0.19994999468326569,0.058378850664861835,-0.27171737064273666,Semey,-0.33009621500968933,0,"{""type"":""Point"",""coordinates"":[80.54731896929046,50.64473724385438]}"
1_2_375,0.31839999556541443,0.2872999906539917,0.28060001134872437,0.258899986743927,0.13500000536441803,0.1290999948978424,0.22509999573230743,0.20475000143051147,-0.10974889230627158,-0.11679065392975432,Semey,-0.00704176165163517,0,"{""type"":""Point"",""coordinates"":[80.40574270817213,50.51967933910246]}"
1_2_376,0.3440000116825104,0.3102000057697296,0.30230000615119934,0.2754000127315521,0.17980000376701355,0.16349999606609344,0.2483000010251999,0.24869999289512634,-0.09807483549250867,-0.05094451354660825,Semey,0.047130320221185684,0,"{""type"":""Point"",""coordinates"":[80.70584695429208,50.38932736884597]}"
1_2_380,0.17669999599456787,0.14419999718666077,0.08389999717473984,0.097850002348423,0.02759999968111515,0.04755000025033951,0.35359999537467957,0.15344999730587006,0.6164571492409221,0.2212494828250479,Semey,-0.3952076733112335,0,"{""type"":""Point"",""coordinates"":[80.48985408877901,50.39743322762186]}"
1_2_381,0.29109999537467957,0.25404998660087585,0.23659999668598175,0.210099995136261,0.1234000027179718,0.11089999973773956,0.21080000698566437,0.18594999611377716,-0.05766649416313461,-0.06097714822883865,Semey,-0.003310654079541564,0,"{""type"":""Point"",""coordinates"":[80.45672669890429,50.52427502146812]}"
1_2_383,0.32120001316070557,0.31005001068115234,0.2800999879837036,0.29589998722076416,0.13339999318122864,0.14010000228881836,0.2612999975681305,0.2085999995470047,-0.03472477081138228,-0.1730425965579764,Semey,-0.13831782341003418,0,"{""type"":""Point"",""coordinates"":[80.93358735505231,50.34202594082192]}"
1_2_387,0.08940000087022781,0.09279999881982803,0.04520000144839287,0.052400000393390656,0.02419999986886978,0.02775000035762787,0.186599999666214,0.17184999585151672,0.6100086175060454,0.5326644256781731,Semey,-0.07734419405460358,0,"{""type"":""Point"",""coordinates"":[80.9246311564755,50.675288492115534]}"
1_2_389,0.31610000133514404,0.2671000063419342,0.28130000829696655,0.23119999468326569,0.11860000342130661,0.09905000030994415,0.19750000536441803,0.17090000212192535,-0.17502088667819732,-0.1499626785387775,Semey,0.025058208033442497,0,"{""type"":""Point"",""coordinates"":[80.50312362286569,50.669393975348264]}"
1_2_391,0.08020000159740448,0.08500000089406967,0.04830000177025795,0.05530000105500221,0.023800000548362732,0.03085000067949295,0.13930000364780426,0.07090000063180923,0.4850746228645087,0.12361330719726371,Semey,-0.3614613115787506,0,"{""type"":""Point"",""coordinates"":[80.67227768104607,50.65573487334208]}"
1_2_392,0.17180000245571136,0.16120000183582306,0.12269999831914902,0.11990000307559967,0.07450000196695328,0.06719999760389328,0.16009999811649323,0.1555500030517578,0.13224894012986826,0.12942457499774007,Semey,-0.00282436516135931,0,"{""type"":""Point"",""coordinates"":[80.64535075693053,50.47796583083763]}"
1_2_394,0.20090000331401825,0.1965000033378601,0.14159999787807465,0.14890000224113464,0.09109999984502792,0.0799499973654747,0.19670000672340393,0.1780499964952469,0.16287321340783825,0.08915734628161222,Semey,-0.07371586561203003,0,"{""type"":""Point"",""coordinates"":[80.64948104913752,50.61643665678477]}"
1_2_395,0.3059000074863434,0.2630000114440918,0.25110000371932983,0.22619999945163727,0.12319999933242798,0.11580000072717667,0.20489999651908875,0.1762000024318695,-0.10131580521071386,-0.12425446517329432,Semey,-0.02293865941464901,0,"{""type"":""Point"",""coordinates"":[80.41907547992744,50.50309066135197]}"
1_2_398,0.2313999980688095,0.23109999299049377,0.18854999542236328,0.18700000643730164,0.08720000088214874,0.08380000293254852,0.1741500049829483,0.1774500012397766,-0.03970220684676927,-0.026203882552766546,Semey,0.01349832396954298,0,"{""type"":""Point"",""coordinates"":[80.4716406067193,50.56065075775702]}"
1_2_401,0.1324000060558319,0.13130000233650208,0.08079999685287476,0.08895000070333481,0.041450001299381256,0.046300001442432404,0.16339999437332153,0.16075000166893005,0.3382473402463659,0.28754505520008894,Semey,-0.0507022850215435,0,"{""type"":""Point"",""coordinates"":[80.77090111680556,50.696052689374525]}"
1_2_403,0.30219998955726624,0.29234999418258667,0.2298000007867813,0.2337000072002411,0.10779999941587448,0.10939999669790268,0.22579999268054962,0.2084999978542328,-0.00877964917380648,-0.05698780881493647,Semey,-0.04820815846323967,0,"{""type"":""Point"",""coordinates"":[80.61416985966798,50.66125967963408]}"
1_2_404,0.2635999917984009,0.27469998598098755,0.22669999301433563,0.2414499968290329,0.1768999993801117,0.18410000205039978,0.260699987411499,0.24709999561309814,0.0697578903623633,0.011564832405016342,Semey,-0.058193057775497437,0,"{""type"":""Point"",""coordinates"":[80.98873178595032,50.38357133456357]}"
1_2_405,0.2175000011920929,0.1826999932527542,0.1582999974489212,0.14560000598430634,0.07419999688863754,0.07064999639987946,0.17339999973773956,0.15365000069141388,0.045523070295116666,0.02690056650802636,Semey,-0.01862250454723835,0,"{""type"":""Point"",""coordinates"":[80.48178147420539,50.54704602837436]}"
1_2_407,0.007400000002235174,0.013450000435113907,0.006599999964237213,0.011900000274181366,0.013700000010430813,0.0848499983549118,0.00930000003427267,0.018449999392032623,0.16981132517537711,0.21581545930436372,Semey,0.04600413516163826,0,"{""type"":""Point"",""coordinates"":[80.44565562057103,50.3627931675069]}"
1_2_408,0.13040000200271606,0.1286499947309494,0.08060000091791153,0.09009999781847,0.040800001472234726,0.04235000163316727,0.1720000058412552,0.16459999978542328,0.3618369060872038,0.29250099202126767,Semey,-0.06933591514825821,0,"{""type"":""Point"",""coordinates"":[80.61557386917501,50.635643178023905]}"
1_2_409,0.19760000705718994,0.1890999972820282,0.14214999973773956,0.13989999890327454,0.07769999653100967,0.06814999878406525,0.157150000333786,0.15209999680519104,0.05011694150505114,0.0417808153466449,Semey,-0.008336125873029232,0,"{""type"":""Point"",""coordinates"":[80.63712452462326,50.59176541147639]}"
1_2_410,0.14390000700950623,0.14474999904632568,0.0869000032544136,0.09794999659061432,0.039799999445676804,0.04780000075697899,0.193900004029274,0.17855000495910645,0.3810541239294202,0.29150093279112865,Semey,-0.08955319225788116,0,"{""type"":""Point"",""coordinates"":[80.43943151994712,50.59119141516684]}"
1_2_411,0.28279998898506165,0.282150000333786,0.25119999051094055,0.2814500033855438,0.1306000053882599,0.10719999670982361,0.2370000034570694,0.1675499975681305,-0.029086413824908057,-0.2536748453797108,Semey,-0.22458843886852264,0,"{""type"":""Point"",""coordinates"":[80.43069389087242,50.68726246302198]}"
1_2_412,0.28700000047683716,0.2720000147819519,0.2287999987602234,0.2546499967575073,0.10440000146627426,0.12639999389648438,0.2694999873638153,0.1839500069618225,0.08167768359813024,-0.16119468580973234,Semey,-0.24287237226963043,0,"{""type"":""Point"",""coordinates"":[80.97902055202572,50.30432534230323]}"
1_2_413,0.14174999296665192,0.1497499942779541,0.10495000332593918,0.10939999669790268,0.04230000078678131,0.04560000076889992,0.1748500019311905,0.17589999735355377,0.2498212912505661,0.2330879847254999,Semey,-0.016733307391405106,0,"{""type"":""Point"",""coordinates"":[80.67810629479207,50.652505007506775]}"
1_2_415,0.28679999709129333,0.24740000069141388,0.22390000522136688,0.210099995136261,0.12460000067949295,0.11330000311136246,0.19419999420642853,0.17059999704360962,-0.07103566384976151,-0.10375623562920555,Semey,-0.032720573246479034,0,"{""type"":""Point"",""coordinates"":[80.51205447291714,50.437767497742605]}"
1_2_416,0.2280000001192093,0.21250000596046448,0.17409999668598175,0.16664999723434448,0.08980000019073486,0.09279999881982803,0.21160000562667847,0.18809999525547028,0.09722584577611193,0.06046511198091609,Semey,-0.036760732531547546,0,"{""type"":""Point"",""coordinates"":[80.6699985831101,50.41963052821401]}"
1_2_419,0.23350000381469727,0.2542000114917755,0.16820000112056732,0.19314999878406525,0.08959999680519104,0.1005999967455864,0.2093999981880188,0.18979999423027039,0.10911016192503113,-0.008747890364028428,Semey,-0.11785805225372314,0,"{""type"":""Point"",""coordinates"":[80.53032180411066,50.67236414448541]}"
1_2_421,0.3343999981880188,0.30160000920295715,0.2615000009536743,0.2305999994277954,0.1404000073671341,0.1168999969959259,0.2337999939918518,0.2093999981880188,-0.055925716221477045,-0.04818182126057051,Semey,0.007743895053863525,0,"{""type"":""Point"",""coordinates"":[80.95064111194748,50.30955004996553]}"
1_2_423,0.2784000039100647,0.2484000027179718,0.2281000018119812,0.2168000042438507,0.10840000212192535,0.10244999825954437,0.1835000067949295,0.16015000641345978,-0.10835761439365255,-0.15028517370673874,Semey,-0.04192756116390228,0,"{""type"":""Point"",""coordinates"":[80.4512634087353,50.438874574166704]}"
1_2_425,0.33550000190734863,0.2973000109195709,0.2971000075340271,0.26669999957084656,0.19699999690055847,0.16990000009536743,0.25440001487731934,0.2418999969959259,-0.07742518752766103,-0.04876131093655,Semey,0.02866387739777565,0,"{""type"":""Point"",""coordinates"":[80.45928915022597,50.34805204596395]}"
1_2_431,0.16419999301433563,0.15080000460147858,0.11320000141859055,0.11134999990463257,0.052799999713897705,0.0531499981880188,0.16359999775886536,0.15344999730587006,0.18208091217501587,0.15898790726863232,Semey,-0.023093005642294884,0,"{""type"":""Point"",""coordinates"":[80.60910655130672,50.476615993649254]}"
1_2_435,0.32899999618530273,0.2915000021457672,0.27549999952316284,0.24265000224113464,0.16060000658035278,0.12999999523162842,0.2700999975204468,0.256850004196167,-0.00989736442810949,0.02842843197603595,Semey,0.03832579776644707,0,"{""type"":""Point"",""coordinates"":[80.62214287710907,50.36738502087849]}"
1_2_436,0.24770000576972961,0.25995001196861267,0.1842000037431717,0.23045000433921814,0.13500000536441803,0.1476999968290329,0.2897000014781952,0.22269999980926514,0.2226207988449855,-0.017102514529413013,Semey,-0.2397233098745346,0,"{""type"":""Point"",""coordinates"":[80.41914864171162,50.360341856240396]}"
1_2_437,0.2240999937057495,0.18125000596046448,0.1589999943971634,0.1416500061750412,0.07769999653100967,0.061400000005960464,0.163100004196167,0.14990000426769257,0.01272899663740793,0.028297025543313543,Semey,0.015568029135465622,0,"{""type"":""Point"",""coordinates"":[80.55031855806746,50.595475839379496]}"
1_2_440,0.3215000033378601,0.28529998660087585,0.2635999917984009,0.23325000703334808,0.11079999804496765,0.09570000320672989,0.24650000035762787,0.2227499932050705,-0.03352282239506972,-0.02302634610260456,Semey,0.010496476665139198,0,"{""type"":""Point"",""coordinates"":[80.45218319034235,50.695102632400236]}"
1_2_441,0.2281000018119812,0.2139499932527542,0.1834000051021576,0.17784999310970306,0.09830000251531601,0.09390000253915787,0.19429999589920044,0.1761000007390976,0.0288588582688504,-0.004944179689272789,Semey,-0.03380303829908371,0,"{""type"":""Point"",""coordinates"":[80.44754114916093,50.47677953719167]}"
1_2_443,0.3659000098705292,0.3688499927520752,0.35429999232292175,0.37459999322891235,0.1615999937057495,0.15240000188350677,0.27129998803138733,0.22464999556541443,-0.13267264529728293,-0.2502294542636419,Semey,-0.11755681037902832,0,"{""type"":""Point"",""coordinates"":[80.56447729047731,50.64829192952092]}"
1_2_445,0.22419999539852142,0.21279999613761902,0.12530000507831573,0.1404999941587448,0.051600001752376556,0.0718500018119812,0.3215000033378601,0.2215999960899353,0.43912263778829685,0.22397129001713942,Semey,-0.2151513546705246,0,"{""type"":""Point"",""coordinates"":[80.4427356079963,50.41331754125153]}"
1_2_446,0.20559999346733093,0.18694999814033508,0.14920000731945038,0.14659999310970306,0.07199999690055847,0.06449999660253525,0.15139999985694885,0.1339000016450882,0.007318670941373152,-0.04527626275257867,Semey,-0.05259493365883827,0,"{""type"":""Point"",""coordinates"":[80.55155484168463,50.57061487391344]}"
1_2_447,0.22120000422000885,0.23000000417232513,0.11559999734163284,0.15760000050067902,0.048500001430511475,0.08330000191926956,0.42669999599456787,0.21140000224113464,0.573667716164008,0.1457994616279151,Semey,-0.4278682470321655,0,"{""type"":""Point"",""coordinates"":[80.80705478048421,50.36053332360491]}"
1_2_448,0.14499999582767487,0.1569499969482422,0.09929999709129333,0.11675000190734863,0.05494999885559082,0.057500001043081284,0.16805000603199005,0.16005000472068787,0.2571535744811417,0.15643064225618217,Semey,-0.10072293132543564,0,"{""type"":""Point"",""coordinates"":[80.76862604735955,50.662626483986465]}"
1_2_449,0.2996000051498413,0.2984499931335449,0.24230000376701355,0.25450000166893005,0.13519999384880066,0.13689999282360077,0.24210000038146973,0.23469999432563782,-4.1288890138513736E-4,-0.04047425900533347,Semey,-0.04006136953830719,0,"{""type"":""Point"",""coordinates"":[80.57618255790035,50.6284269676378]}"
1_2_451,0.1996999979019165,0.20749999582767487,0.15389999747276306,0.16234999895095825,0.06920000165700912,0.07259999960660934,0.16359999775886536,0.15960000455379486,0.03055118246230452,-0.008541681525786321,Semey,-0.03909286484122276,0,"{""type"":""Point"",""coordinates"":[80.59107685567938,50.56638786806836]}"
1_2_453,0.3093999922275543,0.27489998936653137,0.27649998664855957,0.25189998745918274,0.14380000531673431,0.131400004029274,0.21250000596046448,0.19144999980926514,-0.13087930808879533,-0.13634823364349216,Semey,-0.0054689254611730576,0,"{""type"":""Point"",""coordinates"":[80.43500336286424,50.44006988236032]}"
1_2_455,0.33329999446868896,0.3156000077724457,0.2653999924659729,0.2487500011920929,0.13220000267028809,0.1307000070810318,0.22679999470710754,0.21895000338554382,-0.07842340261031294,-0.06371605198819785,Semey,0.014707350172102451,0,"{""type"":""Point"",""coordinates"":[80.82102360822235,50.382142660661124]}"
1_2_458,0.4350999891757965,0.3414500057697296,0.4142000079154968,0.3215000033378601,0.25839999318122864,0.20309999585151672,0.3366999924182892,0.2596000134944916,-0.10320950254728693,-0.10652209266968027,Semey,-0.003312590066343546,0,"{""type"":""Point"",""coordinates"":[80.593942125367,50.338951531257585]}"
1_2_460,0.14524999260902405,0.14914999902248383,0.09574999660253525,0.10249999910593033,0.0458500012755394,0.05184999853372574,0.17069999873638153,0.16705000400543213,0.28129106190642644,0.2394732114799252,Semey,-0.04181785136461258,0,"{""type"":""Point"",""coordinates"":[80.65550019537498,50.63028311272523]}"
1_2_462,0.19900000095367432,0.28349998593330383,0.12359999865293503,0.2632499933242798,0.052799999713897705,0.17399999499320984,0.35409998893737793,0.21834999322891235,0.48252040249606465,-0.0932308998110993,Semey,-0.5757513046264648,0,"{""type"":""Point"",""coordinates"":[80.44973003680977,50.32046123353426]}"
1_2_467,0.2862499952316284,0.2488500028848648,0.24785000085830688,0.2287999987602234,0.12919999659061432,0.11330000311136246,0.19724999368190765,0.17434999346733093,-0.1136823360976868,-0.13506140727433935,Semey,-0.021379070356488228,0,"{""type"":""Point"",""coordinates"":[80.40175594835594,50.44078020766531]}"
1_2_469,0.25154998898506165,0.23389999568462372,0.23010000586509705,0.1932000070810318,0.12210000306367874,0.08389999717473984,0.1923999935388565,0.17499999701976776,-0.08923079853118637,-0.04942968456969801,Semey,0.039801113307476044,0,"{""type"":""Point"",""coordinates"":[80.88455938791951,50.457228211096094]}"
1_2_473,0.2493000030517578,0.2554999887943268,0.18344999849796295,0.22010000050067902,0.07814999669790268,0.08410000056028366,0.24860000610351562,0.18240000307559967,0.15079274832006265,-0.09366458904374825,Semey,-0.24445733428001404,0,"{""type"":""Point"",""coordinates"":[80.9799654074752,50.59706845995242]}"
1_2_476,0.33719998598098755,0.271450012922287,0.3012999892234802,0.23465000092983246,0.11620000004768372,0.09640000015497208,0.22605000436306,0.1881999969482422,-0.14269457812759298,-0.10984983851172621,Semey,0.03284474089741707,0,"{""type"":""Point"",""coordinates"":[80.95828831710777,50.59887553237797]}"
1_2_477,0.13555000722408295,0.13455000519752502,0.09160000085830688,0.0908999964594841,0.05260000005364418,0.05090000107884407,0.15489999949932098,0.16050000488758087,0.25679512596015014,0.27684967404599153,Semey,0.020054548978805542,0,"{""type"":""Point"",""coordinates"":[80.4718654712867,50.57311671991107]}"
1_2_480,0.11275000125169754,0.12585000693798065,0.06414999812841415,0.08030000329017639,0.02329999953508377,0.034299999475479126,0.18310000002384186,0.17339999973773956,0.4810920233947931,0.36696884247698996,Semey,-0.11412318050861359,0,"{""type"":""Point"",""coordinates"":[80.86027668182624,50.68829072141113]}"
1_2_484,0.2906000018119812,0.35804998874664307,0.2337000072002411,0.35339999198913574,0.08209999650716782,0.12389999628067017,0.25949999690055847,0.19339999556541443,0.05231141420478256,-0.2926115582761591,Semey,-0.3449229598045349,0,"{""type"":""Point"",""coordinates"":[80.94169238836055,50.596096777839584]}"
1_2_488,0.3749000132083893,0.3139500021934509,0.3199000060558319,0.2646999955177307,0.17080000042915344,0.13449999690055847,0.2612000107765198,0.2308499962091446,-0.10101530473066081,-0.06830794041712487,Semey,0.03270736336708069,0,"{""type"":""Point"",""coordinates"":[80.53953996019793,50.30033501959104]}"
1_2_490,0.33480000495910645,0.2982499897480011,0.2881999909877777,0.262800008058548,0.14499999582767487,0.12880000472068787,0.2303999960422516,0.22505000233650208,-0.111453907425916,-0.07738035239863332,Semey,0.03407355397939682,0,"{""type"":""Point"",""coordinates"":[80.70091050761431,50.39025889603262]}"
1_2_491,0.3562999963760376,0.3046500086784363,0.2937999963760376,0.2468000054359436,0.14419999718666077,0.12559999525547028,0.2606000006198883,0.23614999651908875,-0.059884552554197196,-0.02205199062789627,Semey,0.03783256188035011,0,"{""type"":""Point"",""coordinates"":[80.63140489893465,50.30759068937145]}"
1_2_493,0.33809998631477356,0.32919999957084656,0.2630999982357025,0.25224998593330383,0.11840000003576279,0.11469999700784683,0.24500000476837158,0.23045000433921814,-0.03562289580853595,-0.04516258966936771,Semey,-0.009539693593978882,0,"{""type"":""Point"",""coordinates"":[80.95757237215051,50.54559957135324]}"
1_2_494,0.188400000333786,0.17114999890327454,0.13600000739097595,0.13375000655651093,0.06040000170469284,0.05820000171661377,0.15469999611377716,0.14429999887943268,0.06432744581131541,0.03794278768806653,Semey,-0.026384657248854637,0,"{""type"":""Point"",""coordinates"":[80.6001914485994,50.55353864639198]}"
1_2_496,0.2533999979496002,0.24529999494552612,0.18365000188350677,0.17364999651908875,0.11259999871253967,0.09319999814033508,0.2268500030040741,0.2180500030517578,0.10523751670209609,0.11335207194616927,Semey,0.008114554919302464,0,"{""type"":""Point"",""coordinates"":[80.90232612775651,50.66893273710958]}"
1_2_497,0.2854999899864197,0.3022499978542328,0.2029999941587448,0.2443999946117401,0.09359999746084213,0.11339999735355377,0.27649998664855957,0.22259999811649323,0.1532846620057573,-0.04668093540620933,Semey,-0.19996559619903564,0,"{""type"":""Point"",""coordinates"":[80.52487618273531,50.409622716404]}"
1_2_499,0.29789999127388,0.3219499886035919,0.25450000166893005,0.3169499933719635,0.14139999449253082,0.16459999978542328,0.28380000591278076,0.2232999950647354,0.05443062201592694,-0.1733456738763097,Semey,-0.22777628898620605,0,"{""type"":""Point"",""coordinates"":[80.69965484149802,50.384765100050565]}"
1_2_501,0.2468000054359436,0.22859999537467957,0.19679999351501465,0.1891999989748001,0.14659999310970306,0.13539999723434448,0.21469999849796295,0.18860000371932983,0.043499405420119146,-0.0015881293043717554,Semey,-0.0450875349342823,0,"{""type"":""Point"",""coordinates"":[80.60046778126808,50.47265844585108]}"
1_2_503,0.2612999975681305,0.30469998717308044,0.22134999930858612,0.30880001187324524,0.0949999988079071,0.10329999774694443,0.22660000622272491,0.15870000422000885,0.01172007333254029,-0.32106952403461597,Semey,-0.3327895998954773,0,"{""type"":""Point"",""coordinates"":[80.95780920296089,50.6059509297594]}"
1_2_504,0.2939000129699707,0.4023500084877014,0.2529999911785126,0.40689998865127563,0.11100000143051147,0.1776999980211258,0.2815999984741211,0.25519999861717224,0.053497957069157276,-0.22911945771205214,Semey,-0.2826174199581146,0,"{""type"":""Point"",""coordinates"":[80.42628653672244,50.60016603454013]}"
1_2_506,0.15745000541210175,0.14630000293254852,0.11150000244379044,0.10984999686479568,0.05400000140070915,0.05544999986886978,0.16255000233650208,0.14775000512599945,0.18627987229425055,0.14712736012540115,Semey,-0.03915251046419144,0,"{""type"":""Point"",""coordinates"":[80.53168301562538,50.41996843709048]}"
1_2_507,0.1354999989271164,0.14790000021457672,0.09049999713897705,0.09605000168085098,0.039400000125169754,0.04899999871850014,0.16419999301433563,0.17110000550746918,0.289360026402027,0.28092832418946456,Semey,-0.008431701920926571,0,"{""type"":""Point"",""coordinates"":[80.72204809140841,50.67512182610611]}"
1_2_508,0.19660000503063202,0.18780000507831573,0.11020000278949738,0.1083500012755394,0.04540000110864639,0.04455000162124634,0.2824000120162964,0.2513499855995178,0.438614372727369,0.397553487744913,Semey,-0.041060883551836014,0,"{""type"":""Point"",""coordinates"":[80.80508828465472,50.303662576638665]}"
1_2_509,0.3301999866962433,0.31154999136924744,0.26350000500679016,0.26054999232292175,0.13420000672340393,0.12780000269412994,0.24120000004768372,0.22619999945163727,-0.044184673540273764,-0.07057009440524835,Semey,-0.026385420933365822,0,"{""type"":""Point"",""coordinates"":[80.72044876507923,50.40438546829931]}"
1_2_510,0.22439999878406525,0.2612999975681305,0.13570000231266022,0.1977500021457672,0.07180000096559525,0.11299999803304672,0.3749000132083893,0.23135000467300415,0.4684684755671889,0.07830343042019051,Semey,-0.3901650309562683,0,"{""type"":""Point"",""coordinates"":[80.45728248693229,50.67224048010672]}"
1_2_513,0.2865000069141388,0.26660001277923584,0.2549000084400177,0.24424999952316284,0.16779999434947968,0.1673000007867813,0.25429999828338623,0.23800000548362732,-0.0011783388623507886,-0.012960070450279252,Semey,-0.011781731620430946,0,"{""type"":""Point"",""coordinates"":[80.57843834608403,50.51206375446709]}"
1_2_515,0.1746000051498413,0.14585000276565552,0.1168999969959259,0.11585000157356262,0.0674000009894371,0.06669999659061432,0.17790000140666962,0.15600000321865082,0.20691996180895042,0.14769174521728096,Semey,-0.059228215366601944,0,"{""type"":""Point"",""coordinates"":[80.44109583327766,50.431918493894315]}"
1_2_517,0.22840000689029694,0.23205000162124634,0.19099999964237213,0.20440000295639038,0.10159999877214432,0.10899999737739563,0.21584999561309814,0.19265000522136688,0.061079012561182755,-0.02959324390635218,Semey,-0.09067225456237793,0,"{""type"":""Point"",""coordinates"":[80.93715434770805,50.68113656871727]}"
1_2_519,0.2079000025987625,0.21979999542236328,0.11949999630451202,0.14194999635219574,0.0674000009894371,0.08079999685287476,0.26579999923706055,0.28584998846054077,0.3797041386593093,0.3363721300068191,Semey,-0.04333201050758362,0,"{""type"":""Point"",""coordinates"":[80.59713752165317,50.38908674843184]}"
1_2_521,0.20749999582767487,0.19689999520778656,0.16279999911785126,0.1581999957561493,0.07999999821186066,0.07980000227689743,0.17949999868869781,0.16509999334812164,0.04878761226368621,0.021342399704650034,Semey,-0.02744521200656891,0,"{""type"":""Point"",""coordinates"":[80.57546641408324,50.48367104639813]}"
1_2_523,0.33000001311302185,0.27799999713897705,0.2711000144481659,0.22945000231266022,0.14159999787807465,0.1216999962925911,0.24369999766349792,0.2117999941110611,-0.05322458457659226,-0.040000018911388865,Semey,0.013224565424025059,0,"{""type"":""Point"",""coordinates"":[80.51344515541648,50.30926706334393]}"
1_2_526,0.1981000006198883,0.18520000576972961,0.1467999964952469,0.1281999945640564,0.10000000149011612,0.09605000168085098,0.22759999334812164,0.19850000739097595,0.21581196326067664,0.215182162247418,Semey,-6.298010121099651E-4,0,"{""type"":""Point"",""coordinates"":[80.60660133978887,50.39331989872378]}"
1_2_528,0.3564999997615814,0.3301999866962433,0.3179999887943268,0.30744999647140503,0.16940000653266907,0.1688999980688095,0.25780001282691956,0.24654999375343323,-0.10455014900643571,-0.10992780467966402,Semey,-0.005377655848860741,0,"{""type"":""Point"",""coordinates"":[80.43182429197475,50.50736864531134]}"
1_2_529,0.19050000607967377,0.1965000033378601,0.14030000567436218,0.1611499935388565,0.09480000287294388,0.09525000303983688,0.17274999618530273,0.1668500006198883,0.10365753176224972,0.01737807067848032,Semey,-0.08627945929765701,0,"{""type"":""Point"",""coordinates"":[80.66729819638194,50.6308530843514]}"
1_2_530,0.2800000011920929,0.2838999927043915,0.1949000060558319,0.22519999742507935,0.14100000262260437,0.1761000007390976,0.33059999346733093,0.27535000443458557,0.258230233177227,0.1001898048610264,Semey,-0.15804043412208557,0,"{""type"":""Point"",""coordinates"":[80.46168706687459,50.38368887350231]}"
1_2_532,0.21040000021457672,0.3104499876499176,0.12880000472068787,0.33274999260902405,0.05739999935030937,0.09880000352859497,0.34689998626708984,0.14980000257492065,0.45848220659732086,-0.3791316793286137,Semey,-0.8376138806343079,0,"{""type"":""Point"",""coordinates"":[80.98607155242574,50.55621202483324]}"
1_2_534,0.21220000088214874,0.2999500036239624,0.148499995470047,0.28439998626708984,0.07559999823570251,0.14569999277591705,0.32679998874664307,0.21699999272823334,0.37513149420873704,-0.13442360662620845,Semey,-0.5095551013946533,0,"{""type"":""Point"",""coordinates"":[80.60866561608884,50.376333694579344]}"
1_2_535,0.15459999442100525,0.17204999923706055,0.09905000030994415,0.12354999780654907,0.035750001668930054,0.05260000005364418,0.1960500031709671,0.19005000591278076,0.3287021406873601,0.212053594762546,Semey,-0.11664854735136032,0,"{""type"":""Point"",""coordinates"":[80.7555509144302,50.67776711698227]}"
1_2_538,0.2903999984264374,0.2798500061035156,0.2029000073671341,0.26695001125335693,0.1242000013589859,0.15919999778270721,0.34700000286102295,0.2101999968290329,0.26204763195785513,-0.11893537349479615,Semey,-0.38098299503326416,0,"{""type"":""Point"",""coordinates"":[80.40913345545896,50.33958440808929]}"
1_2_541,0.21950000524520874,0.225600004196167,0.1386999934911728,0.14745000004768372,0.0421999990940094,0.062950000166893,0.30720001459121704,0.23160000145435333,0.37788745917427785,0.2220023771882702,Semey,-0.15588508546352386,0,"{""type"":""Point"",""coordinates"":[80.93073508259896,50.68133960637772]}"
1_2_542,0.1399500072002411,0.14470000565052032,0.09229999780654907,0.10220000147819519,0.04690000042319298,0.04715000092983246,0.15610000491142273,0.15504999458789825,0.2568438261142487,0.20544215322796228,Semey,-0.05140167474746704,0,"{""type"":""Point"",""coordinates"":[80.71002992709951,50.64894117890442]}"
1_2_543,0.09690000116825104,0.10589999705553055,0.05490000173449516,0.06120000034570694,0.03420000150799751,0.03554999828338623,0.17000000178813934,0.1662999987602234,0.5117830068955967,0.4619780168244263,Semey,-0.049804989248514175,0,"{""type"":""Point"",""coordinates"":[80.86697304833592,50.671436888145436]}"
1_2_544,0.1315000057220459,0.12575000524520874,0.08640000224113464,0.08070000261068344,0.041600000113248825,0.03440000116825104,0.16419999301433563,0.1657000035047531,0.31045487727918347,0.34496752753426396,Semey,0.03451265022158623,0,"{""type"":""Point"",""coordinates"":[80.76343146036518,50.660166262973505]}"
1_2_545,0.10249999910593033,0.17135000228881836,0.07365000247955322,0.121799997985363,0.03415000066161156,0.047449998557567596,0.11159999668598175,0.17170000076293945,0.20485826924359293,0.1700170459638377,Semey,-0.03484122455120087,0,"{""type"":""Point"",""coordinates"":[80.6681340068065,50.61803190769287]}"
1_2_546,0.2304999977350235,0.19945000112056732,0.17739999294281006,0.16130000352859497,0.08839999884366989,0.07724999636411667,0.179299995303154,0.16824999451637268,0.005326611782879505,0.02108933706268562,Semey,0.015762725844979286,0,"{""type"":""Point"",""coordinates"":[80.55898474063466,50.51523921503325]}"
1_2_547,0.19760000705718994,0.18434999883174896,0.14959999918937683,0.1425500065088272,0.06639999896287918,0.06504999846220016,0.2379000037908554,0.20624999701976776,0.227870977864181,0.1826261177366025,Semey,-0.045244861394166946,0,"{""type"":""Point"",""coordinates"":[80.41841422013252,50.41669963668446]}"
1_2_548,0.3249000012874603,0.30320000648498535,0.2897999882698059,0.2798500061035156,0.16060000658035278,0.14470000565052032,0.21930000185966492,0.21060000360012054,-0.13847964599687365,-0.14119686233718443,Semey,-0.0027172162663191557,0,"{""type"":""Point"",""coordinates"":[80.49595074159441,50.456959263484706]}"
1_2_549,0.21469999849796295,0.28929999470710754,0.12370000034570694,0.2960500121116638,0.048500001430511475,0.10830000042915344,0.35989999771118164,0.1589999943971634,0.48842017848331165,-0.3011757295993839,Semey,-0.789595901966095,0,"{""type"":""Point"",""coordinates"":[80.95320265119956,50.697663621002704]}"
1_2_554,0.33070001006126404,0.2777999937534332,0.2754000127315521,0.2295999974012375,0.15240000188350677,0.12080000340938568,0.24979999661445618,0.2295999974012375,-0.04874336569219354,0.0,Semey,0.048743367195129395,0,"{""type"":""Point"",""coordinates"":[80.48948449431302,50.3575059231499]}"
1_2_557,0.3626999855041504,0.31485000252723694,0.3147999942302704,0.27184998989105225,0.1736000031232834,0.14509999752044678,0.24660000205039978,0.2320999950170517,-0.12148199613769543,-0.07887686489612461,Semey,0.04260513186454773,0,"{""type"":""Point"",""coordinates"":[80.53297536757795,50.34398788148087]}"
1_2_559,0.10419999808073044,0.10570000112056732,0.05999999865889549,0.06385000050067902,0.03164999932050705,0.03359999880194664,0.16910000145435333,0.1509999930858612,0.4762112734243888,0.40563181376162677,Semey,-0.07057946175336838,0,"{""type"":""Point"",""coordinates"":[80.87634511267395,50.688007802674846]}"
1_2_561,0.20270000398159027,0.187950000166893,0.164000004529953,0.1550000011920929,0.10199999809265137,0.09629999846220016,0.18850000202655792,0.17659999430179596,0.06950353770469281,0.0651387014572536,Semey,-0.0043648360297083855,0,"{""type"":""Point"",""coordinates"":[80.53058556239918,50.4777661746815]}"
1_2_562,0.3407999873161316,0.3095499873161316,0.2872999906539917,0.2600499987602234,0.15479999780654907,0.13169999420642853,0.23090000450611115,0.21684999763965607,-0.10883826066122451,-0.09058503134133855,Semey,0.018253229558467865,0,"{""type"":""Point"",""coordinates"":[80.69506384121317,50.3607835951647]}"
1_2_566,0.3425000011920929,0.2688499987125397,0.3046500086784363,0.23749999701976776,0.13050000369548798,0.09075000137090683,0.2268500030040741,0.18445000052452087,-0.14637818243517883,-0.12572578932099332,Semey,0.020652392879128456,0,"{""type"":""Point"",""coordinates"":[80.97106714436936,50.59959890762045]}"
1_2_573,0.09200000017881393,0.10170000046491623,0.04610000178217888,0.056299999356269836,0.025800000876188278,0.029100000858306885,0.195700004696846,0.18520000576972961,0.6186931302983414,0.5337474272359037,Semey,-0.08494570106267929,0,"{""type"":""Point"",""coordinates"":[80.90670730798581,50.67504968467049]}"
1_2_576,0.1485999971628189,0.1683499962091446,0.10379999876022339,0.12060000002384186,0.039900001138448715,0.04560000076889992,0.14869999885559082,0.15729999542236328,0.1778217842349608,0.13206187837317065,Semey,-0.0457599051296711,0,"{""type"":""Point"",""coordinates"":[80.69118092544352,50.646629342617466]}"
1_2_577,0.37049999833106995,0.32429999113082886,0.3109000027179718,0.26440000534057617,0.17219999432563782,0.13729999959468842,0.2784000039100647,0.24564999341964722,-0.05515017553431143,-0.03676112531419378,Semey,0.018389049917459488,0,"{""type"":""Point"",""coordinates"":[80.61024107513103,50.31225397089651]}"
1_2_578,0.2669999897480011,0.2529500126838684,0.2248000055551529,0.21089999377727509,0.15279999375343323,0.1396999955177307,0.21060000360012054,0.19210000336170197,-0.03261369236666302,-0.04665010061796558,Semey,-0.014036408625543118,0,"{""type"":""Point"",""coordinates"":[80.62214894910433,50.5538202102323]}"
1_2_584,0.21729999780654907,0.319350004196167,0.1492999941110611,0.3264999985694885,0.06499999761581421,0.1274999976158142,0.2946999967098236,0.1860000044107437,0.32747749010071203,-0.2741463284716587,Semey,-0.6016238331794739,0,"{""type"":""Point"",""coordinates"":[80.40989322121118,50.64651606190451]}"
1_2_585,0.22859999537467957,0.18934999406337738,0.19370000064373016,0.14435000717639923,0.10260000079870224,0.08190000057220459,0.2094999998807907,0.17149999737739563,0.03918650599331946,0.08595849235256944,Semey,0.04677198454737663,0,"{""type"":""Point"",""coordinates"":[80.58745995325384,50.43286617585112]}"
1_2_586,0.3125999867916107,0.3006500005722046,0.2655999958515167,0.24914999306201935,0.11999999731779099,0.10819999873638153,0.2328999936580658,0.21404999494552612,-0.0655967961516323,-0.07577719996815166,Semey,-0.010180403478443623,0,"{""type"":""Point"",""coordinates"":[80.70234743934266,50.398487344319726]}"
1_2_587,0.16259999573230743,0.15309999883174896,0.1185000017285347,0.11429999768733978,0.055399999022483826,0.05820000171661377,0.16030000150203705,0.15925000607967377,0.1499282614388391,0.1643209935051529,Semey,0.014392731711268425,0,"{""type"":""Point"",""coordinates"":[80.58458550411639,50.4653285122499]}"
1_2_588,0.1618500053882599,0.16175000369548798,0.0706000030040741,0.09544999897480011,0.02500000037252903,0.053199999034404755,0.35499998927116394,0.17630000412464142,0.6682330625682124,0.2975161149133671,Semey,-0.37071695923805237,0,"{""type"":""Point"",""coordinates"":[80.9035732192631,50.681585703127304]}"
1_2_589,0.28060001134872437,0.2513499855995178,0.23180000483989716,0.2168000042438507,0.10939999669790268,0.10819999873638153,0.1988999992609024,0.1772499978542328,-0.07638728875260226,-0.10036798928825656,Semey,-0.023980701342225075,0,"{""type"":""Point"",""coordinates"":[80.43348897173135,50.48786032947707]}"
1_2_590,0.16419999301433563,0.14270000159740448,0.11079999804496765,0.10199999809265137,0.06040000170469284,0.05530000105500221,0.17569999396800995,0.16335000097751617,0.22652704269570284,0.23120408177820187,Semey,0.0046770391054451466,0,"{""type"":""Point"",""coordinates"":[80.48119811642826,50.42121391848098]}"
1_2_592,0.007600000128149986,0.01600000075995922,0.005900000222027302,0.014399999752640724,0.015949999913573265,0.07940000295639038,0.009200000204145908,0.017500000074505806,0.21854303900539193,0.09717869400196728,Semey,-0.12136434763669968,0,"{""type"":""Point"",""coordinates"":[80.97930237282989,50.397834072058956]}"
1_2_595,0.12399999797344208,0.13404999673366547,0.08240000158548355,0.09255000203847885,0.034299999475479126,0.038100000470876694,0.1753000020980835,0.17139999568462372,0.3604966984271874,0.2987307987358373,Semey,-0.061765898019075394,0,"{""type"":""Point"",""coordinates"":[80.68541313475394,50.64001447964212]}"
1_2_596,0.21140000224113464,0.28690001368522644,0.13030000030994415,0.2996000051498413,0.053599998354911804,0.1103999987244606,0.33090001344680786,0.16009999811649323,0.43495231386238636,-0.3034587906072442,Semey,-0.7384111285209656,0,"{""type"":""Point"",""coordinates"":[80.51463505276423,50.69412859798593]}"
1_2_597,0.17919999361038208,0.17149999737739563,0.13030000030994415,0.13324999809265137,0.05860000103712082,0.05570000037550926,0.16940000653266907,0.1561499983072281,0.13046381491495326,0.07912923462146339,Semey,-0.051334578543901443,0,"{""type"":""Point"",""coordinates"":[80.47821329842117,50.453355457763486]}"
1_2_598,0.3098999857902527,0.3264000117778778,0.28349998593330383,0.3337000012397766,0.1324000060558319,0.12680000066757202,0.2337999939918518,0.18950000405311584,-0.0960757662287997,-0.2756116126297365,Semey,-0.1795358508825302,0,"{""type"":""Point"",""coordinates"":[80.5960189346777,50.66370989824145]}"
1_2_600,0.35420000553131104,0.31174999475479126,0.30660000443458557,0.2609499990940094,0.155799999833107,0.13349999487400055,0.25769999623298645,0.23614999651908875,-0.08665604845605168,-0.04988936389817018,Semey,0.03676668554544449,0,"{""type"":""Point"",""coordinates"":[80.63704486494915,50.31237164747217]}"
1_2_602,0.20260000228881836,0.19464999437332153,0.15189999341964722,0.16044999659061432,0.08739999681711197,0.0835999995470047,0.15330000221729279,0.149849995970726,0.004587184854717338,-0.03416049266515174,Semey,-0.038747675716876984,0,"{""type"":""Point"",""coordinates"":[80.60172945230103,50.52275253241818]}"
1_2_603,0.31299999356269836,0.298550009727478,0.2770000100135803,0.27549999952316284,0.1454000025987625,0.15279999375343323,0.2363000065088272,0.22304999828338623,-0.07929086731867736,-0.10520509772447866,Semey,-0.025914231315255165,0,"{""type"":""Point"",""coordinates"":[80.4295775616612,50.391437617914434]}"
1_2_604,0.27970001101493835,0.32760000228881836,0.22499999403953552,0.3365499973297119,0.09860000014305115,0.13019999861717224,0.27619999647140503,0.1902499943971634,0.10215483519797049,-0.2777145125856403,Semey,-0.37986934185028076,0,"{""type"":""Point"",""coordinates"":[80.5324586712632,50.65429440654673]}"
1_2_609,0.19840000569820404,0.17784999310970306,0.1551000028848648,0.1477999985218048,0.0714000016450882,0.07410000264644623,0.17470000684261322,0.15424999594688416,0.05942996779758856,0.021354072316488535,Semey,-0.03807589411735535,0,"{""type"":""Point"",""coordinates"":[80.43246799352755,50.47684896268408]}"
1_2_614,0.34584999084472656,0.3077000081539154,0.2983500063419342,0.2644500136375427,0.13920000195503235,0.11890000104904175,0.2190999984741211,0.2012999951839447,-0.15315490797219172,-0.13558779872788398,Semey,0.017567109316587448,0,"{""type"":""Point"",""coordinates"":[80.85923826399191,50.3134992665829]}"
1_2_617,0.23929999768733978,0.2232999950647354,0.19529999792575836,0.18045000731945038,0.0949999988079071,0.09414999932050705,0.188400000333786,0.17524999380111694,-0.01798279286752829,-0.014619098965284651,Semey,0.00336369383148849,0,"{""type"":""Point"",""coordinates"":[80.46319166406369,50.49649179736338]}"
1_2_621,0.2987000048160553,0.283050000667572,0.2630000114440918,0.2838999927043915,0.13259999454021454,0.10649999976158142,0.25029999017715454,0.16349999606609344,-0.02474190770860029,-0.2691104149760337,Semey,-0.2443685084581375,0,"{""type"":""Point"",""coordinates"":[80.42497844858555,50.69502408341979]}"
1_2_623,0.34529998898506165,0.29624998569488525,0.31040000915527344,0.2549000084400177,0.13840000331401825,0.11110000312328339,0.22689999639987946,0.1977500021457672,-0.15540668507739827,-0.1262565005141419,Semey,0.029150184243917465,0,"{""type"":""Point"",""coordinates"":[80.57786650526288,50.64333864093745]}"
1_2_624,0.3260999917984009,0.2990500032901764,0.27090001106262207,0.242249995470047,0.147599995136261,0.13500000536441803,0.2295999974012375,0.21529999375343323,-0.08251750841751844,-0.05890067173283362,Semey,0.023616837337613106,0,"{""type"":""Point"",""coordinates"":[80.69303673568302,50.31033929045927]}"
1_2_626,0.22005000710487366,0.22010000050067902,0.17104999721050262,0.1772499978542328,0.09600000083446503,0.09324999898672104,0.17170000076293945,0.15889999270439148,0.0018964363421737906,-0.05458874212474828,Semey,-0.05648517981171608,0,"{""type"":""Point"",""coordinates"":[80.60674763339422,50.57222189303492]}"
1_2_627,0.17000000178813934,0.15084999799728394,0.10980000346899033,0.10745000094175339,0.06279999762773514,0.05829999968409538,0.15360000729560852,0.148049995303154,0.1662870236773162,0.158904089855578,Semey,-0.007382933981716633,0,"{""type"":""Point"",""coordinates"":[80.6183495210737,50.588584212703445]}"
1_2_629,0.18310000002384186,0.1695999950170517,0.13809999823570251,0.13484999537467957,0.06669999659061432,0.0653500035405159,0.164000004529953,0.16249999403953552,0.08573322097696767,0.09298806002760235,Semey,0.007254838943481445,0,"{""type"":""Point"",""coordinates"":[80.5143131959604,50.48958771748584]}"
1_2_630,0.18979999423027039,0.17065000534057617,0.1404000073671341,0.1350499987602234,0.06679999828338623,0.05959999933838844,0.14949999749660492,0.13905000686645508,0.03139009995445868,0.014593243429843855,Semey,-0.016796857118606567,0,"{""type"":""Point"",""coordinates"":[80.6370470058918,50.52445740980187]}"
1_2_631,0.13795000314712524,0.1445000022649765,0.08824999630451202,0.09809999912977219,0.046300001442432404,0.04610000178217888,0.17374999821186066,0.1687999963760376,0.32633589197272156,0.26489321257679244,Semey,-0.06144268065690994,0,"{""type"":""Point"",""coordinates"":[80.77464372069694,50.68971984183585]}"
1_2_632,0.12155000120401382,0.12370000034570694,0.07720000296831131,0.08105000108480453,0.03849999979138374,0.03709999844431877,0.15600000321865082,0.1514499932527542,0.3379073677517985,0.3027956726129565,Semey,-0.035111695528030396,0,"{""type"":""Point"",""coordinates"":[80.71932036051156,50.652170295763774]}"
1_2_633,0.16779999434947968,0.1611499935388565,0.11909999698400497,0.12314999848604202,0.05979999899864197,0.059849999845027924,0.16930000483989716,0.16545000672340393,0.174063826416147,0.14656967246644187,Semey,-0.0274941548705101,0,"{""type"":""Point"",""coordinates"":[80.53240186715739,50.46411107182757]}"
1_2_635,0.3357999920845032,0.322299987077713,0.29159998893737793,0.2822999954223633,0.13439999520778656,0.14399999380111694,0.2354000061750412,0.21279999613761902,-0.1066413345038992,-0.14037568262879724,Semey,-0.03373434767127037,0,"{""type"":""Point"",""coordinates"":[80.80039051049184,50.366519582856704]}"
1_2_637,0.3264999985694885,0.2922999858856201,0.2635999917984009,0.23454999923706055,0.15160000324249268,0.1289999932050705,0.22669999301433563,0.21674999594688416,-0.07526004472172013,-0.03944162082900381,Semey,0.035818424075841904,0,"{""type"":""Point"",""coordinates"":[80.53564269935775,50.325709413678396]}"
1_2_639,0.2471500039100647,0.30079999566078186,0.18039999902248383,0.3048500120639801,0.06689999997615814,0.10740000009536743,0.2981500029563904,0.16259999573230743,0.2460558007459891,-0.3043106513192413,Semey,-0.5503664612770081,0,"{""type"":""Point"",""coordinates"":[80.93928799708974,50.66111705672375]}"
1_2_640,0.188400000333786,0.15080000460147858,0.1281999945640564,0.11069999635219574,0.05979999899864197,0.0560000017285347,0.17520000040531158,0.15365000069141388,0.15491103039075668,0.16247401104427744,Semey,0.007562980521470308,0,"{""type"":""Point"",""coordinates"":[80.4735538866251,50.540512145967924]}"
1_2_642,0.22550000250339508,0.18209999799728394,0.16670000553131104,0.1407500058412552,0.1289999932050705,0.09749999642372131,0.19550000131130219,0.1728000044822693,0.0795140674652323,0.10221654468435369,Semey,0.022702477872371674,0,"{""type"":""Point"",""coordinates"":[80.4742189370311,50.52515896153492]}"
1_2_643,0.2434999942779541,0.2480500042438507,0.19634999334812164,0.20100000500679016,0.09239999949932098,0.10279999673366547,0.21435000002384186,0.19979999959468842,0.04382762835697915,-0.00299402544492216,Semey,-0.046821653842926025,0,"{""type"":""Point"",""coordinates"":[80.98559531221503,50.37161193901107]}"
1_2_644,0.28029999136924744,0.31209999322891235,0.22849999368190765,0.302700012922287,0.11680000275373459,0.147599995136261,0.26589998602867126,0.2046000063419342,0.07564723681553853,-0.19337670580544283,Semey,-0.26902395486831665,0,"{""type"":""Point"",""coordinates"":[80.947799590627,50.33239597717787]}"
1_2_645,0.23019999265670776,0.21584999561309814,0.17990000545978546,0.17710000276565552,0.0868000015616417,0.08299999684095383,0.19679999351501465,0.17935000360012054,0.0448632548479506,0.0063122479850825355,Semey,-0.038551006466150284,0,"{""type"":""Point"",""coordinates"":[80.59306631549074,50.51462157740705]}"
1_2_646,0.3239000141620636,0.31220000982284546,0.27869999408721924,0.29585000872612,0.1379999965429306,0.13850000500679016,0.25859999656677246,0.21070000529289246,-0.03740926460091955,-0.1680979194090627,Semey,-0.1306886523962021,0,"{""type"":""Point"",""coordinates"":[80.9335727304087,50.342178265224526]}"
1_2_647,0.32249999046325684,0.30329999327659607,0.2856000065803528,0.28040000796318054,0.1485999971628189,0.14190000295639038,0.2232999950647354,0.2175000011920929,-0.12242093007314628,-0.12633059974793426,Semey,-0.003909669816493988,0,"{""type"":""Point"",""coordinates"":[80.48420752438638,50.45975628271375]}"
1_2_648,0.22949999570846558,0.24365000426769257,0.1907999962568283,0.2159000039100647,0.12520000338554382,0.13940000534057617,0.2282000035047531,0.21719999611377716,0.08926016054703123,0.0030015982536155616,Semey,-0.08625856041908264,0,"{""type"":""Point"",""coordinates"":[80.46699151797829,50.66766693598566]}"
1_2_649,0.22020000219345093,0.22075000405311584,0.17309999465942383,0.1774500012397766,0.09600000083446503,0.09004999697208405,0.19439999759197235,0.18565000593662262,0.05795919287524176,0.022583322871878458,Semey,-0.035375870764255524,0,"{""type"":""Point"",""coordinates"":[80.6091172972689,50.50438496991243]}"
1_2_650,0.21469999849796295,0.29214999079704285,0.11140000075101852,0.3028999865055084,0.04540000110864639,0.10700000077486038,0.42809998989105225,0.15825000405311584,0.5870250132221914,-0.3136723092570545,Semey,-0.9006973505020142,0,"{""type"":""Point"",""coordinates"":[80.98020998781584,50.66745974625628]}"
1_2_651,0.1595499962568283,0.1501999944448471,0.10864999890327454,0.10980000346899033,0.05714999884366989,0.05429999902844429,0.17544999718666077,0.16165000200271606,0.23512847308255463,0.19101122670314383,Semey,-0.04411724582314491,0,"{""type"":""Point"",""coordinates"":[80.57543165900067,50.452511564079835]}"
1_2_652,0.3395499885082245,0.33274999260902405,0.32010000944137573,0.30445000529289246,0.1607999950647354,0.16060000658035278,0.23070000112056732,0.23080000281333923,-0.1623093801861038,-0.1375992552342677,Semey,0.024710124358534813,0,"{""type"":""Point"",""coordinates"":[80.85462012181709,50.451988492385965]}"
1_2_655,0.2669999897480011,0.3472000062465668,0.20659999549388885,0.35899999737739563,0.09139999747276306,0.1379999965429306,0.29760000109672546,0.2061000019311905,0.18048394727920666,-0.27057157252394637,Semey,-0.45105552673339844,0,"{""type"":""Point"",""coordinates"":[80.4560536073669,50.62082242997206]}"
1_2_658,0.26829999685287476,0.3837999999523163,0.21150000393390656,0.39785000681877136,0.09200000017881393,0.15160000324249268,0.28790000081062317,0.2268500030040741,0.15298357258886966,-0.27373139286997933,Semey,-0.4267149567604065,0,"{""type"":""Point"",""coordinates"":[80.42133939948027,50.618452138500196]}"
1_2_660,0.15860000252723694,0.1696999967098236,0.11379999667406082,0.1270499974489212,0.051600001752376556,0.06340000033378601,0.14749999344348907,0.15354999899864197,0.12897052446985469,0.09444049139420757,Semey,-0.03453003242611885,0,"{""type"":""Point"",""coordinates"":[80.66387353784535,50.606993284921415]}"
1_2_661,0.3061000108718872,0.30445000529289246,0.257099986076355,0.28040000796318054,0.12460000067949295,0.1404000073671341,0.24310000240802765,0.22390000522136688,-0.02798877247228174,-0.11203648872628051,Semey,-0.08404771983623505,0,"{""type"":""Point"",""coordinates"":[80.42919867603247,50.40269294522724]}"
1_2_664,0.010499999858438969,0.02070000022649765,0.007300000172108412,0.016699999570846558,0.0142000000923872,0.07800000160932541,0.013700000010430813,0.026200000196695328,0.30476189441387624,0.22144523723369494,Semey,-0.08331665396690369,0,"{""type"":""Point"",""coordinates"":[80.81724756510658,50.35792680247549]}"
1_2_665,0.32089999318122864,0.2937000095844269,0.26489999890327454,0.2415499985218048,0.11779999732971191,0.10395000129938126,0.21379999816417694,0.20205000042915344,-0.10674744318391405,-0.08904417986037517,Semey,0.017703263089060783,0,"{""type"":""Point"",""coordinates"":[80.4952282606672,50.648886176715855]}"
1_2_666,0.31220000982284546,0.28540000319480896,0.2524000108242035,0.23604999482631683,0.1428000032901764,0.13580000400543213,0.22750000655651093,0.20399999618530273,-0.051885816557366134,-0.07283263105479262,Semey,-0.020946813747286797,0,"{""type"":""Point"",""coordinates"":[80.43591776034432,50.375240315767854]}"
1_2_669,0.2791999876499176,0.29864999651908875,0.2037000060081482,0.2610499858856201,0.09009999781847,0.12219999730587006,0.2827000021934509,0.19134999811649323,0.1624177525765161,-0.1540671755832805,Semey,-0.3164849281311035,0,"{""type"":""Point"",""coordinates"":[80.49444436678029,50.39115003233154]}"
1_2_670,0.27810001373291016,0.2567000091075897,0.22120000422000885,0.21690000593662262,0.10339999943971634,0.09920000284910202,0.20980000495910645,0.19480000436306,-0.026450113731122417,-0.05367986645780188,Semey,-0.027229752391576767,0,"{""type"":""Point"",""coordinates"":[80.46532247521296,50.49347858070851]}"
1_2_671,0.38339999318122864,0.3405500054359436,0.352400004863739,0.3112500011920929,0.28439998626708984,0.23849999904632568,0.321399986743927,0.2877500057220459,-0.04600774488857877,-0.03923204540699698,Semey,0.006775699555873871,0,"{""type"":""Point"",""coordinates"":[80.49120075208081,50.331651448382566]}"
1_2_675,0.31940001249313354,0.2981500029563904,0.25130000710487366,0.2451000064611435,0.11299999803304672,0.10890000313520432,0.22120000422000885,0.2057500034570694,-0.06370370828238688,-0.0872795877529479,Semey,-0.023575879633426666,0,"{""type"":""Point"",""coordinates"":[80.77254596745334,50.36568416960984]}"
1_2_676,0.3573000133037567,0.3458000123500824,0.33219999074935913,0.31619998812675476,0.15760000050067902,0.13650000095367432,0.27250000834465027,0.24615000188350677,-0.09872661236010294,-0.12456652883015032,Semey,-0.025839917361736298,0,"{""type"":""Point"",""coordinates"":[80.72479743971208,50.69478879068957]}"
1_2_678,0.2451000064611435,0.25064998865127563,0.1534000039100647,0.1615999937057495,0.06599999964237213,0.08129999786615372,0.2651999890804291,0.23899999260902405,0.26708071438716746,0.19321018858562086,Semey,-0.07387052476406097,0,"{""type"":""Point"",""coordinates"":[80.67470676663034,50.372599811457576]}"
1_2_679,0.24985000491142273,0.2493000030517578,0.19280000030994415,0.20180000364780426,0.10970000177621841,0.11330000311136246,0.19990000128746033,0.19325000047683716,0.0180799616721038,-0.02164283782229631,Semey,-0.03972280025482178,0,"{""type"":""Point"",""coordinates"":[80.57207193207988,50.56495845146947]}"
1_2_680,0.3644999861717224,0.3130500018596649,0.3118000030517578,0.263700008392334,0.16859999299049377,0.14069999754428864,0.274399995803833,0.2504499852657318,-0.06380076308587339,-0.025770734785643252,Semey,0.038030028343200684,0,"{""type"":""Point"",""coordinates"":[80.52641927354257,50.30740437925554]}"
1_2_682,0.2849999964237213,0.3458999991416931,0.23309999704360962,0.35839998722076416,0.08259999752044678,0.12729999423027039,0.2833000123500824,0.19259999692440033,0.09721149185379156,-0.30090743206388687,Semey,-0.39811891317367554,0,"{""type"":""Point"",""coordinates"":[80.67399163092855,50.69724461169198]}"
1_2_683,0.18119999766349792,0.1632000058889389,0.12680000066757202,0.12394999712705612,0.06400000303983688,0.05909999832510948,0.16120000183582306,0.15164999663829803,0.11944444746261942,0.1005079830837213,Semey,-0.018936464563012123,0,"{""type"":""Point"",""coordinates"":[80.58451832173505,50.50024094992846]}"
1_2_687,0.25780001282691956,0.26260000467300415,0.24560000002384186,0.23240000009536743,0.17260000109672546,0.17520000040531158,0.22499999403953552,0.2298000007867813,-0.043773918920900066,-0.005625268939038937,Semey,0.03814864903688431,0,"{""type"":""Point"",""coordinates"":[80.94191528281394,50.41286414531038]}"
1_2_688,0.3560999929904938,0.3140999972820282,0.2978000044822693,0.26135000586509705,0.15379999577999115,0.13109999895095825,0.2345000058412552,0.21809999644756317,-0.11891789857855019,-0.09020754866808732,Semey,0.028710350394248962,0,"{""type"":""Point"",""coordinates"":[80.54785588391603,50.341918206106826]}"
1_2_689,0.3240000009536743,0.2804499864578247,0.27730000019073486,0.2362000048160553,0.1395999938249588,0.11129999905824661,0.22789999842643738,0.20804999768733978,-0.09778305997528625,-0.06336523797431017,Semey,0.03441782295703888,0,"{""type"":""Point"",""coordinates"":[80.680659004952,50.30554504766174]}"
1_2_690,0.2870999872684479,0.3121500015258789,0.2605000138282776,0.3089500069618225,0.13040000200271606,0.11999999731779099,0.218299999833107,0.18369999527931213,-0.08813703590454605,-0.2542373106926425,Semey,-0.16610027849674225,0,"{""type"":""Point"",""coordinates"":[80.55460421403454,50.66977781544414]}"
1_2_691,0.18719999492168427,0.20845000445842743,0.11959999799728394,0.15649999678134918,0.0421999990940094,0.07159999758005142,0.2867000102996826,0.2244500070810318,0.411272480654897,0.1783698900400319,Semey,-0.23290258646011353,0,"{""type"":""Point"",""coordinates"":[80.59037043155188,50.39344752586557]}"
1_2_692,0.3102000057697296,0.30504998564720154,0.2524000108242035,0.24480000138282776,0.11379999667406082,0.12759999930858612,0.19179999828338623,0.1941000074148178,-0.1364250592037681,-0.11551604682556553,Semey,0.020909013226628304,0,"{""type"":""Point"",""coordinates"":[80.52318964100711,50.61281906483278]}"
1_2_694,0.20479999482631683,0.26820001006126404,0.12690000236034393,0.18369999527931213,0.06599999964237213,0.09040000289678574,0.28209999203681946,0.2621000111103058,0.37946208264679604,0.17586364896207296,Semey,-0.20359843969345093,0,"{""type"":""Point"",""coordinates"":[80.54182227406504,50.402694005298926]}"
1_2_696,0.23285000026226044,0.27300000190734863,0.14730000495910645,0.18764999508857727,0.10599999874830246,0.12489999830722809,0.3119499981403351,0.28119999170303345,0.35851930771914864,0.19953076516996096,Semey,-0.15898853540420532,0,"{""type"":""Point"",""coordinates"":[80.55513786494517,50.405835108474214]}"
1_2_698,0.19619999825954437,0.18324999511241913,0.13860000669956207,0.13860000669956207,0.0685499981045723,0.06840000301599503,0.1586499959230423,0.14925000071525574,0.06745160318446208,0.03699841494305075,Semey,-0.030453188344836235,0,"{""type"":""Point"",""coordinates"":[80.63565989461722,50.58551316967175]}"
1_2_701,0.24719999730587006,0.31119999289512634,0.179299995303154,0.32124999165534973,0.08049999922513962,0.13259999454021454,0.30959999561309814,0.19059999287128448,0.2665166756615145,-0.2552505670287206,Semey,-0.521767258644104,0,"{""type"":""Point"",""coordinates"":[80.43209460194026,50.649102255405715]}"
1_2_702,0.19075000286102295,0.18445000052452087,0.13830000162124634,0.14550000429153442,0.06634999811649323,0.06880000233650208,0.15985000133514404,0.14785000681877136,0.07227905249107029,0.00801091678279599,Semey,-0.06426813453435898,0,"{""type"":""Point"",""coordinates"":[80.59382822775765,50.572555308394044]}"
1_2_706,0.1728000044822693,0.1529500037431717,0.12300000339746475,0.11559999734163284,0.05559999868273735,0.05559999868273735,0.1754000037908554,0.15970000624656677,0.17560321424630876,0.16018891511131175,Semey,-0.015414299443364143,0,"{""type"":""Point"",""coordinates"":[80.60603477792773,50.47256729900886]}"
1_2_707,0.3349500000476837,0.298799991607666,0.2891499996185303,0.2561500072479248,0.15230000019073486,0.12620000541210175,0.2565999925136566,0.23784999549388885,-0.05964270741938861,-0.03704455800094469,Semey,0.0225981492549181,0,"{""type"":""Point"",""coordinates"":[80.5695640803286,50.40839135967805]}"
1_2_708,0.3346000015735626,0.31150001287460327,0.28769999742507935,0.26930001378059387,0.14219999313354492,0.12160000205039978,0.23669999837875366,0.23074999451637268,-0.09725400353626949,-0.0770923280163758,Semey,0.020161675289273262,0,"{""type"":""Point"",""coordinates"":[80.46901135115948,50.69130489612741]}"
1_2_709,0.16380000114440918,0.1550000011920929,0.11685000360012054,0.11214999854564667,0.06629999727010727,0.05754999816417694,0.15049999952316284,0.15070000290870667,0.125864954291866,0.14666160985262391,Semey,0.020796654745936394,0,"{""type"":""Point"",""coordinates"":[80.48437678862001,50.57200899490061]}"
1_2_713,0.2061000019311905,0.1898999959230423,0.15119999647140503,0.15334999561309814,0.07169999927282333,0.07275000214576721,0.15880000591278076,0.147599995136261,0.024516159299756948,-0.0191061659863148,Semey,-0.043622326105833054,0,"{""type"":""Point"",""coordinates"":[80.56447827662731,50.534906579843046]}"
1_2_715,0.29660001397132874,0.29899999499320984,0.2547999918460846,0.2858999967575073,0.1703999936580658,0.1648000031709671,0.3095000088214874,0.2198999971151352,0.09693428479654832,-0.13048635911804804,Semey,-0.2274206429719925,0,"{""type"":""Point"",""coordinates"":[80.82482000362636,50.33233986190567]}"
1_2_716,0.15559999644756317,0.16269999742507935,0.07270000129938126,0.08295000344514847,0.04580000042915344,0.04704999923706055,0.373199999332428,0.26660001277923584,0.673917913449785,0.5253897891859863,Semey,-0.14852812886238098,0,"{""type"":""Point"",""coordinates"":[80.41300625091979,50.371933180873434]}"
1_2_717,0.35260000824928284,0.3231000006198883,0.2962999939918518,0.2736999988555908,0.13220000267028809,0.11969999969005585,0.22179999947547913,0.21170000731945038,-0.14379462546947575,-0.12772968839597107,Semey,0.01606493629515171,0,"{""type"":""Point"",""coordinates"":[80.70836197624209,50.69998714456087]}"
1_2_718,0.36629998683929443,0.33344998955726624,0.3188999891281128,0.28824999928474426,0.1762000024318695,0.15960000455379486,0.2467000037431717,0.23989999294281006,-0.12765202668835943,-0.0915459756763615,Semey,0.03610605001449585,0,"{""type"":""Point"",""coordinates"":[80.71975297821083,50.342510657783265]}"
1_2_719,0.21459999680519104,0.21089999377727509,0.17020000517368317,0.17784999310970306,0.07999999821186066,0.08164999634027481,0.1737000048160553,0.17395000159740448,0.010177375808964259,-0.011085820269967704,Semey,-0.02126319520175457,0,"{""type"":""Point"",""coordinates"":[80.63016914953809,50.534323601499565]}"
1_2_724,0.31209999322891235,0.2778500020503998,0.2793000042438507,0.25095000863075256,0.15219999849796295,0.13689999282360077,0.2085999995470047,0.19030000269412994,-0.14490675168584846,-0.1374504348555526,Semey,0.007456316612660885,0,"{""type"":""Point"",""coordinates"":[80.40815846808002,50.52831312081954]}"
1_2_726,0.3001999855041504,0.2946999967098236,0.25679999589920044,0.25014999508857727,0.1151999980211258,0.10970000177621841,0.20149999856948853,0.1873999983072281,-0.12066331659859972,-0.1434121762735027,Semey,-0.022748859599232674,0,"{""type"":""Point"",""coordinates"":[80.52038146695139,50.616762245075954]}"
1_2_728,0.257099986076355,0.22865000367164612,0.16920000314712524,0.148049995303154,0.07180000096559525,0.057999998331069946,0.26330000162124634,0.25540000200271606,0.21757224840845263,0.26608007786941723,Semey,0.04850782826542854,0,"{""type"":""Point"",""coordinates"":[80.54972813481469,50.31530670287333]}"
1_2_730,0.16380000114440918,0.1505499929189682,0.10859999805688858,0.10999999940395355,0.06120000034570694,0.0515500009059906,0.14920000731945038,0.14380000531673431,0.15748645622909707,0.1331757497403452,Semey,-0.024310706183314323,0,"{""type"":""Point"",""coordinates"":[80.68239430099098,50.513682235213864]}"
1_2_733,0.20170000195503235,0.18504999577999115,0.1096000000834465,0.10535000264644623,0.04910000041127205,0.04729999974370003,0.29350000619888306,0.25874999165534973,0.45621434693462587,0.4213128025532266,Semey,-0.03490154445171356,0,"{""type"":""Point"",""coordinates"":[80.69498861505693,50.30845693993305]}"
1_2_734,0.13670000433921814,0.1278499960899353,0.08449999988079071,0.08275000005960464,0.0364999994635582,0.039799999445676804,0.19380000233650208,0.18115000426769257,0.39274165140096345,0.37286852063120507,Semey,-0.019873131066560745,0,"{""type"":""Point"",""coordinates"":[80.4447316534392,50.59271874933262]}"
1_2_735,0.22190000116825104,0.2065500020980835,0.17389999330043793,0.16339999437332153,0.08659999817609787,0.07819999754428864,0.18019999563694,0.16695000231266022,0.01779159145248158,0.010746202436663523,Semey,-0.007045389153063297,0,"{""type"":""Point"",""coordinates"":[80.65959604266487,50.49192258503117]}"
1_2_737,0.10369999706745148,0.11434999853372574,0.06759999692440033,0.07244999706745148,0.033799998462200165,0.03974999859929085,0.1404999941587448,0.15254999697208405,0.35031235155227713,0.35600000900692436,Semey,0.005687657278031111,0,"{""type"":""Point"",""coordinates"":[80.49572733354745,50.58861672448425]}"
1_2_739,0.23399999737739563,0.2626500129699707,0.163100004196167,0.186599999666214,0.094200000166893,0.11079999804496765,0.26019999384880066,0.22529999911785126,0.22938811741340623,0.09395484235464974,Semey,-0.13543327152729034,0,"{""type"":""Point"",""coordinates"":[80.42494375098495,50.33859883391444]}"
1_2_740,0.13349999487400055,0.13220000267028809,0.08240000158548355,0.09049999713897705,0.042899999767541885,0.04365000128746033,0.15479999780654907,0.15164999663829803,0.30522764083741133,0.25252942833261266,Semey,-0.05269821360707283,0,"{""type"":""Point"",""coordinates"":[80.61944883643808,50.626092436135856]}"
1_2_741,0.305400013923645,0.28380000591278076,0.249099999666214,0.23235000669956207,0.11299999803304672,0.09775000065565109,0.19169999659061432,0.19345000386238098,-0.13021779392701277,-0.09135744920683164,Semey,0.038860343396663666,0,"{""type"":""Point"",""coordinates"":[80.53888611338091,50.6334920490266]}"
1_2_742,0.2797999978065491,0.26409998536109924,0.2483000010251999,0.23405000567436218,0.19140000641345978,0.17720000445842743,0.2556000053882599,0.2329999953508377,0.014487009863362061,-0.002248175401390956,Semey,-0.01673518493771553,0,"{""type"":""Point"",""coordinates"":[80.4101840668442,50.375403202762904]}"
1_2_743,0.275299996137619,0.29565000534057617,0.23440000414848328,0.3024500012397766,0.11420000344514847,0.11949999630451202,0.2295999974012375,0.1766500025987625,-0.010344842093133992,-0.2625756577606077,Semey,-0.25223082304000854,0,"{""type"":""Point"",""coordinates"":[80.43573125714644,50.672119509790505]}"
1_2_744,0.16859999299049377,0.15264999866485596,0.12044999748468399,0.11774999648332596,0.05339999869465828,0.052299998700618744,0.17075000703334808,0.15620000660419464,0.17273354659425957,0.14035411457390934,Semey,-0.03237943351268768,0,"{""type"":""Point"",""coordinates"":[80.59142726564069,50.454358112099676]}"
1_2_745,0.2791000008583069,0.2621999979019165,0.23280000686645508,0.22634999454021454,0.09870000183582306,0.10859999805688858,0.22460000216960907,0.21664999425411224,-0.017927425743009706,-0.02189616372790869,Semey,-0.0039687380194664,0,"{""type"":""Point"",""coordinates"":[80.4434922050737,50.488955121431054]}"
1_2_746,0.14914999902248383,0.14730000495910645,0.09605000168085098,0.09565000236034393,0.07289999723434448,0.06315000355243683,0.2046000063419342,0.1988999992609024,0.3610510619140133,0.35053470151843613,Semey,-0.010516360402107239,0,"{""type"":""Point"",""coordinates"":[80.84800133587542,50.685388094201386]}"
1_2_747,0.22290000319480896,0.18709999322891235,0.16449999809265137,0.1488499939441681,0.09210000187158585,0.07880000025033951,0.18940000236034393,0.1670999974012375,0.07035887040356126,0.05776231668611749,Semey,-0.0125965541228652,0,"{""type"":""Point"",""coordinates"":[80.47170018350857,50.517691470954354]}"
1_2_749,0.1665000021457672,0.164000004529953,0.11699999868869781,0.11155000329017639,0.05169999971985817,0.05249999836087227,0.17059999704360962,0.16455000638961792,0.18636995532086745,0.19195943948320768,Semey,0.005589484237134457,0,"{""type"":""Point"",""coordinates"":[80.67556564635933,50.60265450592518]}"
1_2_750,0.14319999516010284,0.17030000686645508,0.05849999934434891,0.08330000191926956,0.022700000554323196,0.03200000151991844,0.42419999837875366,0.3391000032424927,0.7576134260605196,0.605587116944428,Semey,-0.15202631056308746,0,"{""type"":""Point"",""coordinates"":[80.8871824316465,50.372289975311844]}"
1_2_752,0.22599999606609344,0.20520000159740448,0.17749999463558197,0.17589999735355377,0.0966000035405159,0.09144999831914902,0.16140000522136688,0.15234999358654022,-0.04750660791092051,-0.07174411094290466,Semey,-0.024237502366304398,0,"{""type"":""Point"",""coordinates"":[80.57956187333815,50.53123774038485]}"
1_2_756,0.38929998874664307,0.34459999203681946,0.3483999967575073,0.3024500012397766,0.17759999632835388,0.1598999947309494,0.2653999924659729,0.24815000593662262,-0.13522320910519714,-0.09861967779771125,Semey,0.03660353273153305,0,"{""type"":""Point"",""coordinates"":[80.81807168313263,50.30489223803615]}"
1_2_757,0.25110000371932983,0.2345999926328659,0.19419999420642853,0.20280000567436218,0.10580000281333923,0.10920000076293945,0.2021999955177307,0.1850000023841858,0.02018163854360618,-0.045899955957424944,Semey,-0.06608159095048904,0,"{""type"":""Point"",""coordinates"":[80.57161830236369,50.55401129764245]}"
1_2_761,0.19539999961853027,0.17599999904632568,0.13940000534057617,0.1363999992609024,0.0835999995470047,0.08184999972581863,0.1680999994277954,0.15514999628067017,0.09333331265746772,0.06431142962269114,Semey,-0.029021883383393288,0,"{""type"":""Point"",""coordinates"":[80.60683420757898,50.50803246740398]}"
1_2_766,0.18664999306201935,0.16859999299049377,0.133650004863739,0.12759999930858612,0.0608999989926815,0.05739999935030937,0.1518000066280365,0.14634999632835388,0.06358381864987393,0.06844313677090445,Semey,0.004859318025410175,0,"{""type"":""Point"",""coordinates"":[80.62282560568494,50.59052471084246]}"
1_2_767,0.2908500134944916,0.2796500027179718,0.2529999911785126,0.2514500021934509,0.13230000436306,0.13089999556541443,0.20774999260902405,0.18359999358654022,-0.09820944147955615,-0.1559591064591645,Semey,-0.0577496662735939,0,"{""type"":""Point"",""coordinates"":[80.49958066559266,50.41502235227657]}"
1_2_770,0.14810000360012054,0.1538500040769577,0.06710000336170197,0.08084999769926071,0.026799999177455902,0.038350000977516174,0.3499999940395355,0.28519999980926514,0.6782545970761357,0.5582570782704207,Semey,-0.11999751627445221,0,"{""type"":""Point"",""coordinates"":[80.41612660951154,50.37025072127]}"
1_2_771,0.2556999921798706,0.26899999380111694,0.15080000460147858,0.17550000548362732,0.060600001364946365,0.07930000126361847,0.3041999936103821,0.29144999384880066,0.33714283431156455,0.24831349937025482,Semey,-0.08882933855056763,0,"{""type"":""Point"",""coordinates"":[80.7155466551419,50.3824378571631]}"
1_2_773,0.20069999992847443,0.1733500063419342,0.14910000562667847,0.13490000367164612,0.06599999964237213,0.06549999862909317,0.17560000717639923,0.16200000047683716,0.08161379890610704,0.09127651204625112,Semey,0.009662712924182415,0,"{""type"":""Point"",""coordinates"":[80.45511766806167,50.53110182766197]}"
1_2_774,0.2809000015258789,0.25040000677108765,0.22920000553131104,0.21610000729560852,0.1088000014424324,0.10260000079870224,0.210999995470047,0.19200000166893005,-0.04134486601513636,-0.059054165884060573,Semey,-0.01770929992198944,0,"{""type"":""Point"",""coordinates"":[80.44754250029214,50.45939214627569]}"
1_2_780,0.1784999966621399,0.1602499932050705,0.125,0.12195000052452087,0.06340000033378601,0.056299999356269836,0.15860000252723694,0.15115000307559967,0.11847673564110774,0.10692054985775147,Semey,-0.011556185781955719,0,"{""type"":""Point"",""coordinates"":[80.5933740069841,50.50717462278955]}"
1_2_783,0.2020999938249588,0.17059999704360962,0.1444000005722046,0.13009999692440033,0.06719999760389328,0.05869999900460243,0.17080000042915344,0.15854999423027039,0.08375634445773719,0.09856226633530489,Semey,0.014805922284722328,0,"{""type"":""Point"",""coordinates"":[80.55667880103773,50.51696548186979]}"
1_2_784,0.29269999265670776,0.27480000257492065,0.24560000002384186,0.24115000665187836,0.10999999940395355,0.09905000030994415,0.20170000195503235,0.17219999432563782,-0.09814441733644994,-0.166807819434337,Semey,-0.06866340339183807,0,"{""type"":""Point"",""coordinates"":[80.49871545558581,50.66834632447763]}"
1_2_785,0.2590999901294708,0.243149995803833,0.2090499997138977,0.20874999463558197,0.11180000007152557,0.10339999943971634,0.20115000009536743,0.1889999955892563,-0.01925889717748322,-0.04965430429089765,Semey,-0.03039540722966194,0,"{""type"":""Point"",""coordinates"":[80.58706892002289,50.52118017305829]}"
1_2_786,0.11649999767541885,0.12995000183582306,0.07370000332593918,0.08900000154972076,0.044199999421834946,0.054749999195337296,0.14920000731945038,0.15399999916553497,0.33871691515360114,0.26748970133535255,Semey,-0.07122721523046494,0,"{""type"":""Point"",""coordinates"":[80.47434493289451,50.582854776022735]}"
1_2_787,0.20295000076293945,0.1941000074148178,0.155349999666214,0.1550000011920929,0.08699999749660492,0.0860000029206276,0.17960000038146973,0.1712000072002411,0.0723988676274175,0.049662800709262364,Semey,-0.022736066952347755,0,"{""type"":""Point"",""coordinates"":[80.99877221394344,50.41060599917278]}"
1_2_788,0.2858000099658966,0.3167499899864197,0.24660000205039978,0.31744998693466187,0.10109999775886536,0.11779999732971191,0.24469999969005585,0.1839500069618225,-0.0038672956515633555,-0.2662544507338005,Semey,-0.26238715648651123,0,"{""type"":""Point"",""coordinates"":[80.56334016524137,50.66807571919943]}"
1_2_790,0.15320000052452087,0.13840000331401825,0.07320000231266022,0.08834999799728394,0.023000000044703484,0.035349998623132706,0.38589999079704285,0.2143000066280365,0.6811152105804154,0.4161572995403658,Semey,-0.26495790481567383,0,"{""type"":""Point"",""coordinates"":[80.97550263120773,50.52036287165004]}"
1_2_793,0.2012999951839447,0.1618500053882599,0.09390000253915787,0.11095000058412552,0.02710000053048134,0.043800000101327896,0.45100000500679016,0.2911500036716461,0.6553496008852969,0.448147229993306,Semey,-0.20720237493515015,0,"{""type"":""Point"",""coordinates"":[80.48280985920583,50.367212427554776]}"
1_2_794,0.25394999980926514,0.29875001311302185,0.18379999697208405,0.3089500069618225,0.06804999709129333,0.11020000278949738,0.3188000023365021,0.16339999437332153,0.2686032740750777,-0.3081401760920704,Semey,-0.5767434239387512,0,"{""type"":""Point"",""coordinates"":[80.94236796683062,50.65118261018179]}"
1_2_795,0.24539999663829803,0.28505000472068787,0.20980000495910645,0.2937999963760376,0.09740000218153,0.0949999988079071,0.22059999406337738,0.14435000717639923,0.02509291154460888,-0.3410932054956666,Semey,-0.36618611216545105,0,"{""type"":""Point"",""coordinates"":[80.97546102641941,50.60644065278719]}"
1_2_797,0.12174999713897705,0.1559000015258789,0.08335000276565552,0.11190000176429749,0.047850001603364944,0.0560000017285347,0.14100000262260437,0.15780000388622284,0.2569645574876623,0.170189103300958,Semey,-0.08677545189857483,0,"{""type"":""Point"",""coordinates"":[80.66295225767712,50.62629361354406]}"
1_2_799,0.2581999897956848,0.3109000027179718,0.21279999613761902,0.30970001220703125,0.1136000007390976,0.13099999725818634,0.24390000104904175,0.18655000627040863,0.06809723035472595,-0.2481612117909093,Semey,-0.31625843048095703,0,"{""type"":""Point"",""coordinates"":[80.58489098129165,50.67206762655948]}"
1_2_800,0.15000000596046448,0.1234000027179718,0.09624999761581421,0.08444999903440475,0.05570000037550926,0.043699998408555984,0.1501999944448471,0.13384999334812164,0.2189084948956039,0.2262940725492717,Semey,0.007385577540844679,0,"{""type"":""Point"",""coordinates"":[80.61010814789336,50.585885543270486]}"
1_2_802,0.04410000145435333,0.049400001764297485,0.026599999517202377,0.037300001829862595,0.024399999529123306,0.06729999929666519,0.06679999828338623,0.056299999356269836,0.4304068491737214,0.20299142399180053,Semey,-0.22741542756557465,0,"{""type"":""Point"",""coordinates"":[80.92086295184541,50.36790187572718]}"
1_2_803,0.3009999990463257,0.30425000190734863,0.22429999709129333,0.2320999950170517,0.11940000206232071,0.1281999945640564,0.22200000286102295,0.20454999804496765,-0.005153471276083626,-0.0630940052898867,Semey,-0.0579405352473259,0,"{""type"":""Point"",""coordinates"":[80.66718027133741,50.66925092265067]}"
1_2_804,0.1265999972820282,0.12359999865293503,0.07190000265836716,0.09025000035762787,0.05139999836683273,0.06960000097751617,0.22949999570846558,0.1772499978542328,0.5228931450035514,0.3252336376753943,Semey,-0.19765950739383698,0,"{""type"":""Point"",""coordinates"":[80.70973612409328,50.377734856376435]}"
1_2_805,0.2089499980211258,0.19380000233650208,0.15940000116825104,0.15629999339580536,0.07450000196695328,0.0723000019788742,0.1691499948501587,0.1590999960899353,0.029675829554298122,0.008877624563955583,Semey,-0.020798204466700554,0,"{""type"":""Point"",""coordinates"":[80.62843771237002,50.53381042569058]}"
1_2_807,0.13529999554157257,0.14515000581741333,0.09549999982118607,0.10604999959468842,0.05204999819397926,0.0580499991774559,0.14824999868869781,0.15850000083446503,0.21641025308713088,0.19826120262593888,Semey,-0.01814904995262623,0,"{""type"":""Point"",""coordinates"":[80.438305603778,50.55716876983432]}"
1_2_808,0.26820001006126404,0.26820001006126404,0.18410000205039978,0.1822499930858612,0.09149999916553497,0.08749999850988388,0.2662999927997589,0.25665000081062317,0.1825044220453551,0.16951471578810134,Semey,-0.012989706359803677,0,"{""type"":""Point"",""coordinates"":[80.6807431685545,50.39423200132046]}"
1_2_809,0.2076999992132187,0.17870000004768372,0.1542000025510788,0.13590000569820404,0.07810000330209732,0.07015000283718109,0.17190000414848328,0.14865000545978546,0.05427783267024462,0.04480758833814381,Semey,-0.009470243938267231,0,"{""type"":""Point"",""coordinates"":[80.48887381266375,50.537264137470906]}"
1_2_811,0.24379999935626984,0.24975000321865082,0.20475000143051147,0.20884999632835388,0.10740000009536743,0.1046999990940094,0.2003999948501587,0.20389999449253082,-0.010736780501755921,-0.0119927363922611,Semey,-0.0012559558963403106,0,"{""type"":""Point"",""coordinates"":[80.59842257352265,50.56802217563096]}"
1_2_813,0.26660001277923584,0.33204999566078186,0.2126999944448471,0.341949999332428,0.0812000036239624,0.12610000371932983,0.26440000534057617,0.18790000677108765,0.1083630495053055,-0.29074264562949526,Semey,-0.3991056978702545,0,"{""type"":""Point"",""coordinates"":[80.64179368255661,50.6767486089814]}"
1_2_814,0.19850000739097595,0.19030000269412994,0.16699999570846558,0.1527000069618225,0.07540000230073929,0.07495000213384628,0.18850000202655792,0.17315000295639038,0.06047821787643907,0.06275892395921898,Semey,0.002280706074088812,0,"{""type"":""Point"",""coordinates"":[80.53275290822174,50.44177666608117]}"
1_2_815,0.328000009059906,0.3128499984741211,0.2842000126838684,0.28929999470710754,0.16339999437332153,0.18039999902248383,0.3147999942302704,0.2513499855995178,0.05108511050616433,-0.07019330526206008,Semey,-0.12127841264009476,0,"{""type"":""Point"",""coordinates"":[80.59776995399064,50.34288527197925]}"
1_2_816,0.310699999332428,0.2750999927520752,0.27489998936653137,0.24959999322891235,0.1444000005722046,0.13009999692440033,0.2184000015258789,0.1996999979019165,-0.11453474332817336,-0.11106164324954501,Semey,0.003473100019618869,0,"{""type"":""Point"",""coordinates"":[80.448985122721,50.445597903605695]}"
1_2_817,0.226500004529953,0.2433999925851822,0.11460000276565552,0.14640000462532043,0.039799999445676804,0.07419999688863754,0.4146000146865845,0.2843500077724457,0.566893427867288,0.320255366631861,Semey,-0.24663805961608887,0,"{""type"":""Point"",""coordinates"":[80.45190685500918,50.40897567443424]}"
1_2_821,0.33390000462532043,0.2888999879360199,0.27950000762939453,0.23739999532699585,0.14380000531673431,0.11990000307559967,0.2289000004529953,0.20970000326633453,-0.09952794329656883,-0.0619548023883052,Semey,0.03757314011454582,0,"{""type"":""Point"",""coordinates"":[80.52979545592036,50.3356072099071]}"
1_2_824,0.32565000653266907,0.3162499964237213,0.2874999940395355,0.272599995136261,0.1753000020980835,0.1664000004529953,0.2472500056028366,0.23444999754428864,-0.07526879563088758,-0.07523912462810647,Semey,2.9671002266695723E-5,0,"{""type"":""Point"",""coordinates"":[80.99486813585928,50.359927566319165]}"
1_2_829,0.24899999797344208,0.23309999704360962,0.20839999616146088,0.2037999927997589,0.1306000053882599,0.13459999859333038,0.21449999511241913,0.19625000655651093,0.014424211579157372,-0.018872606562671795,Semey,-0.033296819776296616,0,"{""type"":""Point"",""coordinates"":[80.49413849851642,50.507176380399905]}"
1_2_830,0.2551000118255615,0.23170000314712524,0.19460000097751617,0.19030000269412994,0.11140000075101852,0.10660000145435333,0.19990000128746033,0.18025000393390656,0.01343472821169787,-0.02712184207383303,Semey,-0.040556568652391434,0,"{""type"":""Point"",""coordinates"":[80.47238118928034,50.496277780322444]}"
1_2_832,0.3395000100135803,0.2897999882698059,0.28130000829696655,0.2333499938249588,0.14319999516010284,0.1168999969959259,0.24009999632835388,0.21610000729560852,-0.07901805063891229,-0.038380212451535584,Semey,0.04063783958554268,0,"{""type"":""Point"",""coordinates"":[80.56136766616513,50.336050379412676]}"
1_2_833,0.2822999954223633,0.3361000120639801,0.2485000044107437,0.3488500118255615,0.10660000145435333,0.12780000269412994,0.25209999084472656,0.19345000386238098,0.007191343324215724,-0.2865572625256992,Semey,-0.2937486171722412,0,"{""type"":""Point"",""coordinates"":[80.61838457125229,50.66826357893894]}"
1_2_840,0.31700000166893005,0.288100004196167,0.2556999921798706,0.22750000655651093,0.12960000336170197,0.11640000343322754,0.23199999332427979,0.21185000240802765,-0.04859544711917801,-0.035620812175165883,Semey,0.012974634766578674,0,"{""type"":""Point"",""coordinates"":[80.69459912051627,50.30922029176832]}"
1_2_842,0.20909999310970306,0.31139999628067017,0.13750000298023224,0.31769999861717224,0.060600001364946365,0.1234000027179718,0.2849000096321106,0.17919999361038208,0.34895833866168596,-0.2787281287445953,Semey,-0.6276864409446716,0,"{""type"":""Point"",""coordinates"":[80.40569290971303,50.65213863533626]}"
1_2_843,0.09910000115633011,0.0982000008225441,0.051600001752376556,0.0588500015437603,0.031300000846385956,0.030150000005960464,0.1891999989748001,0.17409999668598175,0.5714285581681646,0.49474134371342027,Semey,-0.07668721675872803,0,"{""type"":""Point"",""coordinates"":[80.58264139800501,50.62160399115541]}"
1_2_844,0.18279999494552612,0.1688999980688095,0.12849999964237213,0.131850004196167,0.07190000265836716,0.06759999692440033,0.1688999980688095,0.1632000058889389,0.1358439769245446,0.10625317953295152,Semey,-0.029590796679258347,0,"{""type"":""Point"",""coordinates"":[80.61557547510509,50.47880476171611]}"
1_2_845,0.2134000062942505,0.25929999351501465,0.10930000245571136,0.16349999606609344,0.03720000013709068,0.08739999681711197,0.3921000063419342,0.2906000018119812,0.5640207397769611,0.27989431037173,Semey,-0.2841264307498932,0,"{""type"":""Point"",""coordinates"":[80.9997688607302,50.40214596937831]}"
1_2_851,0.3393999934196472,0.2973000109195709,0.30640000104904175,0.271450012922287,0.17159999907016754,0.15330000221729279,0.2410999983549118,0.2232999950647354,-0.1192694114433243,-0.09732191426021074,Semey,0.021947497501969337,0,"{""type"":""Point"",""coordinates"":[80.41505725681338,50.47249291088909]}"
1_2_853,0.12309999763965607,0.1310500055551529,0.08259999752044678,0.08744999766349792,0.037700001150369644,0.04270000010728836,0.16060000658035278,0.1659500002861023,0.3207237160554372,0.3097869110410078,Semey,-0.010936805047094822,0,"{""type"":""Point"",""coordinates"":[80.61228414670451,50.62046579619544]}"
1_2_854,0.2333499938249588,0.39054998755455017,0.13005000352859497,0.40119999647140503,0.04960000142455101,0.13490000367164612,0.3769499957561493,0.21119999885559082,0.4869822338774579,-0.31025473394127345,Semey,-0.797236979007721,0,"{""type"":""Point"",""coordinates"":[80.97995552635359,50.54412829984805]}"
1_2_855,0.2069000005722046,0.19910000264644623,0.1606999933719635,0.16089999675750732,0.060600001364946365,0.06289999932050705,0.1680999994277954,0.16779999434947968,0.02250610163589193,0.020991779064960497,Semey,-0.0015143225900828838,0,"{""type"":""Point"",""coordinates"":[80.50946132535509,50.48078939782945]}"
1_2_856,0.226500004529953,0.1923000067472458,0.16410000622272491,0.14464999735355377,0.06939999759197235,0.07169999927282333,0.20800000429153442,0.18334999680519104,0.11797902936938295,0.11798780530742119,Semey,8.77593811310362E-6,0,"{""type"":""Point"",""coordinates"":[80.59291051768592,50.41652019350366]}"
1_2_858,0.009499999694526196,0.01614999957382679,0.007799999788403511,0.016100000590085983,0.012400000356137753,0.08694999665021896,0.008799999952316284,0.01979999989271164,0.06024097467060635,0.1030640460408518,Semey,0.04282307252287865,0,"{""type"":""Point"",""coordinates"":[80.8311948213188,50.35443312364697]}"
1_2_859,0.2791000008583069,0.2775999903678894,0.24420000612735748,0.2581000030040741,0.09515000134706497,0.09650000184774399,0.22529999911785126,0.1657000035047531,-0.04025560553430708,-0.21802736687168128,Semey,-0.17777176201343536,0,"{""type"":""Point"",""coordinates"":[80.97302864442632,50.595826694133734]}"
1_2_863,0.1969500035047531,0.18780000507831573,0.14794999361038208,0.14630000293254852,0.10769999772310257,0.08649999648332596,0.16300000250339508,0.14435000717639923,0.048400093523417106,-0.006709085457861681,Semey,-0.0551091805100441,0,"{""type"":""Point"",""coordinates"":[80.49904340517585,50.56123210704473]}"
1_2_864,0.17730000615119934,0.16824999451637268,0.1274999976158142,0.1257999986410141,0.07400000095367432,0.06684999912977219,0.15760000050067902,0.15105000138282776,0.10557700134591302,0.09120463333805011,Semey,-0.014372368343174458,0,"{""type"":""Point"",""coordinates"":[80.66142399010495,50.50196565692999]}"
1_2_865,0.24969999492168427,0.2884500026702881,0.20749999582767487,0.2911500036716461,0.10119999945163727,0.10320000350475311,0.24889999628067017,0.15444999933242798,0.09070990615435272,-0.3067773864848208,Semey,-0.3974872827529907,0,"{""type"":""Point"",""coordinates"":[80.9748471351854,50.6606824224359]}"
1_2_866,0.15494999289512634,0.14204999804496765,0.10005000233650208,0.0994499996304512,0.057750001549720764,0.05694999918341637,0.18320000171661377,0.16775000095367432,0.2935569221192991,0.25561377684847525,Semey,-0.037943147122859955,0,"{""type"":""Point"",""coordinates"":[80.55169681095408,50.412118162755775]}"
1_2_868,0.3077999949455261,0.3161500096321106,0.27559998631477356,0.2962999939918518,0.14139999449253082,0.1454000025987625,0.25099998712539673,0.2160000056028366,-0.046714774838802306,-0.15674407271627053,Semey,-0.11002929508686066,0,"{""type"":""Point"",""coordinates"":[80.93466594879236,50.32497794778928]}"
1_2_869,0.314300000667572,0.28439998626708984,0.2606000006198883,0.2569499909877777,0.15680000185966492,0.1340000033378601,0.21580000221729279,0.1911499947309494,-0.09403861909276014,-0.14684221904468223,Semey,-0.05280359834432602,0,"{""type"":""Point"",""coordinates"":[80.50965141026226,50.52751303014336]}"
1_2_870,0.21209999918937683,0.17389999330043793,0.14910000562667847,0.1285499930381775,0.08879999816417694,0.07814999669790268,0.1826999932527542,0.15285000205039978,0.10126578583348667,0.08635397809645765,Semey,-0.01491180807352066,0,"{""type"":""Point"",""coordinates"":[80.50315785586922,50.544840748233256]}"
1_2_872,0.1720999926328659,0.1837500035762787,0.07249999791383743,0.09610000252723694,0.023800000548362732,0.041600000113248825,0.39089998602867126,0.24115000665187836,0.6870953801205479,0.43009636820381697,Semey,-0.25699901580810547,0,"{""type"":""Point"",""coordinates"":[80.74813183825803,50.386360767081094]}"
1_2_873,0.27649998664855957,0.3188000023365021,0.2378000020980835,0.31040000915527344,0.11240000277757645,0.13289999961853027,0.24199999868869781,0.19734999537467957,0.008753640232861855,-0.2226489665622935,Semey,-0.23140260577201843,0,"{""type"":""Point"",""coordinates"":[80.55099637802897,50.680340666343675]}"
1_2_875,0.1774500012397766,0.18479999899864197,0.11225000023841858,0.12290000170469284,0.048900000751018524,0.06549999862909317,0.2533999979496002,0.20309999585151672,0.3860248828405619,0.24601225382830147,Semey,-0.14001262187957764,0,"{""type"":""Point"",""coordinates"":[80.92021755138572,50.58639967404168]}"
1_2_876,0.13979999721050262,0.1316000074148178,0.08470000326633453,0.09070000052452087,0.04639999940991402,0.04544999822974205,0.18199999630451202,0.17270000278949738,0.3648293708089436,0.311313596177971,Semey,-0.05351577326655388,0,"{""type"":""Point"",""coordinates"":[80.4337702257008,50.586487079577026]}"
1_2_879,0.2484000027179718,0.3249500095844269,0.1858000010251999,0.31404998898506165,0.08799999952316284,0.1468999981880188,0.2554999887943268,0.21330000460147858,0.1579424187107534,-0.19104956027092393,Semey,-0.3489919900894165,0,"{""type"":""Point"",""coordinates"":[80.95617177840369,50.349331413677824]}"
1_2_880,0.22104999423027039,0.25984999537467957,0.1367499977350235,0.1882999986410141,0.060499999672174454,0.08399999886751175,0.2468000054359436,0.21199999749660492,0.286924799351039,0.0592055935155268,Semey,-0.22771920263767242,0,"{""type"":""Point"",""coordinates"":[80.79149981366427,50.6765490626258]}"
1_2_881,0.2721000015735626,0.2728999853134155,0.20520000159740448,0.2179500013589859,0.11599999666213989,0.11389999836683273,0.24210000038146973,0.22785000503063202,0.08249496673556468,0.022207275750897513,Semey,-0.06028769165277481,0,"{""type"":""Point"",""coordinates"":[80.51940667472165,50.674731532274244]}"
1_2_882,0.2793999910354614,0.3714999854564667,0.21709999442100525,0.38510000705718994,0.08969999849796295,0.14509999752044678,0.2994999885559082,0.21850000321865082,0.1595044460901296,-0.27601060470891003,Semey,-0.43551504611968994,0,"{""type"":""Point"",""coordinates"":[80.43076399950786,50.61437206664474]}"
1_2_883,0.2653000056743622,0.3043999969959259,0.15680000185966492,0.2916499972343445,0.0812000036239624,0.1598999947309494,0.31940001249313354,0.2155500054359436,0.34145318297492633,-0.15003941521638883,Semey,-0.4914925992488861,0,"{""type"":""Point"",""coordinates"":[80.40014871602921,50.33635712956479]}"
1_2_884,0.17589999735355377,0.15674999356269836,0.12489999830722809,0.11840000003576279,0.05810000002384186,0.05640000104904175,0.15770000219345093,0.15189999341964722,0.11606512324172494,0.1239363455234813,Semey,0.00787122268229723,0,"{""type"":""Point"",""coordinates"":[80.56137875362855,50.54921655102604]}"
1_2_886,0.33250001072883606,0.29589998722076416,0.29679998755455017,0.26460000872612,0.12759999930858612,0.10779999941587448,0.2168000042438507,0.2029000073671341,-0.15576320986800402,-0.13197860798934893,Semey,0.02378460206091404,0,"{""type"":""Point"",""coordinates"":[80.46654562751203,50.6956719495169]}"
1_2_887,0.19044999778270721,0.18400000035762787,0.14900000393390656,0.13854999840259552,0.07500000298023224,0.06800000369548798,0.1656000018119812,0.1538500040769577,0.05276540869323118,0.05232560035779094,Semey,-4.3980832560919225E-4,0,"{""type"":""Point"",""coordinates"":[80.48643546253643,50.558904281934836]}"
1_2_888,0.23260000348091125,0.2809000015258789,0.13920000195503235,0.29234999418258667,0.04879999905824661,0.10249999910593033,0.33739998936653137,0.15060000121593475,0.4158623395311243,-0.32001353299286,Semey,-0.7358758449554443,0,"{""type"":""Point"",""coordinates"":[80.97450757782019,50.665265524518006]}"
1_2_889,0.3580999970436096,0.3080500066280365,0.3068999946117401,0.26330000162124634,0.13079999387264252,0.10559999942779541,0.21320000290870667,0.1919499933719635,-0.18015764689433555,-0.15672709288079628,Semey,0.023430554196238518,0,"{""type"":""Point"",""coordinates"":[80.96376646507304,50.544647763314074]}"
1_2_892,0.33169999718666077,0.3183499872684479,0.27790001034736633,0.2609499990940094,0.11999999731779099,0.11599999666213989,0.22210000455379486,0.21834999322891235,-0.11160000826120352,-0.08887962976722912,Semey,0.022720377892255783,0,"{""type"":""Point"",""coordinates"":[80.94113143523023,50.56368614329526]}"
1_2_893,0.33390000462532043,0.3093999922275543,0.2770000100135803,0.26045000553131104,0.1265999972820282,0.10589999705553055,0.2282000035047531,0.23100000619888306,-0.09659541805823069,-0.05992470979651949,Semey,0.036670707166194916,0,"{""type"":""Point"",""coordinates"":[80.6731043482643,50.68553561430211]}"
1_2_895,0.3102000057697296,0.30559998750686646,0.25690001249313354,0.2513999938964844,0.12620000541210175,0.10540000349283218,0.2037999927997589,0.1882999986410141,-0.11525942931043819,-0.14350692819283817,Semey,-0.028247497975826263,0,"{""type"":""Point"",""coordinates"":[80.93855977015774,50.580130740609484]}"
1_2_897,0.32670000195503235,0.35835000872612,0.2865000069141388,0.3714999854564667,0.11500000208616257,0.12780000269412994,0.28519999980926514,0.19760000705718994,-0.002273932288936666,-0.30557016462287806,Semey,-0.3032962381839752,0,"{""type"":""Point"",""coordinates"":[80.64020432116574,50.662525225067675]}"
1_2_899,0.17339999973773956,0.21015000343322754,0.10270000249147415,0.12044999748468399,0.04170000180602074,0.061650000512599945,0.2531999945640564,0.29010000824928284,0.4228715743684031,0.4132261804778313,Semey,-0.009645394049584866,0,"{""type"":""Point"",""coordinates"":[80.65305353881438,50.39816231954706]}"
1_2_901,0.3325999975204468,0.2877500057220459,0.25940001010894775,0.21615000069141388,0.13500000536441803,0.11069999635219574,0.22269999980926514,0.19384999573230743,-0.07612530500861986,-0.05439025647224673,Semey,0.021735047921538353,0,"{""type"":""Point"",""coordinates"":[80.66307192227966,50.67464904792501]}"
1_2_908,0.26649999618530273,0.2700499892234802,0.2037999927997589,0.2433999925851822,0.11879999935626984,0.11900000274181366,0.2930000126361847,0.19484999775886536,0.17954915229550467,-0.11078150803426767,Semey,-0.2903306484222412,0,"{""type"":""Point"",""coordinates"":[80.98743155516905,50.31110381399405]}"
1_2_909,0.3070499897003174,0.2865999937057495,0.27709999680519104,0.2602500021457672,0.14419999718666077,0.13570000231266022,0.2082500010728836,0.19439999759197235,-0.14185638412138887,-0.1448366976614534,Semey,-0.0029803134966641665,0,"{""type"":""Point"",""coordinates"":[80.48684950210227,50.523388526505734]}"
1_2_910,0.23960000276565552,0.314300000667572,0.16920000314712524,0.3281500041484833,0.07339999824762344,0.12070000171661377,0.3021000027656555,0.17685000598430634,0.28198599183367057,-0.29960395074921414,Semey,-0.581589937210083,0,"{""type"":""Point"",""coordinates"":[80.54471926619001,50.67011217271936]}"
1_2_911,0.29339998960494995,0.26030001044273376,0.24779999256134033,0.22939999401569366,0.13120000064373016,0.11949999630451202,0.19670000672340393,0.17440000176429749,-0.11496059824558522,-0.13620602482958596,Semey,-0.021245427429676056,0,"{""type"":""Point"",""coordinates"":[80.4212151745366,50.48499719967658]}"
1_2_912,0.11100000143051147,0.11509999632835388,0.05609999969601631,0.06965000182390213,0.021199999377131462,0.03400000184774399,0.1915999948978424,0.17294999957084656,0.5470326934160764,0.42580378051547885,Semey,-0.1212289109826088,0,"{""type"":""Point"",""coordinates"":[80.91109694683286,50.65792364960585]}"
1_2_913,0.3066999912261963,0.29179999232292175,0.24300000071525574,0.22689999639987946,0.11659999936819077,0.10499999672174454,0.2087000012397766,0.20534999668598175,-0.0759353538344544,-0.04985540788572566,Semey,0.026079945266246796,0,"{""type"":""Point"",""coordinates"":[80.9128208209456,50.321272774568385]}"
1_2_914,0.19979999959468842,0.21484999358654022,0.10379999876022339,0.13615000247955322,0.04039999842643738,0.0714000016450882,0.3540000021457672,0.24690000712871552,0.5465268739414496,0.2891267507405163,Semey,-0.25740012526512146,0,"{""type"":""Point"",""coordinates"":[80.64882023431446,50.37188773730329]}"
1_2_916,0.11535000056028366,0.12269999831914902,0.07225000113248825,0.08295000344514847,0.0393499992787838,0.044199999421834946,0.1577499955892563,0.16279999911785126,0.3717391116322774,0.3249236819528931,Semey,-0.046815428882837296,0,"{""type"":""Point"",""coordinates"":[80.7287945671013,50.64824844586714]}"
1_2_920,0.12240000069141388,0.13015000522136688,0.0803999975323677,0.090549997985363,0.040699999779462814,0.049400001764297485,0.15760000050067902,0.16249999403953552,0.3243697630518129,0.28433115321771313,Semey,-0.04003860801458359,0,"{""type"":""Point"",""coordinates"":[80.45808311707121,50.58111788242206]}"
1_2_921,0.33379998803138733,0.29789999127388,0.2865000069141388,0.2524000108242035,0.1550000011920929,0.13339999318122864,0.2264000028371811,0.2142000049352646,-0.11717684331122796,-0.08186884826131462,Semey,0.03530799597501755,0,"{""type"":""Point"",""coordinates"":[80.71789713937689,50.30461666874494]}"
1_2_922,0.304500013589859,0.2782999873161316,0.22679999470710754,0.20115000009536743,0.12319999933242798,0.10350000113248825,0.23549999296665192,0.22914999723434448,0.01881894547157954,0.0650708745357542,Semey,0.04625193029642105,0,"{""type"":""Point"",""coordinates"":[80.87989847353717,50.35538701658966]}"
1_2_924,0.28540000319480896,0.32330000400543213,0.2563999891281128,0.326449990272522,0.11999999731779099,0.11949999630451202,0.2345999926328659,0.1850000023841858,-0.04439917984734109,-0.2765666045933045,Semey,-0.23216742277145386,0,"{""type"":""Point"",""coordinates"":[80.6608218306364,50.69900470050911]}"
1_2_925,0.00860000029206276,0.015300000086426735,0.00860000029206276,0.014449999667704105,0.021400000900030136,0.08425000309944153,0.01269999984651804,0.01940000057220459,0.19248824074085005,0.14623340825458842,Semey,-0.04625483229756355,0,"{""type"":""Point"",""coordinates"":[80.4105137322953,50.36425919612184]}"
1_2_926,0.24959999322891235,0.25110000371932983,0.20229999721050262,0.21739999949932098,0.12160000205039978,0.1348000019788742,0.2524999976158142,0.2301499992609024,0.11037819036141902,0.028488436592337657,Semey,-0.08188975602388382,0,"{""type"":""Point"",""coordinates"":[80.48372217783279,50.37840357836476]}"
1_2_929,0.036649998277425766,0.03550000116229057,0.021299999207258224,0.025550000369548798,0.025450000539422035,0.023000000044703484,0.06970000267028809,0.03200000151991844,0.5318681589497006,0.11207647156567893,Semey,-0.41979169845581055,0,"{""type"":""Point"",""coordinates"":[80.82717879723717,50.68109260332591]}"
1_2_932,0.3549000024795532,0.32409998774528503,0.3257000148296356,0.28450000286102295,0.17679999768733978,0.15479999780654907,0.2554999887943268,0.2395000010728836,-0.12078462766274929,-0.08587786536317528,Semey,0.03490676358342171,0,"{""type"":""Point"",""coordinates"":[80.99489087622976,50.4487504005154]}"
1_2_933,0.2290000021457672,0.2946999967098236,0.16500000655651093,0.30935001373291016,0.06859999895095825,0.11680000275373459,0.27970001101493835,0.1678999960422516,0.25792669198624163,-0.2963855731659333,Semey,-0.5543122887611389,0,"{""type"":""Point"",""coordinates"":[80.61046835396246,50.678310984256164]}"
1_2_936,0.260699987411499,0.3019999861717224,0.2224999964237213,0.3071500062942505,0.09059999883174896,0.11829999834299088,0.23240000009536743,0.16934999823570251,0.021763033078481656,-0.2891920393463203,Semey,-0.31095507740974426,0,"{""type"":""Point"",""coordinates"":[80.98350799201981,50.699903716125704]}"
1_2_939,0.16210000216960907,0.16099999845027924,0.10980000346899033,0.11005000025033951,0.08240000158548355,0.07259999960660934,0.17649999260902405,0.1745000034570694,0.23297237182587502,0.22649798758393686,Semey,-0.006474384106695652,0,"{""type"":""Point"",""coordinates"":[80.59550777391188,50.61432622930255]}"
1_2_940,0.17569999396800995,0.18150000274181366,0.1492999941110611,0.14059999585151672,0.0794999971985817,0.07545000314712524,0.16339999437332153,0.1472499966621399,0.04509114416857307,0.02310231364799382,Semey,-0.021988829597830772,0,"{""type"":""Point"",""coordinates"":[80.49681767429875,50.55955783736408]}"
1_2_941,0.17649999260902405,0.1542000025510788,0.12290000170469284,0.11065000295639038,0.061799999326467514,0.057100001722574234,0.1664000004529953,0.1586499959230423,0.15036293959165617,0.17823985579792676,Semey,0.02787691541016102,0,"{""type"":""Point"",""coordinates"":[80.5979222482183,50.494840178608634]}"
1_2_942,0.1444000005722046,0.14014999568462372,0.09920000284910202,0.10485000163316727,0.053199999034404755,0.05620000138878822,0.15700000524520874,0.15389999747276306,0.22560499832158373,0.18956520196746007,Semey,-0.036039795726537704,0,"{""type"":""Point"",""coordinates"":[80.53314221505472,50.46575208710489]}"
1_2_943,0.25099998712539673,0.23055000603199005,0.16580000519752502,0.1545500010251999,0.0737999975681305,0.06729999929666519,0.2443999946117401,0.22235000133514404,0.19161382118664683,0.17988856430179165,Semey,-0.011725257150828838,0,"{""type"":""Point"",""coordinates"":[80.71540197727178,50.35170074734652]}"
1_2_944,0.3221000134944916,0.3023500144481659,0.23520000278949738,0.21410000324249268,0.1289999932050705,0.09009999781847,0.33379998803138733,0.29010000824928284,0.17328644434535362,0.1507338422740791,Semey,-0.022552601993083954,0,"{""type"":""Point"",""coordinates"":[80.62054252853714,50.638739890042636]}"
1_2_946,0.31049999594688416,0.2625499963760376,0.266400009393692,0.22139999270439148,0.15940000116825104,0.13279999792575836,0.2361000031232834,0.2151000052690506,-0.06029851843911156,-0.014432960972715035,Semey,0.045865558087825775,0,"{""type"":""Point"",""coordinates"":[80.48705673215645,50.31906275634638]}"
1_2_947,0.19449999928474426,0.19130000472068787,0.1200999990105629,0.12184999883174896,0.051750000566244125,0.052000001072883606,0.2401999980211258,0.20945000648498535,0.3333333333333333,0.2644129376620074,Semey,-0.06892039626836777,0,"{""type"":""Point"",""coordinates"":[80.93349027145338,50.590459093648015]}"
1_2_948,0.1160999983549118,0.13204999268054962,0.07150000333786011,0.08955000340938568,0.034949999302625656,0.04385000094771385,0.16795000433921814,0.1725499927997589,0.40279807019856223,0.3166729896636198,Semey,-0.08612508326768875,0,"{""type"":""Point"",""coordinates"":[80.74248186951179,50.68811918188219]}"
1_2_952,0.33469998836517334,0.2918500006198883,0.2890999913215637,0.26109999418258667,0.14880000054836273,0.12790000438690186,0.23070000112056732,0.20634999871253967,-0.11235088697600938,-0.11712481827404864,Semey,-0.004773931112140417,0,"{""type"":""Point"",""coordinates"":[80.40204611773738,50.460939101713755]}"
1_2_953,0.29089999198913574,0.2994999885559082,0.25060001015663147,0.30344998836517334,0.1088000014424324,0.12080000340938568,0.23170000314712524,0.17364999651908875,-0.039187241319031105,-0.27206035623239916,Semey,-0.2328731119632721,0,"{""type"":""Point"",""coordinates"":[80.51562073764045,50.686156989381324]}"
1_2_954,0.22380000352859497,0.2009499967098236,0.15929999947547913,0.15414999425411224,0.08500000089406967,0.0921500027179718,0.17880000174045563,0.16414999961853027,0.057675250502357764,0.03141691975155742,Semey,-0.026258330792188644,0,"{""type"":""Point"",""coordinates"":[80.59386002424405,50.587847060702344]}"
1_2_955,0.16619999706745148,0.16040000319480896,0.12479999661445618,0.1225999966263771,0.05620000138878822,0.05559999868273735,0.16769999265670776,0.15764999389648438,0.14666665851560384,0.12506689903794324,Semey,-0.02159976027905941,0,"{""type"":""Point"",""coordinates"":[80.55227165697158,50.452767070902865]}"
1_2_956,0.16279999911785126,0.1460999995470047,0.10760000348091125,0.10795000195503235,0.061000000685453415,0.059300001710653305,0.14970000088214874,0.13740000128746033,0.16362221798423604,0.12003260217331627,Semey,-0.04358961433172226,0,"{""type"":""Point"",""coordinates"":[80.54085726452603,50.5318520486562]}"
1_2_957,0.14219999313354492,0.1424500048160553,0.09745000302791595,0.1002499982714653,0.0551999993622303,0.055399999022483826,0.16050000488758087,0.15530000627040863,0.24442721428533468,0.21541775394460203,Semey,-0.029009459540247917,0,"{""type"":""Point"",""coordinates"":[80.4790138876496,50.57860515128016]}"
1_2_958,0.12309999763965607,0.13384999334812164,0.07900000363588333,0.0877000018954277,0.03220000118017197,0.03595000132918358,0.16329999268054962,0.15700000524520874,0.3479157669262788,0.2832039285963414,Semey,-0.06471183896064758,0,"{""type"":""Point"",""coordinates"":[80.70409872478287,50.639701094233146]}"
1_2_962,0.27869999408721924,0.2535499930381775,0.21119999885559082,0.19329999387264252,0.10819999873638153,0.09969999641180038,0.23600000143051147,0.22589999437332153,0.05545617745763532,0.07776717894741707,Semey,0.022311002016067505,0,"{""type"":""Point"",""coordinates"":[80.74995803514133,50.38571984660029]}"
1_2_963,0.3091999888420105,0.30035001039505005,0.24150000512599945,0.23340000212192535,0.10939999669790268,0.11490000039339066,0.23589999973773956,0.22599999606609344,-0.011730216445762833,-0.016107980158944855,Semey,-0.004377763718366623,0,"{""type"":""Point"",""coordinates"":[80.82572626996678,50.32755423181079]}"
1_2_965,0.3131999969482422,0.34139999747276306,0.2718999981880188,0.33739998936653137,0.11900000274181366,0.13179999589920044,0.24719999730587006,0.2029000073671341,-0.047582356186785066,-0.24893574460948492,Semey,-0.20135338604450226,0,"{""type"":""Point"",""coordinates"":[80.40083716526007,50.618144187363804]}"
1_2_966,0.3285999894142151,0.3045499920845032,0.27730000019073486,0.2608500123023987,0.11259999871253967,0.11379999667406082,0.21660000085830688,0.1976500004529953,-0.12289937072990768,-0.13784080717816702,Semey,-0.014941436238586903,0,"{""type"":""Point"",""coordinates"":[80.88778398120117,50.35094525147321]}"
1_2_967,0.4099999964237213,0.3758000135421753,0.37439998984336853,0.3388499915599823,0.2321999967098236,0.20829999446868896,0.2976999878883362,0.2868500053882599,-0.11411992932047112,-0.0831068985541706,Semey,0.03101303055882454,0,"{""type"":""Point"",""coordinates"":[80.55068760558511,50.32274674198707]}"
1_2_969,0.32989999651908875,0.3199000060558319,0.3075000047683716,0.2969000041484833,0.19059999287128448,0.18369999527931213,0.25859999656677246,0.24770000576972961,-0.08638051242937413,-0.09034153044937042,Semey,-0.003961017820984125,0,"{""type"":""Point"",""coordinates"":[80.4973694802962,50.458829040830366]}"
1_2_970,0.2011999934911728,0.18809999525547028,0.14710000157356262,0.14624999463558197,0.07559999823570251,0.07519999891519547,0.16439999639987946,0.15934999287128448,0.05553770445864272,0.04286648812578297,Semey,-0.012671216391026974,0,"{""type"":""Point"",""coordinates"":[80.63385989504482,50.510117168413935]}"
1_2_971,0.2240999937057495,0.28519999980926514,0.12210000306367874,0.23395000398159027,0.06199999898672104,0.1234000027179718,0.4171999990940094,0.20190000534057617,0.5471907933425989,-0.07353446817830342,Semey,-0.6207252740859985,0,"{""type"":""Point"",""coordinates"":[80.45772128257279,50.67150335422951]}"
1_2_973,0.1728000044822693,0.15320000052452087,0.12139999866485596,0.11264999955892563,0.06859999895095825,0.06915000081062317,0.18299999833106995,0.16635000705718994,0.20236530970477784,0.19247314059082354,Semey,-0.009892169386148453,0,"{""type"":""Point"",""coordinates"":[80.4375473094669,50.42149603642867]}"
1_2_974,0.16259999573230743,0.15060000121593475,0.1111999973654747,0.1136000007390976,0.06300000101327896,0.05494999885559082,0.14830000698566437,0.15174999833106995,0.1429672793761817,0.14377236753592074,Semey,8.0508814426139E-4,0,"{""type"":""Point"",""coordinates"":[80.65704350634529,50.52386622969947]}"
1_2_975,0.09555000066757202,0.11169999837875366,0.05525000020861626,0.06809999793767929,0.019099999219179153,0.0251499991863966,0.14824999868869781,0.16279999911785126,0.45700245200988565,0.410134267595495,Semey,-0.046868182718753815,0,"{""type"":""Point"",""coordinates"":[80.91800871785664,50.62382480045936]}"
1_2_977,0.31049999594688416,0.28540000319480896,0.26930001378059387,0.2518500089645386,0.12039999663829803,0.09870000183582306,0.20999999344348907,0.19589999318122864,-0.1237221352875565,-0.12495815860453113,Semey,-0.0012360232649371028,0,"{""type"":""Point"",""coordinates"":[80.65195036303764,50.66558734475612]}"
1_2_978,0.1298999935388565,0.09239999949932098,0.060499999672174454,0.0544000007212162,0.03319999948143959,0.04565000161528587,0.3122999966144562,0.1379999965429306,0.6754291830751067,0.4345114189733568,Semey,-0.24091775715351105,0,"{""type"":""Point"",""coordinates"":[80.49308321228644,50.370716785616935]}"
1_2_982,0.19789999723434448,0.19224999845027924,0.09809999912977219,0.1137000024318695,0.03720000013709068,0.04554999992251396,0.33970001339912415,0.2612000107765198,0.5518501766909052,0.39343825859686476,Semey,-0.1584119200706482,0,"{""type"":""Point"",""coordinates"":[80.6468525516814,50.33317371663231]}"
1_2_983,0.2994999885559082,0.2851000130176544,0.27309998869895935,0.26315000653266907,0.15219999849796295,0.14790000021457672,0.21950000524520874,0.1923000067472458,-0.10881036157671106,-0.15556042972794823,Semey,-0.04675006866455078,0,"{""type"":""Point"",""coordinates"":[80.44126406377464,50.42027704638366]}"
1_2_984,0.3133000135421753,0.2722499966621399,0.26170000433921814,0.23115000128746033,0.1444000005722046,0.12939999997615814,0.23149999976158142,0.21414999663829803,-0.06123277438469867,-0.03817652083617701,Semey,0.023056253790855408,0,"{""type"":""Point"",""coordinates"":[80.4130359353329,50.32834803996524]}"
1_2_990,0.23520000278949738,0.2232999950647354,0.181099995970726,0.17384999990463257,0.10779999941587448,0.08940000087022781,0.1793999969959259,0.15604999661445618,-0.004715669925012643,-0.05395575470746161,Semey,-0.04924008622765541,0,"{""type"":""Point"",""coordinates"":[80.55844064241408,50.571298424598965]}"
1_2_993,0.2593500018119812,0.23250000178813934,0.17865000665187836,0.16259999573230743,0.07880000025033951,0.06790000200271606,0.23514999449253082,0.22269999980926514,0.13653936124793514,0.15598236380065858,Semey,0.019443003460764885,0,"{""type"":""Point"",""coordinates"":[80.75204466253436,50.31272547050062]}"
1_2_994,0.10890000313520432,0.16689999401569366,0.07509999722242355,0.11514999717473984,0.06960000097751617,0.08139999955892563,0.12354999780654907,0.1842000037431717,0.24389630906891893,0.23066646519692816,Semey,-0.01322984416037798,0,"{""type"":""Point"",""coordinates"":[80.66166833273553,50.61215687357469]}"
1_2_995,0.32510000467300415,0.2777499854564667,0.2572000026702881,0.22314999997615814,0.1395999938249588,0.1160999983549118,0.2547999918460846,0.23409999907016754,-0.004687521191226778,0.023947510370360907,Semey,0.02863503247499466,0,"{""type"":""Point"",""coordinates"":[80.58390608406549,50.3554837160346]}"
1_2_996,0.18119999766349792,0.20069999992847443,0.09560000151395798,0.11789999902248383,0.039400000125169754,0.04794999957084656,0.2992999851703644,0.28125,0.5158267675993653,0.40924464832158197,Semey,-0.10658212006092072,0,"{""type"":""Point"",""coordinates"":[80.4420008251496,50.41422505229845]}"
1_2_997,0.15279999375343323,0.15315000712871552,0.09969999641180038,0.11190000176429749,0.04960000142455101,0.051600001752376556,0.17470000684261322,0.16584999859333038,0.2733236499318682,0.19423941227567046,Semey,-0.07908423990011215,0,"{""type"":""Point"",""coordinates"":[80.66830320599654,50.61397029869577]}"
1_2_998,0.3174000084400177,0.32679998874664307,0.2793999910354614,0.290800005197525,0.12790000438690186,0.1404000073671341,0.23874999582767487,0.23980000615119934,-0.07845217840085329,-0.09611759886074925,Semey,-0.017665419727563858,0,"{""type"":""Point"",""coordinates"":[80.9923681091862,50.44329916467751]}"
1_2_999,0.3059999942779541,0.2709999978542328,0.2612999975681305,0.23960000276565552,0.133200004696846,0.11550000309944153,0.20309999585151672,0.18494999408721924,-0.12532300288820702,-0.12872455325297036,Semey,-0.0034015504643321037,0,"{""type"":""Point"",""coordinates"":[80.40610782734898,50.52985064120137]}"
1_2_1001,0.3458999991416931,0.31185001134872437,0.29679998755455017,0.2575500011444092,0.15839999914169312,0.13189999759197235,0.23729999363422394,0.22394999861717224,-0.11140235164939344,-0.06978193674740238,Semey,0.041620414704084396,0,"{""type"":""Point"",""coordinates"":[80.88315309084048,50.317868381272255]}"
1_2_1002,0.3037000000476837,0.3511500060558319,0.2623000144958496,0.3606500029563904,0.1080000028014183,0.13539999723434448,0.27140000462532043,0.20520000159740448,0.017050758484992268,-0.27471944880793475,Semey,-0.29177021980285645,0,"{""type"":""Point"",""coordinates"":[80.53763632628443,50.65466981592966]}"
1_2_1005,0.3034999966621399,0.303600013256073,0.24619999527931213,0.2479500025510788,0.1005999967455864,0.0934000015258789,0.21400000154972076,0.20274999737739563,-0.06996956530087475,-0.10028845169925972,Semey,-0.030318886041641235,0,"{""type"":""Point"",""coordinates"":[80.70561947836987,50.40247074929897]}"
1_2_1007,0.3434000015258789,0.33924999833106995,0.319599986076355,0.3057500123977661,0.1695999950170517,0.17720000445842743,0.24789999425411224,0.24979999661445618,-0.1263436023037222,-0.10071103388656234,Semey,0.025632567703723907,0,"{""type"":""Point"",""coordinates"":[80.97389215912452,50.47163476116263]}"
1_2_1008,0.25130000710487366,0.24379999935626984,0.16509999334812164,0.16130000352859497,0.0729999989271164,0.0737999975681305,0.3052000105381012,0.2653000056743622,0.29789499475290926,0.2437880916600934,Semey,-0.054106902331113815,0,"{""type"":""Point"",""coordinates"":[80.86330150791312,50.347688424596726]}"
1_2_1009,0.12150000035762787,0.11680000275373459,0.07150000333786011,0.08020000159740448,0.03849999979138374,0.039799999445676804,0.1858000010251999,0.1680999994277954,0.4442285104902609,0.35400723909570175,Semey,-0.09022127091884613,0,"{""type"":""Point"",""coordinates"":[80.42396266601826,50.596739627734124]}"
1_2_1011,0.303600013256073,0.2842999994754791,0.23579999804496765,0.2212499976158142,0.12160000205039978,0.10589999705553055,0.20810000598430634,0.19769999384880066,-0.062401423314325036,-0.05621196860437845,Semey,0.006189454812556505,0,"{""type"":""Point"",""coordinates"":[80.50907607504853,50.66392837805316]}"
1_2_1013,0.30709999799728394,0.2842999994754791,0.2646999955177307,0.25325000286102295,0.14800000190734863,0.1476999968290329,0.21649999916553497,0.20125000178813934,-0.10016624456515597,-0.11441144233435917,Semey,-0.014245198108255863,0,"{""type"":""Point"",""coordinates"":[80.45833540439838,50.49636956264329]}"
1_2_1014,0.2240999937057495,0.1907999962568283,0.1728000044822693,0.15275000035762787,0.09179999679327011,0.0697999969124794,0.1875,0.17184999585151672,0.040799320940486175,0.05884163806823474,Semey,0.018042316660284996,0,"{""type"":""Point"",""coordinates"":[80.63924647856071,50.56900430969966]}"
1_2_1017,0.19930000603199005,0.1814499944448471,0.10980000346899033,0.1002499982714653,0.048700001090765,0.04479999840259552,0.27570000290870667,0.25505000352859497,0.43035018597943775,0.43568816344740985,Semey,0.0053379773162305355,0,"{""type"":""Point"",""coordinates"":[80.6647009561924,50.3179674590982]}"
1_2_1023,0.3109000027179718,0.28029999136924744,0.2743000090122223,0.2547999918460846,0.13500000536441803,0.12919999659061432,0.22429999709129333,0.1977500021457672,-0.10028080888259822,-0.12606339732123512,Semey,-0.025782588869333267,0,"{""type"":""Point"",""coordinates"":[80.42370389183253,50.42595147983351]}"
1_2_1024,0.14720000326633453,0.13955000042915344,0.10170000046491623,0.10019999742507935,0.05869999900460243,0.05584999918937683,0.15254999697208405,0.15334999561309814,0.19999998827833915,0.20962334706124763,Semey,0.009623358957469463,0,"{""type"":""Point"",""coordinates"":[80.48231268962542,50.57454140990514]}"
1_2_1026,0.20409999787807465,0.23645000159740448,0.12710000574588776,0.20344999432563782,0.0320499986410141,0.05550000071525574,0.28404998779296875,0.23350000381469727,0.38173412261588213,0.06877219273819128,Semey,-0.3129619359970093,0,"{""type"":""Point"",""coordinates"":[80.98689220534712,50.54103902038749]}"
1_2_1028,0.27160000801086426,0.30559998750686646,0.23720000684261322,0.3062500059604645,0.1128000020980835,0.11900000274181366,0.23589999973773956,0.17739999294281006,-0.002747848418498933,-0.26641168884489796,Semey,-0.2636638283729553,0,"{""type"":""Point"",""coordinates"":[80.55054540530614,50.699986851332895]}"
1_2_1029,0.21240000426769257,0.20759999752044678,0.12860000133514404,0.11330000311136246,0.05620000138878822,0.0575999990105629,0.3000999987125397,0.2756499946117401,0.40004664650879385,0.4174058168164748,Semey,0.0173591710627079,0,"{""type"":""Point"",""coordinates"":[80.64734929982,50.40516313132649]}"
1_2_1030,0.2824000120162964,0.30790001153945923,0.2468000054359436,0.31084999442100525,0.11940000206232071,0.11869999766349792,0.23199999332427979,0.18209999799728394,-0.0309106352338891,-0.26118267248997423,Semey,-0.23027203977108002,0,"{""type"":""Point"",""coordinates"":[80.60290443288314,50.670720022134375]}"
1_2_1032,0.09690000116825104,0.15524999797344208,0.060499999672174454,0.11110000312328339,0.029999999329447746,0.060600001364946365,0.10620000213384628,0.15690000355243683,0.2741451827628071,0.17089551973247302,Semey,-0.10324966162443161,0,"{""type"":""Point"",""coordinates"":[80.6642183155942,50.639227446242906]}"
1_2_1037,0.3057999908924103,0.27935001254081726,0.2702000141143799,0.25554999709129333,0.1581999957561493,0.15119999647140503,0.24050000309944153,0.22100000083446503,-0.05815549248846699,-0.07250025476279794,Semey,-0.014344762079417706,0,"{""type"":""Point"",""coordinates"":[80.41644035254694,50.43093281274684]}"
1_2_1038,0.2687999904155731,0.2787500023841858,0.19210000336170197,0.21934999525547028,0.05559999868273735,0.09380000084638596,0.32089999318122864,0.2407499998807907,0.2510721066033146,0.04651163845151251,Semey,-0.20456047356128693,0,"{""type"":""Point"",""coordinates"":[80.63040290647886,50.37193807442243]}"
1_2_1039,0.2590000033378601,0.2915000021457672,0.2101999968290329,0.29100000858306885,0.10480000078678131,0.11479999870061874,0.24169999361038208,0.18250000476837158,0.06970568145115352,-0.22914466896575686,Semey,-0.2988503575325012,0,"{""type"":""Point"",""coordinates"":[80.52885853384917,50.66297590274032]}"
1_2_1040,0.15459999442100525,0.13439999520778656,0.1026500016450882,0.09104999899864197,0.04610000178217888,0.04129999876022339,0.1736000031232834,0.15219999849796295,0.2568325801032471,0.2513874619882554,Semey,-0.005445118062198162,0,"{""type"":""Point"",""coordinates"":[80.6768703990926,50.61441816284664]}"
1_2_1041,0.2745000123977661,0.33629998564720154,0.21230000257492065,0.33125001192092896,0.0966000035405159,0.14880000054836273,0.2888000011444092,0.21649999916553497,0.15266413490656605,-0.2094934010640857,Semey,-0.36215752363204956,0,"{""type"":""Point"",""coordinates"":[80.97602521724683,50.342481423337944]}"
1_2_1043,0.1392499953508377,0.14114999771118164,0.10585000365972519,0.09905000030994415,0.0544000007212162,0.05480000004172325,0.1468999981880188,0.13920000195503235,0.1624134291916723,0.1685204670027001,Semey,0.006107037886977196,0,"{""type"":""Point"",""coordinates"":[80.48776947622345,50.56820777360441]}"
1_2_1044,0.35019999742507935,0.32089999318122864,0.30160000920295715,0.2906000018119812,0.15199999511241913,0.14980000257492065,0.25029999017715454,0.22759999334812164,-0.0929516562482737,-0.12157469905879699,Semey,-0.02862304262816906,0,"{""type"":""Point"",""coordinates"":[80.43814339481956,50.492273044358]}"
1_2_1045,0.16670000553131104,0.15884999930858612,0.11110000312328339,0.1128000020980835,0.051600001752376556,0.043150000274181366,0.1720000058412552,0.1671999990940094,0.2151183355335047,0.19428570272971177,Semey,-0.02083263359963894,0,"{""type"":""Point"",""coordinates"":[80.73241232530033,50.659188307248094]}"
1_2_1047,0.2904999852180481,0.328900009393692,0.25929999351501465,0.33719998598098755,0.12439999729394913,0.13030000030994415,0.23430000245571136,0.1956000030040741,-0.050648280517380635,-0.2657657393098849,Semey,-0.2151174545288086,0,"{""type"":""Point"",""coordinates"":[80.6197861972053,50.676477678379136]}"
1_2_1050,0.19439999759197235,0.1691499948501587,0.14329999685287476,0.13109999895095825,0.06620000302791595,0.06610000133514404,0.18960000574588776,0.16985000669956207,0.13908083067460184,0.12875895338444504,Semey,-0.010321876965463161,0,"{""type"":""Point"",""coordinates"":[80.43158743018827,50.432021784820705]}"
1_2_1056,0.26100000739097595,0.26684999465942383,0.2508000135421753,0.24879999458789825,0.16840000450611115,0.16689999401569366,0.22439999878406525,0.23025000095367432,-0.055555585171124876,-0.03872245863034174,Semey,0.016833126544952393,0,"{""type"":""Point"",""coordinates"":[80.44781912736116,50.68266055107466]}"
1_2_1057,0.08079999685287476,0.11020000278949738,0.04259999841451645,0.07259999960660934,0.02879999950528145,0.041600000113248825,0.14169999957084656,0.0803999975323677,0.5377102671710315,0.05098037955303528,Semey,-0.4867298901081085,0,"{""type"":""Point"",""coordinates"":[80.85353317580257,50.376474745961715]}"
1_2_1059,0.26910001039505005,0.282150000333786,0.2409999966621399,0.28554999828338623,0.11999999731779099,0.10639999806880951,0.21389999985694885,0.15489999949932098,-0.059573526077294346,-0.29662844691060813,Semey,-0.23705491423606873,0,"{""type"":""Point"",""coordinates"":[80.9825363717894,50.65126520492002]}"
1_2_1061,0.22630000114440918,0.38075000047683716,0.14300000667572021,0.3910500109195709,0.053599998354911804,0.1266999989748001,0.3208000063896179,0.2049500048160553,0.3833548829349645,-0.31224832414445086,Semey,-0.6956031918525696,0,"{""type"":""Point"",""coordinates"":[80.97804110698375,50.54030334546206]}"
1_2_1062,0.28360000252723694,0.3127500116825104,0.2524999976158142,0.32190001010894775,0.12099999934434891,0.1256999969482422,0.24799999594688416,0.1790499985218048,-0.00899101244117465,-0.2851582176385127,Semey,-0.27616721391677856,0,"{""type"":""Point"",""coordinates"":[80.55888305672609,50.68928220708907]}"
1_2_1064,0.14145000278949738,0.14429999887943268,0.09155000001192093,0.09769999980926514,0.04605000093579292,0.04735000059008598,0.17589999735355377,0.17215000092983246,0.3153860466349799,0.2758940185905307,Semey,-0.03949202969670296,0,"{""type"":""Point"",""coordinates"":[80.78080352981527,50.69885272313796]}"
1_2_1065,0.12880000472068787,0.14169999957084656,0.08079999685287476,0.0908999964594841,0.045099999755620956,0.05510000139474869,0.1703999936580658,0.16920000314712524,0.35668789884483965,0.30103808845085245,Semey,-0.055649809539318085,0,"{""type"":""Point"",""coordinates"":[80.84788699344202,50.675147938679366]}"
1_2_1067,0.1984499990940094,0.1839500069618225,0.14395000040531158,0.13394999504089355,0.09769999980926514,0.08524999767541885,0.18389999866485596,0.1772499978542328,0.12185450167103444,0.13913882969763186,Semey,0.017284328117966652,0,"{""type"":""Point"",""coordinates"":[80.88126061101948,50.69128641710312]}"
1_2_1074,0.15379999577999115,0.1676499992609024,0.0737999975681305,0.09860000014305115,0.025599999353289604,0.044849999248981476,0.31360000371932983,0.21594999730587006,0.6189984650342369,0.37307263746481195,Semey,-0.24592582881450653,0,"{""type"":""Point"",""coordinates"":[80.76924084143634,50.3480326261137]}"
1_2_1076,0.3314499855041504,0.320499986410141,0.32899999618530273,0.29304999113082886,0.148499995470047,0.13009999692440033,0.2215999960899353,0.2175000011920929,-0.1950599375266237,-0.1479776536573734,Semey,0.04708228260278702,0,"{""type"":""Point"",""coordinates"":[80.90122837571307,50.49521143074216]}"
1_2_1078,0.3610000014305115,0.3379000127315521,0.3160000145435333,0.3043000102043152,0.1720000058412552,0.163100004196167,0.2578999996185303,0.2476000040769577,-0.10123717283721166,-0.10273601134291804,Semey,-0.0014988385373726487,0,"{""type"":""Point"",""coordinates"":[80.71776838049897,50.41386174132319]}"
1_2_1081,0.17434999346733093,0.1570499986410141,0.12794999778270721,0.11829999834299088,0.07039999961853027,0.07064999639987946,0.18745000660419464,0.16359999775886536,0.1886493595241002,0.1606952821649088,Semey,-0.02795407734811306,0,"{""type"":""Point"",""coordinates"":[80.56821874622484,50.41884103660515]}"
1_2_1085,0.3140000104904175,0.2606000006198883,0.272599995136261,0.225150004029274,0.17339999973773956,0.14110000431537628,0.24320000410079956,0.20970000326633453,-0.05699881946286947,-0.03552949408699591,Semey,0.021469324827194214,0,"{""type"":""Point"",""coordinates"":[80.42429745313953,50.307598804603785]}"
1_2_1086,0.225150004029274,0.21439999341964722,0.16625000536441803,0.16865000128746033,0.0840499997138977,0.08190000057220459,0.17534999549388885,0.17444999516010284,0.026639315300369195,0.016904674825693113,Semey,-0.009734640829265118,0,"{""type"":""Point"",""coordinates"":[80.59222781149269,50.589993530925184]}"
1_2_1089,0.32749998569488525,0.295199990272522,0.2705000042915344,0.24070000648498535,0.13619999587535858,0.12319999933242798,0.2248000055551529,0.21559999883174896,-0.09226730835423823,-0.055007686523723724,Semey,0.037259623408317566,0,"{""type"":""Point"",""coordinates"":[80.68863097928364,50.34782843632416]}"
1_2_1093,0.16760000586509705,0.1456499993801117,0.10824999958276749,0.10220000147819519,0.06650000065565109,0.05660000070929527,0.16504999995231628,0.15845000743865967,0.20783022490366793,0.21580665273795463,Semey,0.007976427674293518,0,"{""type"":""Point"",""coordinates"":[80.66039517014939,50.597278059747815]}"
1_2_1094,0.2648000121116638,0.2900499999523163,0.20960000157356262,0.2978000044822693,0.09470000118017197,0.10890000313520432,0.2639999985694885,0.16155000030994415,0.11486485848710801,-0.2966147877454746,Semey,-0.411479651927948,0,"{""type"":""Point"",""coordinates"":[80.41310977273831,50.68489323657363]}"
1_2_1095,0.2606000006198883,0.2935999929904938,0.2175000011920929,0.3071500062942505,0.10320000350475311,0.09764999896287918,0.22724999487400055,0.14875000715255737,0.0219224143184899,-0.34744460291658763,Semey,-0.36936700344085693,0,"{""type"":""Point"",""coordinates"":[80.93502317011735,50.64403183233441]}"
1_2_1096,0.19329999387264252,0.16895000636577606,0.14034999907016754,0.12815000116825104,0.061149999499320984,0.06199999898672104,0.16459999978542328,0.1441500037908554,0.07952123563292529,0.05875873055899218,Semey,-0.020762505009770393,0,"{""type"":""Point"",""coordinates"":[80.50732494720069,50.541699458482036]}"
1_2_1097,0.03480000048875809,0.05000000074505806,0.02370000071823597,0.03669999912381172,0.013500000350177288,0.07909999787807465,0.03830000013113022,0.03799999877810478,0.2354838582722939,0.017402940974643687,Semey,-0.21808092296123505,0,"{""type"":""Point"",""coordinates"":[80.85599393620524,50.365577316525034]}"
1_2_1100,0.28610000014305115,0.39925000071525574,0.20229999721050262,0.4069499969482422,0.07159999758005142,0.15710000693798065,0.33959999680519104,0.2423499971628189,0.25336778208326044,-0.25350377526303947,Semey,-0.5068715810775757,0,"{""type"":""Point"",""coordinates"":[80.97297700017873,50.541730741781265]}"
1_2_1102,0.18250000476837158,0.15760000050067902,0.13199999928474426,0.12524999678134918,0.07720000296831131,0.06800000369548798,0.15960000455379486,0.14820000529289246,0.09465022258481487,0.08392762237139187,Semey,-0.010722599923610687,0,"{""type"":""Point"",""coordinates"":[80.60573950612385,50.549641402480916]}"
1_2_1104,0.2011999934911728,0.2761000096797943,0.11180000007152557,0.21125000715255737,0.04659999907016754,0.12309999763965607,0.41920000314712524,0.24824999272823334,0.5789077235636494,0.08052227548482038,Semey,-0.4983854591846466,0,"{""type"":""Point"",""coordinates"":[80.4678611222777,50.67487318224369]}"
1_2_1105,0.38144999742507935,0.3273000121116638,0.3345000147819519,0.28005000948905945,0.181099995970726,0.14990000426769257,0.2547000050544739,0.23285000026226044,-0.13543789382361557,-0.09202575225078273,Semey,0.043412141501903534,0,"{""type"":""Point"",""coordinates"":[80.80709183339115,50.30946523422762]}"
1_2_1110,0.31290000677108765,0.27079999446868896,0.26930001378059387,0.23925000429153442,0.12139999866485596,0.1152999997138977,0.21860000491142273,0.18790000677108765,-0.10391475082351895,-0.12021537209539869,Semey,-0.016300620511174202,0,"{""type"":""Point"",""coordinates"":[80.49197805457185,50.532496083227834]}"
1_2_1113,0.17520000040531158,0.23645000159740448,0.08160000294446945,0.14959999918937683,0.0364999994635582,0.066600002348423,0.4249500036239624,0.2815999984741211,0.6778205433368373,0.30612244897959184,Semey,-0.3716980814933777,0,"{""type"":""Point"",""coordinates"":[80.56755947591822,50.402091120756225]}"
1_2_1116,0.2531000077724457,0.22439999878406525,0.19949999451637268,0.18389999866485596,0.10499999672174454,0.09544999897480011,0.1843000054359436,0.16374999284744263,-0.03960393194975909,-0.05796061069859251,Semey,-0.018356679007411003,0,"{""type"":""Point"",""coordinates"":[80.42692724851155,50.47281295409131]}"
1_2_1117,0.16990000009536743,0.20069999992847443,0.07900000363588333,0.12929999828338623,0.022700000554323196,0.06994999945163727,0.34630000591278076,0.18770000338554382,0.6284975223973329,0.18422714446276142,Semey,-0.44427037239074707,0,"{""type"":""Point"",""coordinates"":[80.73056516738203,50.40037385609434]}"
1_2_1120,0.28060001134872437,0.29214999079704285,0.22709999978542328,0.23555000126361847,0.1257999986410141,0.13410000503063202,0.2581000030040741,0.2202499955892563,0.06389118516163753,-0.03356736678368339,Semey,-0.09745854884386063,0,"{""type"":""Point"",""coordinates"":[80.78347329472344,50.3891868039916]}"
1_2_1121,0.31380000710487366,0.33570000529289246,0.2653999924659729,0.3250499963760376,0.13760000467300415,0.1736000031232834,0.2565000057220459,0.23045000433921814,-0.017053049961346635,-0.17029701514853923,Semey,-0.15324395895004272,0,"{""type"":""Point"",""coordinates"":[80.95744376334322,50.310637469319275]}"
1_2_1126,0.1424500048160553,0.16120000183582306,0.08134999871253967,0.10474999994039536,0.031700000166893005,0.049150001257658005,0.20600000023841858,0.19584999978542328,0.4337915503077931,0.3030605453363988,Semey,-0.130731001496315,0,"{""type"":""Point"",""coordinates"":[80.79728483125298,50.68683968047233]}"
1_2_1127,0.337799996137619,0.3337000012397766,0.31380000710487366,0.29580000042915344,0.13339999318122864,0.12970000505447388,0.23360000550746918,0.2195499986410141,-0.14651077776682558,-0.1479577023881153,Semey,-0.0014469246380031109,0,"{""type"":""Point"",""coordinates"":[80.51898801672476,50.61059742158243]}"
1_2_1129,0.24609999358654022,0.2733500003814697,0.21140000224113464,0.2765499949455261,0.0868000015616417,0.09960000216960907,0.21780000627040863,0.14605000615119934,0.014911472279483563,-0.3088026229428658,Semey,-0.32371410727500916,0,"{""type"":""Point"",""coordinates"":[80.99827588366131,50.654029076076334]}"
1_2_1130,0.3330000042915344,0.29899999499320984,0.29089999198913574,0.2633500099182129,0.17080000042915344,0.14920000731945038,0.23589999973773956,0.22139999270439148,-0.10440393529829718,-0.086539488368979,Semey,0.017864447087049484,0,"{""type"":""Point"",""coordinates"":[80.60388381952833,50.31967668042606]}"
1_2_1132,0.24420000612735748,0.23980000615119934,0.19009999930858612,0.2032500058412552,0.15839999914169312,0.16140000522136688,0.2198999971151352,0.22529999911785126,0.0726829221133743,0.051452556344504415,Semey,-0.021230366080999374,0,"{""type"":""Point"",""coordinates"":[80.67191587423866,50.60107973711098]}"
1_2_1133,0.26249998807907104,0.2813499867916107,0.2240999937057495,0.2888000011444092,0.08380000293254852,0.10599999874830246,0.22579999268054962,0.15369999408721924,0.0037786153061592537,-0.30531075370175154,Semey,-0.3090893626213074,0,"{""type"":""Point"",""coordinates"":[80.94533302240568,50.683500553902356]}"
1_2_1134,0.32010000944137573,0.3052999973297119,0.28349998593330383,0.2847500145435333,0.16660000383853912,0.1632000058889389,0.24120000004768372,0.23319999873638153,-0.0806174709658804,-0.09952700933573044,Semey,-0.01890953816473484,0,"{""type"":""Point"",""coordinates"":[80.48481446775023,50.46427993351249]}"
1_2_1137,0.3776000142097473,0.3341499865055084,0.3425000011920929,0.2924000024795532,0.17800000309944153,0.1581999957561493,0.2667999863624573,0.24535000324249268,-0.12424095909382939,-0.0874941863996556,Semey,0.03674677386879921,0,"{""type"":""Point"",""coordinates"":[80.6358070313678,50.308468693669695]}"
1_2_1138,0.3391999900341034,0.32580000162124634,0.31139999628067017,0.305649995803833,0.16419999301433563,0.1673000007867813,0.24490000307559967,0.23260000348091125,-0.11953980456951623,-0.13571758926148544,Semey,-0.016177784651517868,0,"{""type"":""Point"",""coordinates"":[80.48180565977617,50.39336588790332]}"
1_2_1141,0.2632000148296356,0.34984999895095825,0.2087000012397766,0.36344999074935913,0.09380000084638596,0.13760000467300415,0.28349998593330383,0.2050500065088272,0.1519707164625018,-0.27862794196038315,Semey,-0.430598646402359,0,"{""type"":""Point"",""coordinates"":[80.44050960967886,50.62441315892084]}"
1_2_1142,0.32429999113082886,0.2838999927043915,0.26159998774528503,0.23199999332427979,0.1281999945640564,0.11100000143051147,0.2526000142097473,0.23804999887943268,-0.01750286561905689,0.012870983204975596,Semey,0.030373848974704742,0,"{""type"":""Point"",""coordinates"":[80.50560612658137,50.30195009851044]}"
1_2_1145,0.3125999867916107,0.2904999852180481,0.24709999561309814,0.22869999706745148,0.11180000007152557,0.10159999877214432,0.22310000658035278,0.20479999482631683,-0.05104208617776914,-0.05513264749262436,Semey,-0.004090561531484127,0,"{""type"":""Point"",""coordinates"":[80.90381540711336,50.349187929819706]}"
1_2_1148,0.1639000028371811,0.15264999866485596,0.11079999804496765,0.10894999653100967,0.048900000751018524,0.049550000578165054,0.15870000422000885,0.1359499990940094,0.17773657058431186,0.11024909369268031,Semey,-0.06748747825622559,0,"{""type"":""Point"",""coordinates"":[80.5523435089097,50.57086109248167]}"
1_2_1149,0.21660000085830688,0.1956000030040741,0.16269999742507935,0.15575000643730164,0.0812000036239624,0.07370000332593918,0.1703999936580658,0.16089999675750732,0.02311617063677571,0.016263983161993904,Semey,-0.006852187681943178,0,"{""type"":""Point"",""coordinates"":[80.61498365199006,50.513115953679]}"
1_2_1150,0.2635999917984009,0.263700008392334,0.24549999833106995,0.22425000369548798,0.1347000002861023,0.12290000170469284,0.2046000063419342,0.20329999923706055,-0.09086867710399031,-0.04900012703714695,Semey,0.04186854884028435,0,"{""type"":""Point"",""coordinates"":[80.90959296350478,50.46371517920781]}"
1_2_1151,0.29269999265670776,0.2617500126361847,0.25279998779296875,0.23639999330043793,0.16179999709129333,0.14839999377727509,0.2240000069141388,0.2094999998807907,-0.06040264513115491,-0.060327413839439466,Semey,7.523129170294851E-5,0,"{""type"":""Point"",""coordinates"":[80.4208750259114,50.44579701935662]}"
1_2_1155,0.1356000006198883,0.12870000302791595,0.08020000159740448,0.09125000238418579,0.042899999767541885,0.04969999939203262,0.16949999332427979,0.157150000333786,0.35762912912706823,0.26529789544495985,Semey,-0.09233123064041138,0,"{""type"":""Point"",""coordinates"":[80.44878720663556,50.58963343427247]}"
1_2_1156,0.2621000111103058,0.29840001463890076,0.21140000224113464,0.31209999322891235,0.08500000089406967,0.11540000140666962,0.2619999945163727,0.16769999265670776,0.10688633844912591,-0.3009587428512935,Semey,-0.40784507989883423,0,"{""type"":""Point"",""coordinates"":[80.6176758611312,50.69981670372962]}"
1_2_1158,0.35249999165534973,0.319599986076355,0.29269999265670776,0.2648000121116638,0.1316000074148178,0.11760000139474869,0.22660000622272491,0.21719999611377716,-0.12728670629042205,-0.09875521822734738,Semey,0.02853148803114891,0,"{""type"":""Point"",""coordinates"":[80.90652353829944,50.35176298561196]}"
1_2_1160,0.30469998717308044,0.28209999203681946,0.24719999730587006,0.23485000431537628,0.1387999951839447,0.13339999318122864,0.22290000319480896,0.2089499980211258,-0.05169111696485947,-0.05835963532648283,Semey,-0.0066685182973742485,0,"{""type"":""Point"",""coordinates"":[80.57974271460046,50.515044527589524]}"
1_2_1163,0.3301999866962433,0.30434998869895935,0.273250013589859,0.24959999322891235,0.12370000034570694,0.10840000212192535,0.2228499948978424,0.20475000143051147,-0.1015924568226772,-0.0987124294609489,Semey,0.00288002728484571,0,"{""type"":""Point"",""coordinates"":[80.97398493370828,50.364732269413246]}"
1_2_1164,0.21359999477863312,0.20395000278949738,0.164000004529953,0.15964999794960022,0.10639999806880951,0.10499999672174454,0.19885000586509705,0.1891999989748001,0.09604519866818077,0.08470689776615851,Semey,-0.011338301002979279,0,"{""type"":""Point"",""coordinates"":[80.99858608254682,50.43565768324416]}"
1_2_1165,0.2639999985694885,0.3435499966144562,0.20569999516010284,0.3458000123500824,0.0812000036239624,0.13449999690055847,0.2784999907016754,0.2093999981880188,0.15035108977131273,-0.24567725427430084,Semey,-0.3960283398628235,0,"{""type"":""Point"",""coordinates"":[80.46338424515105,50.63167618930565]}"
1_2_1166,0.24729999899864197,0.2447499930858612,0.211899995803833,0.21674999594688416,0.1550000011920929,0.1526000052690506,0.22169999778270721,0.21334999799728394,0.022601480912887214,-0.007905133683962754,Semey,-0.030506614595651627,0,"{""type"":""Point"",""coordinates"":[80.57098881840993,50.52758160290951]}"
1_2_1167,0.30640000104904175,0.26695001125335693,0.2685000002384186,0.2324499934911728,0.14560000598430634,0.1225999966263771,0.22540000081062317,0.2053000032901764,-0.08726462712340792,-0.06202167995573393,Semey,0.025242947041988373,0,"{""type"":""Point"",""coordinates"":[80.60387647466445,50.32419166732155]}"
1_2_1170,0.2621000111103058,0.35010001063346863,0.15809999406337738,0.2944500148296356,0.0786999985575676,0.1356000006198883,0.42640000581741333,0.27630001306533813,0.45902482773097686,-0.03180026434906692,Semey,-0.4908250868320465,0,"{""type"":""Point"",""coordinates"":[80.72362091812269,50.3998967449638]}"
1_2_1171,0.3384000062942505,0.3089999854564667,0.2712000012397766,0.24779999256134033,0.11980000138282776,0.1216999962925911,0.2500999867916107,0.2383500039577484,-0.04047576238750166,-0.01943842162142413,Semey,0.02103734016418457,0,"{""type"":""Point"",""coordinates"":[80.54771548709508,50.69406314456285]}"
1_2_1172,0.15604999661445618,0.14659999310970306,0.10360000282526016,0.10409999638795853,0.05550000071525574,0.048900000751018524,0.1530500054359436,0.14630000293254852,0.1926748529863909,0.16853037803157028,Semey,-0.024144474416971207,0,"{""type"":""Point"",""coordinates"":[80.60851406337916,50.58187358418072]}"
1_2_1173,0.251800000667572,0.26249998807907104,0.1988999992609024,0.22349999845027924,0.09319999814033508,0.12489999830722809,0.31540000438690186,0.2530499994754791,0.22652149387457396,0.06200818624240867,Semey,-0.16451330482959747,0,"{""type"":""Point"",""coordinates"":[80.46348087759021,50.654076591563886]}"
1_2_1177,0.20389999449253082,0.1826000064611435,0.15039999783039093,0.1400499939918518,0.0706000030040741,0.06390000134706497,0.17110000550746918,0.16085000336170197,0.06438571527890431,0.06912598721431827,Semey,0.004740271717309952,0,"{""type"":""Point"",""coordinates"":[80.62646139396738,50.5404449002633]}"
1_2_1178,0.26510000228881836,0.25929999351501465,0.2102999985218048,0.21719999611377716,0.1088000014424324,0.1062999963760376,0.21359999477863312,0.18915000557899475,0.0077848462113313715,-0.06902913847159302,Semey,-0.07681398838758469,0,"{""type"":""Point"",""coordinates"":[80.46236989683828,50.42246151673496]}"
1_2_1183,0.2054000049829483,0.19724999368190765,0.15389999747276306,0.15919999778270721,0.07460000365972519,0.07400000095367432,0.17759999632835388,0.1746000051498413,0.07149321055435558,0.046135432090592274,Semey,-0.02535777911543846,0,"{""type"":""Point"",""coordinates"":[80.63410524328572,50.51164711953158]}"
1_2_1184,0.31850001215934753,0.28154999017715454,0.28130000829696655,0.25475001335144043,0.15539999306201935,0.13989999890327454,0.21969999372959137,0.19679999351501465,-0.12295412039561185,-0.12833577445513,Semey,-0.005381654016673565,0,"{""type"":""Point"",""coordinates"":[80.46115307536002,50.4551177735089]}"
1_2_1186,0.33329999446868896,0.28130000829696655,0.28049999475479126,0.24015000462532043,0.1738000065088272,0.14489999413490295,0.23919999599456787,0.22425000369548798,-0.07946892340843152,-0.034237727486965734,Semey,0.04523119702935219,0,"{""type"":""Point"",""coordinates"":[80.44205999795977,50.3193318260488]}"
1_2_1187,0.11400000005960464,0.11599999666213989,0.05909999832510948,0.06804999709129333,0.026000000536441803,0.03545000031590462,0.22499999403953552,0.1886499971151352,0.5839493142312085,0.46980912639546013,Semey,-0.11414019018411636,0,"{""type"":""Point"",""coordinates"":[80.88375678832512,50.6967740612232]}"
1_2_1188,0.1770000010728836,0.17919999361038208,0.12725000083446503,0.12880000472068787,0.07370000332593918,0.07440000027418137,0.16455000638961792,0.1627500057220459,0.12782729483111005,0.11644657789517208,Semey,-0.011380717158317566,0,"{""type"":""Point"",""coordinates"":[80.5942108867296,50.616674769055045]}"
1_2_1194,0.2328999936580658,0.19544999301433563,0.17010000348091125,0.15684999525547028,0.08550000190734863,0.07524999976158142,0.18050000071525574,0.15219999849796295,0.029663425869571575,-0.015046098856152032,Semey,-0.044709526002407074,0,"{""type"":""Point"",""coordinates"":[80.52810577109373,50.52804110317027]}"
1_2_1195,0.21040000021457672,0.18885000050067902,0.15604999661445618,0.15084999799728394,0.07000000029802322,0.07000000029802322,0.16300000250339508,0.15109999477863312,0.021783438044679946,8.279410078830821E-4,Semey,-0.02095549739897251,0,"{""type"":""Point"",""coordinates"":[80.62335248251321,50.59030766594778]}"
1_2_1196,0.3564000129699707,0.33640000224113464,0.3190999925136566,0.2996000051498413,0.19939999282360077,0.19140000641345978,0.30160000920295715,0.2554999887943268,-0.02819394757902585,-0.07944517534970484,Semey,-0.05125122889876366,0,"{""type"":""Point"",""coordinates"":[80.82354617712443,50.339318111575956]}"
1_2_1198,0.14180000126361847,0.13414999842643738,0.09539999812841415,0.09905000030994415,0.04879999905824661,0.04594999924302101,0.1526000052690506,0.14045000076293945,0.2306451869234982,0.17286012637802298,Semey,-0.05778506025671959,0,"{""type"":""Point"",""coordinates"":[80.55989925534294,50.44711739530104]}"
1_2_1199,0.17990000545978546,0.164900004863739,0.12520000338554382,0.11744999885559082,0.06379999965429306,0.05299999937415123,0.1736000031232834,0.15854999423027039,0.16198125396061436,0.1489130304503077,Semey,-0.013068223372101784,0,"{""type"":""Point"",""coordinates"":[80.54443085367822,50.6080448278851]}"
1_2_1200,0.33820000290870667,0.3319999873638153,0.3116999864578247,0.31725001335144043,0.1785999983549118,0.18039999902248383,0.25870001316070557,0.23109999299049377,-0.09291720429972693,-0.15710772201072276,Semey,-0.06419051438570023,0,"{""type"":""Point"",""coordinates"":[80.52834946269888,50.41784245563004]}"
1_2_1202,0.1732500046491623,0.17640000581741333,0.11924999952316284,0.1315000057220459,0.06864999979734421,0.06379999965429306,0.15125000476837158,0.14830000698566437,0.11829946298529583,0.060042889566157345,Semey,-0.05825657397508621,0,"{""type"":""Point"",""coordinates"":[80.49185123184688,50.56499046606715]}"
1_2_1203,0.27799999713897705,0.2730500102043152,0.23729999363422394,0.22550000250339508,0.13750000298023224,0.14900000393390656,0.23514999449253082,0.23694999516010284,-0.0045507444083505546,0.024759417698255366,Semey,0.029310161247849464,0,"{""type"":""Point"",""coordinates"":[80.93692940981138,50.68967892191248]}"
1_2_1204,0.15320000052452087,0.06319999694824219,0.08940000087022781,0.04800000041723251,0.040800001472234726,0.03929999843239784,0.25920000672340393,0.0767500028014183,0.48709122821108636,0.23046093500931875,Semey,-0.2566303014755249,0,"{""type"":""Point"",""coordinates"":[80.67509273680767,50.661453042330415]}"
1_2_1206,0.18070000410079956,0.18205000460147858,0.12970000505447388,0.13510000705718994,0.06499999761581421,0.0588500015437603,0.16329999268054962,0.15889999270439148,0.11467572657274257,0.08095233219898666,Semey,-0.03372339531779289,0,"{""type"":""Point"",""coordinates"":[80.70905722850503,50.630846883348156]}"
1_2_1207,0.3154999911785126,0.31119999289512634,0.251800000667572,0.2471500039100647,0.11900000274181366,0.11810000240802765,0.22619999945163727,0.20074999332427979,-0.05355648788608854,-0.1035945766293633,Semey,-0.050038088113069534,0,"{""type"":""Point"",""coordinates"":[80.58108844497374,50.63969629362208]}"
1_2_1209,0.14900000393390656,0.15139999985694885,0.09790000319480896,0.10570000112056732,0.05139999836683273,0.05094999819993973,0.16769999265670776,0.1627500057220459,0.26280116924745883,0.2125163089860744,Semey,-0.05028485879302025,0,"{""type"":""Point"",""coordinates"":[80.59676908610894,50.62655604078723]}"
1_2_1210,0.27160000801086426,0.2755500078201294,0.22519999742507935,0.27915000915527344,0.08550000190734863,0.1031000018119812,0.24250000715255737,0.15154999494552612,0.036989543635136485,-0.2962619294052392,Semey,-0.3332514762878418,0,"{""type"":""Point"",""coordinates"":[80.98608922922453,50.68444310031155]}"
1_2_1212,0.12759999930858612,0.12075000256299973,0.0746999979019165,0.07474999874830246,0.040699999779462814,0.04019999876618385,0.20229999721050262,0.18915000557899475,0.46064982512653213,0.4334975557211805,Semey,-0.027152270078659058,0,"{""type"":""Point"",""coordinates"":[80.44286981752954,50.593435206405374]}"
1_2_1216,0.16324999928474426,0.18524999916553497,0.11640000343322754,0.1415500044822693,0.07460000365972519,0.09255000203847885,0.16404999792575836,0.1664000004529953,0.16990548854209897,0.08069490362875568,Semey,-0.08921058475971222,0,"{""type"":""Point"",""coordinates"":[80.7182482659291,50.658967157287876]}"
1_2_1219,0.31869998574256897,0.26945000886917114,0.2712000012397766,0.23280000686645508,0.15839999914169312,0.12269999831914902,0.2393999993801117,0.2134000062942505,-0.06227967454183015,-0.043478260869565216,Semey,0.018801413476467133,0,"{""type"":""Point"",""coordinates"":[80.4439556135255,50.34403856317111]}"
1_2_1221,0.2409999966621399,0.3578999936580658,0.16290000081062317,0.3686000108718872,0.06030000001192093,0.1225999966263771,0.39640000462532043,0.18584999442100525,0.41748614615638496,-0.3296059422965338,Semey,-0.747092068195343,0,"{""type"":""Point"",""coordinates"":[80.98201972539809,50.554606998393524]}"
1_2_1223,0.18700000643730164,0.17960000038146973,0.13109999895095825,0.1326500028371811,0.06390000134706497,0.0726500004529953,0.15780000388622284,0.16169999539852142,0.0924195385013971,0.09869200861376727,Semey,0.006272470112890005,0,"{""type"":""Point"",""coordinates"":[80.67222472934748,50.610919913485226]}"
1_2_1224,0.3741999864578247,0.37255001068115234,0.3734000027179718,0.36535000801086426,0.19599999487400055,0.19120000302791595,0.27140000462532043,0.2642500102519989,-0.15818858084836598,-0.16057813663635453,Semey,-0.002389555796980858,0,"{""type"":""Point"",""coordinates"":[80.56500080949723,50.386714221379506]}"
1_2_1225,0.2646999955177307,0.32705000042915344,0.20999999344348907,0.32405000925064087,0.10540000349283218,0.15459999442100525,0.27649998664855957,0.21819999814033508,0.13669063910853255,-0.19520518149847668,Semey,-0.3318958282470703,0,"{""type"":""Point"",""coordinates"":[80.93670133726455,50.350252418294545]}"
1_2_1227,0.3327000141143799,0.3346000015735626,0.3156000077724457,0.3098999857902527,0.1420000046491623,0.12349999696016312,0.23330000042915344,0.2443999946117401,-0.14993624724644788,-0.11816704581337036,Semey,0.031769201159477234,0,"{""type"":""Point"",""coordinates"":[80.9171725080875,50.47150551059475]}"
1_2_1228,0.3197000026702881,0.2838999927043915,0.2815999984741211,0.2570500075817108,0.14959999918937683,0.1315000057220459,0.22020000219345093,0.1995999962091446,-0.1223594982044368,-0.12580753508299145,Semey,-0.003448036964982748,0,"{""type"":""Point"",""coordinates"":[80.40216529067732,50.45013915813168]}"
1_2_1230,0.27549999952316284,0.3310000002384186,0.21150000393390656,0.33594998717308044,0.08919999748468399,0.13439999520778656,0.2856999933719635,0.18850000202655792,0.14923569959798333,-0.28115166018316734,Semey,-0.43038734793663025,0,"{""type"":""Point"",""coordinates"":[80.50893101115538,50.6499448193248]}"
1_2_1233,0.12559999525547028,0.14765000343322754,0.09574999660253525,0.10700000077486038,0.05065000057220459,0.04769999906420708,0.12884999811649323,0.15835000574588776,0.14737311795294397,0.1935180090791226,Semey,0.046144891530275345,0,"{""type"":""Point"",""coordinates"":[80.98601116166029,50.488698949963386]}"
1_2_1235,0.19329999387264252,0.23280000686645508,0.10300000011920929,0.15800000727176666,0.04960000142455101,0.06274999678134918,0.4250999987125397,0.25485000014305115,0.6099223618744041,0.23458881223652944,Semey,-0.3753335475921631,0,"{""type"":""Point"",""coordinates"":[80.53458676731339,50.674015316692945]}"
1_2_1236,0.29679998755455017,0.28505000472068787,0.2648000121116638,0.25519999861717224,0.13179999589920044,0.11999999731779099,0.2117999941110611,0.19335000216960907,-0.1112044005635928,-0.13788874448573155,Semey,-0.026684343814849854,0,"{""type"":""Point"",""coordinates"":[80.49040223400968,50.44374565865507]}"
1_2_1239,0.2519499957561493,0.25060001015663147,0.20444999635219574,0.21209999918937683,0.12809999287128448,0.1256999969482422,0.19990000128746033,0.18565000593662262,-0.011252615534303092,-0.0664990393761915,Semey,-0.05524642392992973,0,"{""type"":""Point"",""coordinates"":[80.53674271043015,50.63041294425841]}"
1_2_1241,0.12025000154972076,0.13404999673366547,0.07665000110864639,0.08889999985694885,0.03629999980330467,0.05400000140070915,0.157150000333786,0.163100004196167,0.34431137180707333,0.2944444569277803,Semey,-0.04986691474914551,0,"{""type"":""Point"",""coordinates"":[80.86622789023212,50.67937451805991]}"
1_2_1244,0.29589998722076416,0.27035000920295715,0.25244998931884766,0.23729999363422394,0.14010000228881836,0.13210000097751617,0.20999999344348907,0.19245000183582306,-0.09179370193030059,-0.10436298376069876,Semey,-0.012569282203912735,0,"{""type"":""Point"",""coordinates"":[80.51047121632996,50.42814165176781]}"
1_2_1245,0.28949999809265137,0.27459999918937683,0.25049999356269836,0.2467000037431717,0.13339999318122864,0.12430000305175781,0.2078000009059906,0.1818999946117401,-0.09317039749522629,-0.15118994255751836,Semey,-0.058019544929265976,0,"{""type"":""Point"",""coordinates"":[80.50648858348903,50.43972469030843]}"
1_2_1246,0.3100999891757965,0.29144999384880066,0.26600000262260437,0.25130000710487366,0.14659999310970306,0.1298999935388565,0.23549999296665192,0.2268500030040741,-0.060817567146965415,-0.05113458869367913,Semey,0.009682978503406048,0,"{""type"":""Point"",""coordinates"":[80.96224557734692,50.32447597363157]}"
1_2_1248,0.19599999487400055,0.18539999425411224,0.15279999375343323,0.15029999613761902,0.07590000331401825,0.07419999688863754,0.17759999632835388,0.15459999442100525,0.07506054273422245,0.014102979391727642,Semey,-0.06095756217837334,0,"{""type"":""Point"",""coordinates"":[80.43245462657565,50.45769990599157]}"
1_2_1249,0.24660000205039978,0.35214999318122864,0.181099995970726,0.3624500036239624,0.0640999972820282,0.11429999768733978,0.30160000920295715,0.1871500015258789,0.24963748071407896,-0.3189592439146543,Semey,-0.5685967206954956,0,"{""type"":""Point"",""coordinates"":[80.95321497102596,50.58409492213401]}"
1_2_1252,0.12349999696016312,0.13214999437332153,0.05649999901652336,0.07819999754428864,0.020800000056624413,0.042249999940395355,0.3041999936103821,0.2759000062942505,0.6867202651985367,0.5583168783022894,Semey,-0.12840338051319122,0,"{""type"":""Point"",""coordinates"":[80.85103168371053,50.369786791059425]}"
1_2_1253,0.25029999017715454,0.2530499994754791,0.1973000019788742,0.20489999651908875,0.1080000028014183,0.10790000110864639,0.17949999868869781,0.17389999330043793,-0.04723992372250621,-0.08183739190019589,Semey,-0.03459746763110161,0,"{""type"":""Point"",""coordinates"":[80.67302697860046,50.62315341178251]}"
1_2_1257,0.18539999425411224,0.17270000278949738,0.08550000190734863,0.08969999849796295,0.0414000004529953,0.03150000050663948,0.32820001244544983,0.25290000438690186,0.5866570029439968,0.4763572811287582,Semey,-0.1102997213602066,0,"{""type"":""Point"",""coordinates"":[80.49117037730551,50.403838828000076]}"
1_2_1260,0.2409999966621399,0.2354000061750412,0.20190000534057617,0.21175000071525574,0.08219999819993973,0.08664999902248383,0.1882999986410141,0.18310000002384186,-0.03485393788003068,-0.07255920131134747,Semey,-0.03770526498556137,0,"{""type"":""Point"",""coordinates"":[80.61690866362257,50.54941729481652]}"
1_2_1261,0.2906999886035919,0.27790001034736633,0.2345000058412552,0.26965001225471497,0.1265999972820282,0.1315000057220459,0.2687999904155731,0.18719999492168427,0.06815017848085785,-0.18047502689694617,Semey,-0.24862520396709442,0,"{""type"":""Point"",""coordinates"":[80.98265206616999,50.30534892620023]}"
1_2_1262,0.3499999940395355,0.29624998569488525,0.29760000109672546,0.2508000135421753,0.16439999639987946,0.1371999979019165,0.25459998846054077,0.22415000200271606,-0.07787036119044576,-0.05611119205646246,Semey,0.021759169176220894,0,"{""type"":""Point"",""coordinates"":[80.47736828199214,50.33157256248276]}"
1_2_1263,0.15289999544620514,0.14204999804496765,0.10480000078678131,0.1014999970793724,0.05274999886751175,0.052799999713897705,0.16414999961853027,0.1550000011920929,0.22067298286784773,0.2085770154902655,Semey,-0.012095967307686806,0,"{""type"":""Point"",""coordinates"":[80.53913437453288,50.47070389068459]}"
1_2_1264,0.007400000002235174,0.015250000171363354,0.006200000178068876,0.016300000250339508,0.016699999570846558,0.023749999701976776,0.008200000040233135,0.011549999937415123,0.13888887721142623,-0.17055656304853142,Semey,-0.30944544076919556,0,"{""type"":""Point"",""coordinates"":[80.75293955924339,50.37058392695861]}"
1_2_1265,0.1704999953508377,0.26100000739097595,0.0754999965429306,0.17170000076293945,0.031300000846385956,0.11060000211000443,0.3518500030040741,0.20739999413490295,0.6466596624642033,0.09417038737123624,Semey,-0.5524892807006836,0,"{""type"":""Point"",""coordinates"":[80.89946544901085,50.66485174545077]}"
1_2_1266,0.12224999815225601,0.13459999859333038,0.07249999791383743,0.09009999781847,0.03319999948143959,0.039250001311302185,0.16615000367164612,0.16140000522136688,0.39241569300498663,0.28349903197258874,Semey,-0.10891666263341904,0,"{""type"":""Point"",""coordinates"":[80.87368807348786,50.65764132143898]}"
1_2_1267,0.351500004529953,0.33160001039505005,0.33869999647140503,0.29179999232292175,0.20720000565052032,0.17159999907016754,0.2768000066280365,0.24924999475479126,-0.10056862637150601,-0.07864337599922884,Semey,0.021925250068306923,0,"{""type"":""Point"",""coordinates"":[80.96510523083795,50.47198660624445]}"
1_2_1268,0.2612999975681305,0.2579500079154968,0.19269999861717224,0.20755000412464142,0.1103999987244606,0.10864999890327454,0.23469999432563782,0.19134999811649323,0.09826859242387856,-0.04061169695946832,Semey,-0.13888028264045715,0,"{""type"":""Point"",""coordinates"":[80.4382693278937,50.602435193442965]}"
1_2_1271,0.10459999740123749,0.10859999805688858,0.05909999832510948,0.06814999878406525,0.03680000081658363,0.03974999859929085,0.17069999873638153,0.16290000081062317,0.48563969468376267,0.41008440680705427,Semey,-0.07555528730154037,0,"{""type"":""Point"",""coordinates"":[80.72269231159363,50.6755657086452]}"
1_2_1272,0.23510000109672546,0.24060000479221344,0.15000000596046448,0.1662999987602234,0.07750000059604645,0.07734999805688858,0.2558000087738037,0.23100000619888306,0.2607195637551189,0.16284924900848957,Semey,-0.09787031263113022,0,"{""type"":""Point"",""coordinates"":[80.64941732501791,50.40063537050632]}"
1_2_1274,0.29840001463890076,0.3131999969482422,0.24629999697208405,0.2858999967575073,0.10700000077486038,0.12080000340938568,0.250900000333786,0.1928499937057495,0.009251816948164848,-0.19436032356203092,Semey,-0.20361213386058807,0,"{""type"":""Point"",""coordinates"":[80.6332181980825,50.6828869206153]}"
1_2_1276,0.326200008392334,0.28519999980926514,0.2718999981880188,0.24250000715255737,0.1340000033378601,0.11739999800920486,0.2249000072479248,0.19830000400543213,-0.09460545576856698,-0.10027223690628102,Semey,-0.0056667812168598175,0,"{""type"":""Point"",""coordinates"":[80.41284664839294,50.484689899122564]}"
1_2_1278,0.37880000472068787,0.3297500014305115,0.3449000120162964,0.2874000072479248,0.17499999701976776,0.15240000188350677,0.2484000027179718,0.2223999947309494,-0.16264959868835627,-0.12750100483457621,Semey,0.03514859452843666,0,"{""type"":""Point"",""coordinates"":[80.64876442149904,50.31282199546768]}"
1_2_1279,0.21570000052452087,0.24979999661445618,0.12890000641345978,0.16474999487400055,0.05494999885559082,0.06989999860525131,0.243599995970726,0.23064999282360077,0.30791943308222575,0.16666666666666666,Semey,-0.1412527710199356,0,"{""type"":""Point"",""coordinates"":[80.94020641836822,50.576621849190445]}"
1_2_1280,0.2750000059604645,0.2824000120162964,0.23250000178813934,0.2924500107765198,0.08460000157356262,0.10559999942779541,0.23720000684261322,0.15674999356269836,0.010006397632768012,-0.30209264448569795,Semey,-0.31209903955459595,0,"{""type"":""Point"",""coordinates"":[80.9603444818512,50.68197312036174]}"
1_2_1282,0.2637999951839447,0.25885000824928284,0.250900000333786,0.23510000109672546,0.20880000293254852,0.19699999690055847,0.2328999936580658,0.23184999823570251,-0.03720547106088507,-0.006960066100587418,Semey,0.030245404690504074,0,"{""type"":""Point"",""coordinates"":[80.60626173550308,50.42984821998986]}"
1_2_1284,0.23000000417232513,0.2154500037431717,0.18000000715255737,0.16859999299049377,0.0989999994635582,0.08760000020265579,0.18559999763965607,0.16455000638961792,0.015317260431332365,-0.01215664598052414,Semey,-0.02747390605509281,0,"{""type"":""Point"",""coordinates"":[80.60523950169106,50.556757096277785]}"
1_2_1285,0.22990000247955322,0.20550000667572021,0.1729000061750412,0.16075000166893005,0.06319999694824219,0.062049999833106995,0.19120000302791595,0.16384999454021454,0.05026090741643993,0.009550193800024302,Semey,-0.04071071371436119,0,"{""type"":""Point"",""coordinates"":[80.54076547367738,50.530454516008625]}"
1_2_1287,0.33945000171661377,0.3122999966144562,0.30790001153945923,0.2879500091075897,0.14229999482631683,0.1371999979019165,0.23800000548362732,0.21040000021457672,-0.12804543666624538,-0.1556135395652808,Semey,-0.02756810374557972,0,"{""type"":""Point"",""coordinates"":[80.51030842259954,50.41702646421627]}"
1_2_1289,0.2287999987602234,0.2284500002861023,0.17640000581741333,0.1835000067949295,0.07959999889135361,0.08789999783039093,0.1762000024318695,0.17515000700950623,-5.672245628605427E-4,-0.023281749516330306,Semey,-0.0227145254611969,0,"{""type"":""Point"",""coordinates"":[80.7102209447669,50.629885945042]}"
1_2_1292,0.29660001397132874,0.3371500074863434,0.2524999976158142,0.32245001196861267,0.11800000071525574,0.16539999842643738,0.2630999982357025,0.2370000034570694,0.020558573904529105,-0.15273930852700915,Semey,-0.17329788208007812,0,"{""type"":""Point"",""coordinates"":[80.9819555815675,50.31419827625462]}"
1_2_1293,0.33309999108314514,0.3252499997615814,0.303600013256073,0.3089999854564667,0.1624000072479248,0.17249999940395355,0.25270000100135803,0.24785000085830688,-0.09149741317669766,-0.10981410810988727,Semey,-0.01831669546663761,0,"{""type"":""Point"",""coordinates"":[80.43502042762313,50.40939697662913]}"
1_2_1295,0.36039999127388,0.32100000977516174,0.32850000262260437,0.2766000032424927,0.1712000072002411,0.14100000262260437,0.23409999907016754,0.21815000474452972,-0.1677923982730227,-0.11814047004420894,Semey,0.04965192824602127,0,"{""type"":""Point"",""coordinates"":[80.79712553008035,50.31593298939248]}"
1_2_1296,0.24449999630451202,0.21690000593662262,0.19930000603199005,0.17659999430179596,0.1005999967455864,0.09220000356435776,0.19059999287128448,0.16869999468326569,-0.022313447512637325,-0.022878655866021596,Semey,-5.652083782479167E-4,0,"{""type"":""Point"",""coordinates"":[80.42509557416197,50.47374721213323]}"
1_2_1297,0.17299999296665192,0.1712000072002411,0.12120000272989273,0.1287499964237213,0.05959999933838844,0.05855000019073486,0.17339999973773956,0.17229999601840973,0.1771893977277955,0.14466035770806326,Semey,-0.032529041171073914,0,"{""type"":""Point"",""coordinates"":[80.61943027768524,50.62390444732185]}"
1_2_1301,0.2676999866962433,0.2842999994754791,0.23309999704360962,0.28349998593330383,0.0982000008225441,0.09794999659061432,0.2176000028848648,0.15240000188350677,-0.03439093446018337,-0.30075702618485173,Semey,-0.2663660943508148,0,"{""type"":""Point"",""coordinates"":[80.98504316718231,50.57087824357751]}"
1_2_1302,0.3118000030517578,0.28049999475479126,0.27219998836517334,0.24834999442100525,0.15039999783039093,0.13750000298023224,0.20759999752044678,0.1906999945640564,-0.1346394179764036,-0.13130623232724953,Semey,0.0033331855665892363,0,"{""type"":""Point"",""coordinates"":[80.44600375765286,50.47443093502216]}"
1_2_1304,0.3952000141143799,0.3890500068664551,0.36730000376701355,0.36844998598098755,0.2849999964237213,0.29660001397132874,0.34060001373291016,0.33959999680519104,-0.03771717668322599,-0.040745695751974634,Semey,-0.0030285189859569073,0,"{""type"":""Point"",""coordinates"":[80.47576617068356,50.34716115046106]}"
1_2_1305,0.15700000524520874,0.13210000097751617,0.10620000213384628,0.09200000017881393,0.04809999838471413,0.04414999857544899,0.16660000383853912,0.15000000596046448,0.22140762603504827,0.23966943929856666,Semey,0.01826181262731552,0,"{""type"":""Point"",""coordinates"":[80.46061188183477,50.53135545448678]}"
1_2_1306,0.32359999418258667,0.30024999380111694,0.3013499975204468,0.2655999958515167,0.1680999994277954,0.15049999952316284,0.22314999997615814,0.2094999998807907,-0.1490943716254161,-0.11808039670523436,Semey,0.0310139749199152,0,"{""type"":""Point"",""coordinates"":[80.70492308729943,50.41913238515674]}"
1_2_1312,0.16300000250339508,0.14675000309944153,0.10719999670982361,0.10554999858140945,0.06539999693632126,0.06560000032186508,0.15119999647140503,0.14810000360012054,0.17027864134161202,0.16775085611179802,Semey,-0.0025277852546423674,0,"{""type"":""Point"",""coordinates"":[80.62810413532141,50.48401742180067]}"
1_2_1314,0.19300000369548798,0.17489999532699585,0.13930000364780426,0.13294999301433563,0.07000000029802322,0.06729999929666519,0.1680999994277954,0.15970000624656677,0.09368898988887873,0.09140616196750116,Semey,-0.0022828278597444296,0,"{""type"":""Point"",""coordinates"":[80.60339947581245,50.51143422430056]}"
1_2_1316,0.18199999630451202,0.251800000667572,0.08640000224113464,0.1814499944448471,0.041600000113248825,0.11569999903440475,0.35179999470710754,0.17694999277591705,0.6056595032275195,-0.012555808675735754,Semey,-0.6182153224945068,0,"{""type"":""Point"",""coordinates"":[80.46967824655097,50.404551307620444]}"
1_2_1323,0.20010000467300415,0.18629999458789825,0.15129999816417694,0.14994999766349792,0.0697999969124794,0.06719999760389328,0.1597999930381775,0.14675000309944153,0.027322388667223533,-0.010785286672827353,Semey,-0.038107674568891525,0,"{""type"":""Point"",""coordinates"":[80.56105871334724,50.531911979415035]}"
1_2_1326,0.20440000295639038,0.16204999387264252,0.1387999951839447,0.11834999918937683,0.0658000037074089,0.050200000405311584,0.1657000035047531,0.15189999341964722,0.08834157122052842,0.12414429286889128,Semey,0.03580272197723389,0,"{""type"":""Point"",""coordinates"":[80.62577456804563,50.57495414903826]}"
1_2_1331,0.14229999482631683,0.1497499942779541,0.08950000256299973,0.1005999967455864,0.05180000141263008,0.06620000302791595,0.17190000414848328,0.1712000072002411,0.31522570569950875,0.25974985073482926,Semey,-0.05547585338354111,0,"{""type"":""Point"",""coordinates"":[80.86571639689126,50.66614103100917]}"
1_2_1333,0.1972000002861023,0.18964999914169312,0.15379999577999115,0.1505499929189682,0.0632999986410141,0.06224999949336052,0.1898999959230423,0.17935000360012054,0.1050334623640101,0.08729921486824238,Semey,-0.01773424819111824,0,"{""type"":""Point"",""coordinates"":[80.51258416690027,50.4702515077892]}"
1_2_1334,0.3255999982357025,0.2754499912261963,0.24060000479221344,0.20270000398159027,0.1387999951839447,0.11029999703168869,0.2500999867916107,0.2282000035047531,0.01936006146797424,0.05917846154590986,Semey,0.03981839865446091,0,"{""type"":""Point"",""coordinates"":[80.5025169295527,50.309583327886685]}"
1_2_1336,0.1817999929189682,0.0812000036239624,0.10010000318288803,0.05544999986886978,0.050200000405311584,0.03180000185966492,0.33899998664855957,0.10275000333786011,0.5440673855569329,0.29898863786482,Semey,-0.24507874250411987,0,"{""type"":""Point"",""coordinates"":[80.43408512615792,50.36794744783103]}"
1_2_1339,0.2996000051498413,0.2646999955177307,0.2606000006198883,0.23559999465942383,0.12200000137090683,0.11190000176429749,0.19290000200271606,0.17685000598430634,-0.14928334779638608,-0.14244148038167928,Semey,0.006841867230832577,0,"{""type"":""Point"",""coordinates"":[80.4338452949528,50.44032568878458]}"
1_2_1340,0.19699999690055847,0.179749995470047,0.14315000176429749,0.1359499990940094,0.08100000023841858,0.07460000365972519,0.16064999997615814,0.1477999985218048,0.05760368042002636,0.041762112871767565,Semey,-0.015841567888855934,0,"{""type"":""Point"",""coordinates"":[80.54728193839134,50.53657640662067]}"
1_2_1341,0.15770000219345093,0.18970000743865967,0.06795000284910202,0.11999999731779099,0.022949999198317528,0.061400000005960464,0.3352999985218048,0.16590000689029694,0.6629882077217799,0.1605456764495125,Semey,-0.5024425387382507,0,"{""type"":""Point"",""coordinates"":[80.89590218567152,50.66411417229716]}"
1_2_1342,0.1350499987602234,0.1396999955177307,0.05665000155568123,0.07294999808073044,0.021800000220537186,0.03530000150203705,0.32405000925064087,0.2142000049352646,0.7023903338710361,0.4919032051922568,Semey,-0.21048712730407715,0,"{""type"":""Point"",""coordinates"":[80.88990409482274,50.66534315268166]}"
1_2_1343,0.19550000131130219,0.1830500066280365,0.14419999718666077,0.14229999482631683,0.10409999638795853,0.10909999907016754,0.17215000092983246,0.1741500049829483,0.08835152176254901,0.10064784381680683,Semey,0.012296321801841259,0,"{""type"":""Point"",""coordinates"":[80.64700392622393,50.596829468337]}"
1_2_1346,0.15780000388622284,0.15230000019073486,0.0714000016450882,0.08160000294446945,0.03229999914765358,0.029999999329447746,0.4000999927520752,0.2759000062942505,0.6971367868779014,0.5434964988211723,Semey,-0.1536402851343155,0,"{""type"":""Point"",""coordinates"":[80.59313615424149,50.378577352560576]}"
1_2_1347,0.2214999943971634,0.2131499946117401,0.1808999925851822,0.1758500039577484,0.06700000166893005,0.06620000302791595,0.18160000443458557,0.1655000001192093,0.0019310671866438896,-0.03032079600094484,Semey,-0.03225186467170715,0,"{""type"":""Point"",""coordinates"":[80.45337142773026,50.45844410953125]}"
1_2_1349,0.16349999606609344,0.1777999997138977,0.07590000331401825,0.09619999676942825,0.029100000858306885,0.03750000149011612,0.3402000069618225,0.2860499918460846,0.6351838431164534,0.49666448850471373,Semey,-0.13851936161518097,0,"{""type"":""Point"",""coordinates"":[80.43680567901356,50.41666323142191]}"
1_2_1351,0.1696999967098236,0.18140000104904175,0.08699999749660492,0.10244999825954437,0.03519999980926514,0.03869999945163727,0.32580000162124634,0.25815001130104065,0.5784883833211101,0.4317803907748839,Semey,-0.14670799672603607,0,"{""type"":""Point"",""coordinates"":[80.70087201481088,50.40600745517597]}"
1_2_1352,0.3012000024318695,0.34645000100135803,0.25839999318122864,0.3449999988079071,0.13300000131130219,0.16439999639987946,0.26759999990463257,0.22840000689029694,0.017490507308623053,-0.20334843173855827,Semey,-0.22083893418312073,0,"{""type"":""Point"",""coordinates"":[80.99147941658805,50.34019465675786]}"
1_2_1353,0.20350000262260437,0.18129999935626984,0.14429999887943268,0.13819999992847443,0.0722000002861023,0.06504999846220016,0.17669999599456787,0.15610000491142273,0.10093457206394316,0.060822306111364584,Semey,-0.04011226445436478,0,"{""type"":""Point"",""coordinates"":[80.52987403077069,50.52677414006851]}"
1_2_1354,0.15539999306201935,0.1860000044107437,0.06920000165700912,0.10055000334978104,0.028550000861287117,0.044599998742341995,0.32945001125335693,0.24584999680519104,0.6528282984274313,0.4194572557459753,Semey,-0.2333710491657257,0,"{""type"":""Point"",""coordinates"":[80.8107691130118,50.666216055368444]}"
1_2_1355,0.1534000039100647,0.15919999778270721,0.0778999999165535,0.08760000020265579,0.02355000004172325,0.03819999843835831,0.2896000146865845,0.21480000019073486,0.5760544390689212,0.4206349200482977,Semey,-0.1554195135831833,0,"{""type"":""Point"",""coordinates"":[80.90451578101869,50.37448110489927]}"
1_2_1357,0.23929999768733978,0.2287999987602234,0.1914999932050705,0.1894499957561493,0.09679999947547913,0.08489999920129776,0.1826000064611435,0.17520000040531158,-0.023790394952867958,-0.039078556152042435,Semey,-0.015288161113858223,0,"{""type"":""Point"",""coordinates"":[80.67343484861031,50.50433286181889]}"
1_2_1358,0.16850000619888306,0.15129999816417694,0.08330000191926956,0.11869999766349792,0.039000000804662704,0.09390000253915787,0.40529999136924744,0.17020000517368317,0.6590257754257433,0.17826239876920227,Semey,-0.48076337575912476,0,"{""type"":""Point"",""coordinates"":[80.54244081477337,50.37480041537805]}"
1_2_1362,0.1193000003695488,0.10734999924898148,0.0551999993622303,0.054999999701976776,0.026599999517202377,0.03435000032186508,0.27880001068115234,0.16775000095367432,0.6694610916025993,0.5061728436355769,Semey,-0.16328825056552887,0,"{""type"":""Point"",""coordinates"":[80.5053081056503,50.36549981413245]}"
1_2_1366,0.30640000104904175,0.298799991607666,0.19939999282360077,0.195700004696846,0.09650000184774399,0.1103999987244606,0.29420000314712524,0.2736000120639801,0.1920583693220832,0.16599191260381954,Semey,-0.026066455990076065,0,"{""type"":""Point"",""coordinates"":[80.82973516069177,50.362321676493885]}"
1_2_1367,0.1606999933719635,0.1472499966621399,0.1137000024318695,0.10949999839067459,0.050200000405311584,0.05104999989271164,0.16539999842643738,0.15770000219345093,0.1852382509336317,0.18038923539448495,Semey,-0.004849015735089779,0,"{""type"":""Point"",""coordinates"":[80.5111146872628,50.46675755404633]}"
1_2_1368,0.2948000133037567,0.2594499886035919,0.25984999537467957,0.24175000190734863,0.13779999315738678,0.12600000202655792,0.2139499932527542,0.18985000252723694,-0.09687632592582901,-0.12025022902421632,Semey,-0.023373903706669807,0,"{""type"":""Point"",""coordinates"":[80.40393326220033,50.4401294245722]}"
1_2_1371,0.2912999987602234,0.3167499899864197,0.2515000104904175,0.32144999504089355,0.1111999973654747,0.12960000336170197,0.23829999566078186,0.1899999976158142,-0.02694980535700693,-0.25701436956185547,Semey,-0.23006457090377808,0,"{""type"":""Point"",""coordinates"":[80.40056002089071,50.65525734928646]}"
1_2_1373,0.00860000029206276,0.019349999725818634,0.00559999980032444,0.017349999397993088,0.04859999939799309,0.05429999902844429,0.025800000876188278,0.020500000566244125,0.6433121223138537,0.083223280613668,Semey,-0.5600888133049011,0,"{""type"":""Point"",""coordinates"":[80.757795214227,50.383947659898]}"
1_2_1378,0.275299996137619,0.29100000858306885,0.20409999787807465,0.23680000007152557,0.08980000019073486,0.09399999678134918,0.26829999685287476,0.22795000672340393,0.13590177749973212,-0.01904248137435035,Semey,-0.1549442559480667,0,"{""type"":""Point"",""coordinates"":[80.4536587181915,50.67274997823534]}"
1_2_1379,0.27250000834465027,0.33524999022483826,0.21969999372959137,0.34834998846054077,0.09399999678134918,0.133200004696846,0.2711000144481659,0.19574999809265137,0.10472701683403098,-0.28046313938471484,Semey,-0.3851901590824127,0,"{""type"":""Point"",""coordinates"":[80.55434652061537,50.650069047345454]}"
1_2_1380,0.20239999890327454,0.18514999747276306,0.15399999916553497,0.14094999432563782,0.07779999822378159,0.06875000149011612,0.17309999465942383,0.15839999914169312,0.058391916400065254,0.058292985458039355,Semey,-9.893094102153555E-5,0,"{""type"":""Point"",""coordinates"":[80.6266551342514,50.56234946784626]}"
1_2_1381,0.31119999289512634,0.28014999628067017,0.24410000443458557,0.22110000252723694,0.10580000281333923,0.09974999725818634,0.21619999408721924,0.21455000340938568,-0.06061266660213705,-0.015035002934911326,Semey,0.04557766392827034,0,"{""type"":""Point"",""coordinates"":[80.78791391679903,50.38271688002305]}"
1_2_1387,0.3463999927043915,0.32839998602867126,0.2775999903678894,0.2729499936103821,0.1234000027179718,0.12479999661445618,0.2549000084400177,0.23765000700950623,-0.04262907413838408,-0.06913432541719604,Semey,-0.026505250483751297,0,"{""type"":""Point"",""coordinates"":[80.57302640760274,50.38697327972632]}"
1_2_1388,0.30630001425743103,0.2656500041484833,0.2678999900817871,0.23749999701976776,0.13179999589920044,0.1168999969959259,0.21379999816417694,0.19454999268054962,-0.11231055270440615,-0.0994098029466672,Semey,0.012900750152766705,0,"{""type"":""Point"",""coordinates"":[80.41488027940024,50.459125137288595]}"
1_2_1389,0.22210000455379486,0.24699999392032623,0.1586499959230423,0.1894499957561493,0.053849998861551285,0.0718500018119812,0.19089999794960022,0.1923999935388565,0.09226148645938215,0.007725541090504352,Semey,-0.08453594893217087,0,"{""type"":""Point"",""coordinates"":[80.90341430249863,50.64639979466356]}"
1_2_1390,0.266400009393692,0.32510000467300415,0.21539999544620514,0.3169499933719635,0.10140000283718109,0.15710000693798065,0.2766000032424927,0.22439999878406525,0.12439026008008283,-0.17096147765570366,Semey,-0.2953517436981201,0,"{""type"":""Point"",""coordinates"":[80.9385856775356,50.35937281952889]}"
1_2_1392,0.3271999955177307,0.3230000138282776,0.288100004196167,0.2994000017642975,0.18299999833106995,0.1915999948978424,0.31949999928474426,0.25270000100135803,0.051678727631152416,-0.08458612666003146,Semey,-0.1362648606300354,0,"{""type"":""Point"",""coordinates"":[80.5944778029505,50.34278545561062]}"
1_2_1393,0.1781499981880188,0.19089999794960022,0.09224999696016312,0.1324000060558319,0.04259999841451645,0.10419999808073044,0.2852500081062317,0.15230000019073486,0.5112583008101514,0.06989811625669021,Semey,-0.4413601756095886,0,"{""type"":""Point"",""coordinates"":[80.81400189063903,50.67398747599052]}"
1_2_1396,0.3650999963283539,0.328249990940094,0.3102000057697296,0.2689499855041504,0.1607999950647354,0.1347000002861023,0.2370000034570694,0.2220499962568283,-0.1337719317952732,-0.09551932991751767,Semey,0.03825260326266289,0,"{""type"":""Point"",""coordinates"":[80.89685698784582,50.30670429319126]}"
1_2_1398,0.21289999783039093,0.20110000669956207,0.16369999945163727,0.17294999957084656,0.08219999819993973,0.08269999921321869,0.17649999260902405,0.17249999940395355,0.03762490727837643,-0.001302649206045683,Semey,-0.038927555084228516,0,"{""type"":""Point"",""coordinates"":[80.49992774138578,50.48559343695112]}"
1_2_1399,0.23624999821186066,0.31725001335144043,0.16705000400543213,0.33489999175071716,0.07779999822378159,0.10130000114440918,0.31119999289512634,0.16224999725818634,0.3014113744357578,-0.34727948971037553,Semey,-0.6486908793449402,0,"{""type"":""Point"",""coordinates"":[80.98487139992578,50.558616626916844]}"
1_2_1400,0.257999986410141,0.3206999897956848,0.19429999589920044,0.2982499897480011,0.09849999845027924,0.13989999890327454,0.2572999894618988,0.21209999918937683,0.13950397609584417,-0.16880570672295092,Semey,-0.3083096742630005,0,"{""type"":""Point"",""coordinates"":[80.95390291507944,50.348405012285724]}"
1_2_1402,0.33059999346733093,0.3098999857902527,0.2646999955177307,0.2439499944448471,0.12960000336170197,0.12080000340938568,0.21199999749660492,0.2093999981880188,-0.11055170713950685,-0.07621042642170671,Semey,0.03434127941727638,0,"{""type"":""Point"",""coordinates"":[80.95470498218482,50.31116716924807]}"
1_2_1404,0.1362999975681305,0.13940000534057617,0.09809999912977219,0.09804999828338623,0.05040000006556511,0.06004999950528145,0.14069999754428864,0.15330000221729279,0.17839195564420957,0.21981302496061583,Semey,0.0414210706949234,0,"{""type"":""Point"",""coordinates"":[80.48873866274157,50.583832656832634]}"
1_2_1405,0.22429999709129333,0.2391500025987625,0.20319999754428864,0.19214999675750732,0.09929999709129333,0.09730000048875809,0.17730000615119934,0.18369999527931213,-0.06806830786213845,-0.022482377696491748,Semey,0.04558593034744263,0,"{""type"":""Point"",""coordinates"":[80.92164885424447,50.46782349194674]}"
1_2_1408,0.22904999554157257,0.22644999623298645,0.18709999322891235,0.1931000053882599,0.10279999673366547,0.10859999805688858,0.18205000460147858,0.17994999885559082,-0.01368004512288806,-0.035249983602930975,Semey,-0.021569939330220222,0,"{""type"":""Point"",""coordinates"":[80.5367351637514,50.460992226723604]}"
1_2_1409,0.17350000143051147,0.1628500074148178,0.07970000058412552,0.08744999766349792,0.027499999850988388,0.039799999445676804,0.334199994802475,0.21549999713897705,0.6148828148225406,0.42267701492772236,Semey,-0.19220580160617828,0,"{""type"":""Point"",""coordinates"":[80.4923650590183,50.39984595103915]}"
1_2_1412,0.2745000123977661,0.2632000148296356,0.195700004696846,0.18805000185966492,0.09780000150203705,0.09520000219345093,0.26330000162124634,0.2574000060558319,0.14727667972525635,0.1556852687480991,Semey,0.008408589288592339,0,"{""type"":""Point"",""coordinates"":[80.73499084034472,50.38910889352313]}"
1_2_1416,0.29490000009536743,0.2713499963283539,0.25130000710487366,0.22984999418258667,0.1306000053882599,0.12759999930858612,0.22349999845027924,0.1956000030040741,-0.05855098637180864,-0.08050297662473793,Semey,-0.021951990202069283,0,"{""type"":""Point"",""coordinates"":[80.52597768686795,50.411378451116974]}"
1_2_1421,0.2687999904155731,0.28780001401901245,0.1949000060558319,0.2811500132083893,0.07349999994039536,0.11729999631643295,0.3018999993801117,0.16949999332427979,0.21537840610606868,-0.24775328584404588,Semey,-0.46313169598579407,0,"{""type"":""Point"",""coordinates"":[80.98944536096242,50.67743316306497]}"
1_2_1422,0.35260000824928284,0.34014999866485596,0.3336000144481659,0.3255999982357025,0.1687999963760376,0.1762000024318695,0.24230000376701355,0.23720000684261322,-0.15853448132213635,-0.1570717672271309,Semey,0.001462714048102498,0,"{""type"":""Point"",""coordinates"":[80.47977839096258,50.39394300218972]}"
1_2_1424,0.11270000040531158,0.11635000258684158,0.06509999930858612,0.0758500024676323,0.03344999998807907,0.03604999929666519,0.15995000302791595,0.15485000610351562,0.421461909507146,0.3424360671903474,Semey,-0.07902584224939346,0,"{""type"":""Point"",""coordinates"":[80.8656384564327,50.69124379411632]}"
1_2_1425,0.13860000669956207,0.1371999979019165,0.09629999846220016,0.0953499972820282,0.04874999821186066,0.061250001192092896,0.1505499929189682,0.15934999287128448,0.21976907575823657,0.2512760033902337,Semey,0.03150692582130432,0,"{""type"":""Point"",""coordinates"":[80.51282372973748,50.59047503026354]}"
1_2_1427,0.32350000739097595,0.28125,0.28690001368522644,0.25334998965263367,0.15780000388622284,0.13670000433921814,0.23340000212192535,0.20479999482631683,-0.1028253122005108,-0.10596965288896008,Semey,-0.0031443405896425247,0,"{""type"":""Point"",""coordinates"":[80.40709358832967,50.45868940397961]}"
1_2_1430,0.15710000693798065,0.16934999823570251,0.06639999896287918,0.09324999898672104,0.024900000542402267,0.04270000010728836,0.3472000062465668,0.20110000669956207,0.678916836912251,0.36640056269537524,Semey,-0.3125162720680237,0,"{""type"":""Point"",""coordinates"":[80.89622849439006,50.65805807324742]}"
1_2_1431,0.1898999959230423,0.180649995803833,0.13729999959468842,0.13285000622272491,0.06499999761581421,0.06400000303983688,0.1745000034570694,0.16474999487400055,0.11930725945568993,0.10719082168587611,Semey,-0.012116437777876854,0,"{""type"":""Point"",""coordinates"":[80.62333850238076,50.556592301648394]}"
1_2_1436,0.10599999874830246,0.12035000324249268,0.05959999933838844,0.07609999924898148,0.02879999950528145,0.03370000049471855,0.17139999568462372,0.15995000302791595,0.483982678593122,0.3552213639912386,Semey,-0.12876132130622864,0,"{""type"":""Point"",""coordinates"":[80.85323854285649,50.677186788285496]}"
1_2_1437,0.23229999840259552,0.22540000081062317,0.19189999997615814,0.19030000269412994,0.1143999993801117,0.10729999840259552,0.17720000445842743,0.16779999434947968,-0.03982659263374771,-0.06283163510305811,Semey,-0.023005042225122452,0,"{""type"":""Point"",""coordinates"":[80.40674858208884,50.556893839061836]}"
1_2_1441,0.19769999384880066,0.1774500012397766,0.149399995803833,0.14169999957084656,0.08240000158548355,0.0754999965429306,0.19499999284744263,0.17659999430179596,0.1324041769634963,0.10964497456105358,Semey,-0.022759202867746353,0,"{""type"":""Point"",""coordinates"":[80.53793360492544,50.495449660856515]}"
1_2_1442,0.29420000314712524,0.26840001344680786,0.23639999330043793,0.21664999425411224,0.1143999993801117,0.0982000008225441,0.2037999927997589,0.19249999523162842,-0.07405725018187237,-0.059024806655470975,Semey,0.015032443217933178,0,"{""type"":""Point"",""coordinates"":[80.50807121497094,50.65878466805232]}"
1_2_1444,0.301800012588501,0.27000001072883606,0.24449999630451202,0.23074999451637268,0.11959999799728394,0.10999999940395355,0.20980000495910645,0.18754999339580536,-0.07638122660992483,-0.10327516703069364,Semey,-0.026893939822912216,0,"{""type"":""Point"",""coordinates"":[80.4388952241054,50.500454290504976]}"
1_2_1445,0.2085999995470047,0.2840999960899353,0.12319999933242798,0.29714998602867126,0.0502999983727932,0.10589999705553055,0.3488999903202057,0.15684999525547028,0.4780766700584879,-0.30903082942065696,Semey,-0.787107527256012,0,"{""type"":""Point"",""coordinates"":[80.51199765460882,50.69349035867079]}"
1_2_1446,0.28060001134872437,0.2682499885559082,0.23229999840259552,0.23614999651908875,0.14959999918937683,0.1517000049352646,0.2680000066757202,0.24165000021457672,0.07135720150060024,0.011511100320399918,Semey,-0.059846099466085434,0,"{""type"":""Point"",""coordinates"":[80.487294260797,50.381350343877344]}"
1_2_1447,0.36250001192092896,0.3316499888896942,0.32330000400543213,0.287200003862381,0.16419999301433563,0.15209999680519104,0.2542000114917755,0.2399500012397766,-0.11965366347940944,-0.08963293591061938,Semey,0.03002072684466839,0,"{""type"":""Point"",""coordinates"":[80.63357337905667,50.30803621871818]}"
1_2_1448,0.3391000032424927,0.3186500072479248,0.2865000069141388,0.28255000710487366,0.16500000655651093,0.15160000324249268,0.23160000145435333,0.21580000221729279,-0.10596410842120374,-0.13394201593047278,Semey,-0.02797790803015232,0,"{""type"":""Point"",""coordinates"":[80.53220414585694,50.5157650540393]}"
1_2_1453,0.33309999108314514,0.2757999897003174,0.273499995470047,0.23194999992847443,0.1607999950647354,0.12610000371932983,0.3018999993801117,0.25769999623298645,0.049356976302129464,0.052588576547279345,Semey,0.003231600159779191,0,"{""type"":""Point"",""coordinates"":[80.4308371749204,50.31687010804741]}"
1_2_1454,0.2597000002861023,0.2890999913215637,0.20900000631809235,0.28870001435279846,0.093299999833107,0.10249999910593033,0.2160000056028366,0.15674999356269836,0.016470586090351944,-0.29621734974832775,Semey,-0.3126879334449768,0,"{""type"":""Point"",""coordinates"":[80.95099277070283,50.662049489001106]}"
1_2_1456,0.34049999713897705,0.2981500029563904,0.2833000123500824,0.24854999780654907,0.16539999842643738,0.14390000700950623,0.2606000006198883,0.22830000519752502,-0.04173563373576787,-0.04246616856758421,Semey,-7.305348408408463E-4,0,"{""type"":""Point"",""coordinates"":[80.6421349547149,50.31611660387066]}"
1_2_1458,0.18400000035762787,0.16944999992847443,0.13220000267028809,0.13079999387264252,0.05979999899864197,0.062199998646974564,0.15649999678134918,0.14135000109672546,0.08417039888194322,0.03876541399631629,Semey,-0.045404985547065735,0,"{""type"":""Point"",""coordinates"":[80.61724777940243,50.54894521457345]}"
1_2_1459,0.12809999287128448,0.14790000021457672,0.05364999920129776,0.07490000128746033,0.028950000181794167,0.051500000059604645,0.3580999970436096,0.3021000027656555,0.7394049802522066,0.602652517335742,Semey,-0.13675245642662048,0,"{""type"":""Point"",""coordinates"":[80.98444026041862,50.40658358018642]}"
1_2_1462,0.1002499982714653,0.11890000104904175,0.05730000138282776,0.07590000331401825,0.029500000178813934,0.029349999502301216,0.17434999346733093,0.1687999963760376,0.5052881272896906,0.37964852137183974,Semey,-0.12563960254192352,0,"{""type"":""Point"",""coordinates"":[80.76119215379778,50.69092820137612]}"
1_2_1463,0.10329999774694443,0.1099499985575676,0.06159999966621399,0.07100000232458115,0.029100000858306885,0.03265000134706497,0.17794999480247498,0.16850000619888306,0.48570234950044566,0.407098122774178,Semey,-0.07860422879457474,0,"{""type"":""Point"",""coordinates"":[80.64159673926113,50.63705096396939]}"
1_2_1464,0.21594999730587006,0.21684999763965607,0.17384999990463257,0.17430000007152557,0.09690000116825104,0.11240000277757645,0.1737000048160553,0.17515000700950623,-4.315784391883856E-4,0.002432413566337542,Semey,0.002863992005586624,0,"{""type"":""Point"",""coordinates"":[80.44496343940935,50.53698062609539]}"
1_2_1465,0.16345000267028809,0.1573999971151352,0.12210000306367874,0.12075000256299973,0.06340000033378601,0.06689999997615814,0.17479999363422394,0.1570499986410141,0.17750081224880482,0.13066953175193108,Semey,-0.04683127999305725,0,"{""type"":""Point"",""coordinates"":[80.57694192317204,50.46149234476993]}"
1_2_1467,0.30410000681877136,0.28999999165534973,0.2528499960899353,0.2397499978542328,0.13120000064373016,0.13249999284744263,0.23199999332427979,0.23659999668598175,-0.04300299725869031,-0.0066127872454192025,Semey,0.036390211433172226,0,"{""type"":""Point"",""coordinates"":[80.74717670561542,50.699588580387264]}"
1_2_1468,0.3018999993801117,0.2660999894142151,0.27079999446868896,0.24615000188350677,0.13760000467300415,0.12680000066757202,0.19910000264644623,0.1768999993801117,-0.15258564005624958,-0.1636922403889624,Semey,-0.011106600053608418,0,"{""type"":""Point"",""coordinates"":[80.44965934417935,50.4318128876709]}"
1_2_1469,0.1331000030040741,0.12970000505447388,0.09085000306367874,0.09435000270605087,0.04334999993443489,0.04374999925494194,0.15309999883174896,0.14824999868869781,0.2551752214978645,0.22217640425707624,Semey,-0.03299881890416145,0,"{""type"":""Point"",""coordinates"":[80.5526121080658,50.4403592697202]}"
1_2_1470,0.4034999907016754,0.35804998874664307,0.36469998955726624,0.31310001015663147,0.219200000166893,0.19120000302791595,0.28040000796318054,0.26034998893737793,-0.13067738632476705,-0.09198713279726745,Semey,0.03869025409221649,0,"{""type"":""Point"",""coordinates"":[80.84651528843756,50.31430608375014]}"
1_2_1471,0.19009999930858612,0.17204999923706055,0.13840000331401825,0.1316000074148178,0.07270000129938126,0.06560000032186508,0.1607999950647354,0.15219999849796295,0.07486628299496607,0.07258629546849292,Semey,-0.002279987558722496,0,"{""type"":""Point"",""coordinates"":[80.62213047165883,50.515422631156135]}"
1_2_1472,0.15389999747276306,0.14800000190734863,0.11150000244379044,0.10935000330209732,0.05909999832510948,0.055649999529123306,0.16740000247955322,0.16189999878406525,0.20043025833264877,0.1937327007476867,Semey,-0.006697557400912046,0,"{""type"":""Point"",""coordinates"":[80.45657605802467,50.53714526030531]}"
1_2_1476,0.26440000534057617,0.2637999951839447,0.22374999523162842,0.22390000522136688,0.1386999934911728,0.1354999989271164,0.19904999434947968,0.18424999713897705,-0.05842006029049441,-0.09714567647456235,Semey,-0.03872561454772949,0,"{""type"":""Point"",""coordinates"":[80.45253622546977,50.51805540758634]}"
1_2_1477,0.16500000655651093,0.1537500023841858,0.11710000038146973,0.11569999903440475,0.07000000029802322,0.0640999972820282,0.17790000140666962,0.16635000705718994,0.20610169714122487,0.17957811355741218,Semey,-0.026523584499955177,0,"{""type"":""Point"",""coordinates"":[80.52889535297412,50.50459143421559]}"
1_2_1478,0.30079999566078186,0.29249998927116394,0.24959999322891235,0.2602500021457672,0.12359999865293503,0.13099999725818634,0.23100000619888306,0.2084999978542328,-0.03870159603032569,-0.11040000915527344,Semey,-0.07169841229915619,0,"{""type"":""Point"",""coordinates"":[80.4291736985969,50.40129254729491]}"
1_2_1480,0.22859999537467957,0.212349995970726,0.17344999313354492,0.16865000128746033,0.07400000095367432,0.07535000145435333,0.17874999344348907,0.16769999265670776,0.015048269483068036,-0.0028244645394887645,Semey,-0.017872733995318413,0,"{""type"":""Point"",""coordinates"":[80.64588847818167,50.58708232502036]}"
1_2_1483,0.2535000145435333,0.29455000162124634,0.1712999939918518,0.26759999990463257,0.0843999981880188,0.13169999420642853,0.29660001397132874,0.2326499968767166,0.26779230144688715,-0.06986507396859017,Semey,-0.3376573622226715,0,"{""type"":""Point"",""coordinates"":[80.96161016123416,50.333703088825565]}"
1_2_1485,0.3264000117778778,0.29455000162124634,0.28130000829696655,0.251800000667572,0.14399999380111694,0.11890000104904175,0.22519999742507935,0.19155000150203705,-0.11076013867347011,-0.13589714417659027,Semey,-0.025137005373835564,0,"{""type"":""Point"",""coordinates"":[80.89132394158851,50.300801516979426]}"
1_2_1486,0.14149999618530273,0.15950000286102295,0.09610000252723694,0.11354999989271164,0.06019999831914902,0.07670000195503235,0.16459999978542328,0.16979999840259552,0.2627541106656132,0.19851773018632657,Semey,-0.06423638015985489,0,"{""type"":""Point"",""coordinates"":[80.4536197436796,50.591707062120285]}"
1_2_1487,0.28220000863075256,0.31290000677108765,0.25279998779296875,0.32199999690055847,0.12280000001192093,0.12639999389648438,0.24320000410079956,0.181099995970726,-0.019354806147305913,-0.2800636114615907,Semey,-0.2607088088989258,0,"{""type"":""Point"",""coordinates"":[80.56049812867266,50.68896754517827]}"
1_2_1488,0.30489999055862427,0.274150013923645,0.26969999074935913,0.2496500015258789,0.13279999792575836,0.12389999628067017,0.21870000660419464,0.19795000553131104,-0.10442257252562083,-0.11550490433294866,Semey,-0.011082331649959087,0,"{""type"":""Point"",""coordinates"":[80.40289392944834,50.474674709383294]}"
1_2_1489,0.13519999384880066,0.16339999437332153,0.05615000054240227,0.07989999651908875,0.029200000688433647,0.03519999980926514,0.4138999879360199,0.36489999294281006,0.7610892376610287,0.6407374172119538,Semey,-0.12035182118415833,0,"{""type"":""Point"",""coordinates"":[80.96035338552618,50.38512092212223]}"
1_2_1491,0.29760000109672546,0.2782999873161316,0.2597000002861023,0.2480500042438507,0.11339999735355377,0.10930000245571136,0.2215999960899353,0.20804999768733978,-0.0791606160046584,-0.08770007977887605,Semey,-0.008539463393390179,0,"{""type"":""Point"",""coordinates"":[80.41871899368199,50.454846056336315]}"
1_2_1492,0.26570001244544983,0.3330000042915344,0.19779999554157257,0.33765000104904175,0.08250000327825546,0.13349999487400055,0.3122999966144562,0.19709999859333038,0.2244657965763318,-0.2628331043472797,Semey,-0.4872989058494568,0,"{""type"":""Point"",""coordinates"":[80.41580171618867,50.640316711937096]}"
1_2_1496,0.24709999561309814,0.22255000472068787,0.20509999990463257,0.1867000013589859,0.09539999812841415,0.09634999930858612,0.19519999623298645,0.1764499992132187,-0.024731460822304378,-0.02822525713786752,Semey,-0.0034937963355332613,0,"{""type"":""Point"",""coordinates"":[80.45432984498503,50.454147139059735]}"
1_2_1497,0.2662999927997589,0.28790000081062317,0.21629999577999115,0.28690001368522644,0.08940000087022781,0.10360000282526016,0.2430499941110611,0.15440000593662262,0.058234459387741494,-0.30024926774792204,Semey,-0.3584837317466736,0,"{""type"":""Point"",""coordinates"":[80.95533604129777,50.64181338281884]}"
1_2_1498,0.13785000145435333,0.16124999523162842,0.093299999833107,0.11940000206232071,0.04430000111460686,0.05609999969601631,0.15424999594688416,0.1598999947309494,0.2462128747840746,0.14500534598504,Semey,-0.10120753198862076,0,"{""type"":""Point"",""coordinates"":[80.70808464291149,50.671239436164576]}"
2_1_2,0.1949000060558319,0.26159998774528503,0.21244999766349792,0.19020000100135803,0.05544999986886978,0.08229999989271164,0.08465000241994858,0.16680000722408295,-0.430158179763225,-0.06554619954657896,Karkaraly,0.36461198329925537,1,"{""type"":""Point"",""coordinates"":[75.34705593197664,49.196784760258865]}"
2_1_3,0.17835000157356262,0.2653000056743622,0.20444999635219574,0.1785999983549118,0.05139999836683273,0.07890000194311142,0.07644999772310257,0.164900004863739,-0.4556781820179796,-0.03988353235167868,Karkaraly,0.41579464077949524,1,"{""type"":""Point"",""coordinates"":[75.3683042809411,49.20383441328657]}"
2_1_8,0.19939999282360077,0.23589999973773956,0.2089499980211258,0.16040000319480896,0.08924999833106995,0.09600000083446503,0.1062999963760376,0.19609999656677246,-0.325614602599377,0.10014023392942158,Karkaraly,0.4257548451423645,1,"{""type"":""Point"",""coordinates"":[75.40461920675881,49.198914560310335]}"
2_1_11,0.2092999964952469,0.2554999887943268,0.20305000245571136,0.18050000071525574,0.06565000116825104,0.09070000052452087,0.10495000332593918,0.1851000040769577,-0.31850648470220455,0.012582065922882987,Karkaraly,0.3310885429382324,1,"{""type"":""Point"",""coordinates"":[75.39163160725259,49.22229753668202]}"
2_1_12,0.21205000579357147,0.2833000123500824,0.22374999523162842,0.2013999968767166,0.0710500031709671,0.09369999915361404,0.09809999912977219,0.17170000076293945,-0.3903992490388728,-0.07960331359332179,Karkaraly,0.31079593300819397,1,"{""type"":""Point"",""coordinates"":[75.36887967214355,49.195693563683015]}"
2_1_14,0.16654999554157257,0.24969999492168427,0.19085000455379486,0.15109999477863312,0.04149999842047691,0.07750000059604645,0.06870000064373016,0.2402999997138977,-0.4706222364245573,0.22789986252022498,Karkaraly,0.6985220909118652,1,"{""type"":""Point"",""coordinates"":[75.3626931805511,49.199269032171365]}"
2_1_18,0.22920000553131104,0.2337999939918518,0.22679999470710754,0.1468999981880188,0.07069999724626541,0.07909999787807465,0.10570000112056732,0.24410000443458557,-0.36421051159742823,0.2485933646920837,Karkaraly,0.6128038763999939,1,"{""type"":""Point"",""coordinates"":[75.4177373860343,49.19215078557589]}"
2_1_19,0.2032500058412552,0.2678999900817871,0.22210000455379486,0.1876000016927719,0.056299999356269836,0.07959999889135361,0.08415000140666962,0.16910000145435333,-0.45044898110119214,-0.051864311957373406,Karkaraly,0.39858466386795044,1,"{""type"":""Point"",""coordinates"":[75.33980077336246,49.192969188552176]}"
2_1_20,0.2614000141620636,0.2847999930381775,0.2442999929189682,0.20080000162124634,0.07415000349283218,0.09239999949932098,0.12094999849796295,0.19280000030994415,-0.3377138872542828,-0.020325206483867733,Karkaraly,0.3173886835575104,1,"{""type"":""Point"",""coordinates"":[75.32200514231369,49.18212779902731]}"
2_1_23,0.1732500046491623,0.2000499963760376,0.19020000100135803,0.09969999641180038,0.03999999910593033,0.040150001645088196,0.06920000165700912,0.3447999954223633,-0.46646105668590654,0.551406082144555,Karkaraly,1.017867088317871,1,"{""type"":""Point"",""coordinates"":[75.41563253672003,49.19059939443682]}"
2_1_25,0.2085999995470047,0.27619999647140503,0.2215999960899353,0.2004999965429306,0.05469999834895134,0.08560000360012054,0.09109999984502792,0.18310000002384186,-0.41733290035619114,-0.045359741070956874,Karkaraly,0.3719731569290161,1,"{""type"":""Point"",""coordinates"":[75.38379484974621,49.20941717677348]}"
2_1_26,0.2261500060558319,0.25429999828338623,0.22059999406337738,0.15369999408721924,0.05119999870657921,0.08250000327825546,0.1005999967455864,0.21979999542236328,-0.37359900607581875,0.17697457347170334,Karkaraly,0.5505735874176025,1,"{""type"":""Point"",""coordinates"":[75.37788786821602,49.223749770572326]}"
2_1_27,0.22265000641345978,0.27239999175071716,0.2357500046491623,0.19629999995231628,0.06520000100135803,0.0860000029206276,0.10209999978542328,0.17219999432563782,-0.3955897679723615,-0.0654002876550934,Karkaraly,0.33018946647644043,1,"{""type"":""Point"",""coordinates"":[75.38913703190559,49.19727966609336]}"
2_1_28,0.19939999282360077,0.27649998664855957,0.22505000233650208,0.19609999656677246,0.053300000727176666,0.08739999681711197,0.0831499993801117,0.17090000212192535,-0.4604153217587122,-0.06866483524492495,Karkaraly,0.3917504847049713,1,"{""type"":""Point"",""coordinates"":[75.40185979240458,49.198941618960184]}"
2_1_29,0.20065000653266907,0.26910001039505005,0.21250000596046448,0.17949999868869781,0.04749999940395355,0.07855000346899033,0.07720000296831131,0.19050000607967377,-0.46703485958613605,0.029729749322198542,Karkaraly,0.496764600276947,1,"{""type"":""Point"",""coordinates"":[75.41920459910982,49.18922178774752]}"
2_1_31,0.22495000064373016,0.2680000066757202,0.24169999361038208,0.16410000622272491,0.046300001442432404,0.08299999684095383,0.09059999883174896,0.20559999346733093,-0.45470959438841,0.11225314384473417,Karkaraly,0.566962718963623,1,"{""type"":""Point"",""coordinates"":[75.37738022974503,49.22133194170784]}"
2_1_32,0.1965000033378601,0.2745000123977661,0.2186499983072281,0.18320000171661377,0.05270000174641609,0.08410000056028366,0.08224999904632568,0.1834000051021576,-0.4533067479579739,5.455629618760342E-4,Karkaraly,0.4538523256778717,1,"{""type"":""Point"",""coordinates"":[75.34972249030739,49.20842105450544]}"
2_1_33,0.249549999833107,0.2687000036239624,0.2454500049352646,0.15049999952316284,0.05979999899864197,0.06840000301599503,0.10365000367164612,0.2578999996185303,-0.4061873324766553,0.2629774738518188,Karkaraly,0.669164776802063,1,"{""type"":""Point"",""coordinates"":[75.41271043036056,49.199783609342305]}"
2_1_34,0.19014999270439148,0.2678999900817871,0.21815000474452972,0.16060000658035278,0.04619999974966049,0.07620000094175339,0.07034999877214432,0.1981000006198883,-0.5123050404532948,0.10454416862780123,Karkaraly,0.6168491840362549,1,"{""type"":""Point"",""coordinates"":[75.38839165503603,49.20973502345003]}"
2_1_40,0.24095000326633453,0.27720001339912415,0.24165000021457672,0.15029999613761902,0.04904999956488609,0.07000000029802322,0.09009999781847,0.2921000123023987,-0.4568199044299929,0.32052444272049657,Karkaraly,0.7773443460464478,1,"{""type"":""Point"",""coordinates"":[75.41542534121292,49.20013725556574]}"
2_1_45,0.24250000715255737,0.28200000524520874,0.2520500123500824,0.21160000562667847,0.07580000162124634,0.08659999817609787,0.11625000089406967,0.17479999363422394,-0.36872116908122043,-0.09523812645663768,Karkaraly,0.2734830379486084,1,"{""type"":""Point"",""coordinates"":[75.35842514247928,49.1974550396293]}"
2_1_48,0.2526000142097473,0.275299996137619,0.24754999577999115,0.20479999482631683,0.08410000056028366,0.09019999951124191,0.1342500001192093,0.21040000021457672,-0.29675221811865693,0.01348748905381932,Karkaraly,0.31023970246315,1,"{""type"":""Point"",""coordinates"":[75.34313714799177,49.188488211497344]}"
2_1_50,0.2326499968767166,0.29789999127388,0.23899999260902405,0.21330000460147858,0.06665000319480896,0.09430000185966492,0.1075500026345253,0.1826000064611435,-0.37931032110422613,-0.07754482769003779,Karkaraly,0.301765501499176,1,"{""type"":""Point"",""coordinates"":[75.36676130409472,49.19399311492915]}"
2_1_51,0.2138500064611435,0.24729999899864197,0.23549999296665192,0.14239999651908875,0.05324999988079071,0.06379999965429306,0.09179999679327011,0.2498999983072281,-0.4390467481492659,0.27402498905393274,Karkaraly,0.7130717635154724,1,"{""type"":""Point"",""coordinates"":[75.3737870637914,49.21445264084709]}"
2_1_52,0.22529999911785126,0.28459998965263367,0.23770000040531158,0.20350000262260437,0.05714999884366989,0.09040000289678574,0.09565000236034393,0.17829999327659607,-0.42612868416511923,-0.06600316819453657,Karkaraly,0.36012551188468933,1,"{""type"":""Point"",""coordinates"":[75.41207630440792,49.204727542802196]}"
2_1_55,0.23019999265670776,0.2761000096797943,0.24124999344348907,0.18449999392032623,0.06239999830722809,0.08940000087022781,0.09995000064373016,0.19110000133514404,-0.41412659803164914,0.017571904947253022,Karkaraly,0.4316985011100769,1,"{""type"":""Point"",""coordinates"":[75.37678772660628,49.214660915071896]}"
2_1_57,0.1704999953508377,0.2563999891281128,0.1965000033378601,0.15199999511241913,0.03485000133514404,0.07090000063180923,0.06024999916553497,0.22360000014305115,-0.5306718708620984,0.1906283438101008,Karkaraly,0.7213002443313599,1,"{""type"":""Point"",""coordinates"":[75.36609312133328,49.199235431708196]}"
2_1_58,0.20045000314712524,0.2563999891281128,0.22089999914169312,0.17139999568462372,0.04989999905228615,0.07639999687671661,0.08139999955892563,0.17339999973773956,-0.46146212432147776,0.0058004758691076455,Karkaraly,0.4672625958919525,1,"{""type"":""Point"",""coordinates"":[75.41741319962203,49.20671117525967]}"
2_1_60,0.1903499960899353,0.2639000117778778,0.2176000028848648,0.1664000004529953,0.04540000110864639,0.08209999650716782,0.07079999893903732,0.22259999811649323,-0.5090152670507402,0.14447300223693627,Karkaraly,0.653488278388977,1,"{""type"":""Point"",""coordinates"":[75.40061161236216,49.2185170114548]}"
2_1_62,0.15205000340938568,0.24770000576972961,0.15870000422000885,0.14190000295639038,0.03384999930858612,0.08330000191926956,0.060350000858306885,0.22930000722408295,-0.44898425510896217,0.2354525912464271,Karkaraly,0.6844368577003479,1,"{""type"":""Point"",""coordinates"":[75.4211753481076,49.20104348259121]}"
2_1_63,0.1895499974489212,0.249099999666214,0.20235000550746918,0.1745000034570694,0.06334999948740005,0.08460000157356262,0.08980000019073486,0.18140000104904175,-0.3852473151515198,0.019387461378506027,Karkaraly,0.4046347737312317,1,"{""type"":""Point"",""coordinates"":[75.39955402127474,49.21527039313038]}"
2_1_65,0.24160000681877136,0.2770000100135803,0.24789999425411224,0.19349999725818634,0.0658000037074089,0.08420000225305557,0.10535000264644623,0.1860000044107437,-0.4035385502007365,-0.01976282691557273,Karkaraly,0.3837757110595703,1,"{""type"":""Point"",""coordinates"":[75.33767391097888,49.189781097109666]}"
2_1_76,0.009399999864399433,0.019200000911951065,0.010499999858438969,0.016499999910593033,0.00795000046491623,0.016599999740719795,0.004699999932199717,0.015300000086426735,-0.3815789477715212,-0.0377358435307786,Karkaraly,0.34384310245513916,1,"{""type"":""Point"",""coordinates"":[75.4263027287723,49.203942639432654]}"
2_1_97,0.21220000088214874,0.27410000562667847,0.23055000603199005,0.19099999964237213,0.06064999848604202,0.08500000089406967,0.09915000200271606,0.18119999766349792,-0.39854413353681833,-0.026329935652365594,Karkaraly,0.3722141981124878,1,"{""type"":""Point"",""coordinates"":[75.3796732358974,49.209028925212856]}"
2_1_98,0.21889999508857727,0.28360000252723694,0.22859999537467957,0.1964000016450882,0.05415000021457672,0.08540000021457672,0.09390000253915787,0.18170000612735748,-0.41767439909103377,-0.03887859089010573,Karkaraly,0.3787958025932312,1,"{""type"":""Point"",""coordinates"":[75.34070027203693,49.19115808105225]}"
2_1_99,0.21164999902248383,0.2937000095844269,0.227400004863739,0.20069999992847443,0.0515500009059906,0.08449999988079071,0.07980000227689743,0.17890000343322754,-0.48046874725256816,-0.057428862756027835,Karkaraly,0.42303988337516785,1,"{""type"":""Point"",""coordinates"":[75.36819729018406,49.187764141720066]}"
2_1_100,0.21105000376701355,0.2782000005245209,0.2252500057220459,0.19480000436306,0.07919999957084656,0.09880000352859497,0.10289999842643738,0.1940000057220459,-0.37284780054504235,-0.0020576096200177166,Karkaraly,0.37079018354415894,1,"{""type"":""Point"",""coordinates"":[75.38818208725364,49.216557695059265]}"
2_1_102,0.15700000524520874,0.24660000205039978,0.18440000712871552,0.17299999296665192,0.03265000134706497,0.06769999861717224,0.05790000036358833,0.14429999887943268,-0.5220800778107495,-0.09045066128189813,Karkaraly,0.4316294193267822,1,"{""type"":""Point"",""coordinates"":[75.4421536957623,49.21637957482118]}"
2_1_103,0.2533999979496002,0.2865000069141388,0.25270000100135803,0.19370000064373016,0.06769999861717224,0.08669999986886978,0.11114999651908875,0.1914999932050705,-0.3890339575289259,-0.005711338197796593,Karkaraly,0.3833226263523102,1,"{""type"":""Point"",""coordinates"":[75.36667025383,49.21525769080258]}"
2_1_108,0.18844999372959137,0.2517000138759613,0.21834999322891235,0.1671999990940094,0.042249999940395355,0.07599999755620956,0.06989999860525131,0.1906999945640564,-0.5150043324513517,0.0656607876123593,Karkaraly,0.580665111541748,1,"{""type"":""Point"",""coordinates"":[75.38532666246074,49.19011443406219]}"
2_1_109,0.3008500039577484,0.2599000036716461,0.22669999301433563,0.15530000627040863,0.10014999657869339,0.07779999822378159,0.19140000641345978,0.2540999948978424,-0.08442953037356331,0.24132874534807333,Karkaraly,0.32575827836990356,1,"{""type"":""Point"",""coordinates"":[75.4299961906768,49.19261527976632]}"
2_1_111,0.2641499936580658,0.2919999957084656,0.2547999918460846,0.20720000565052032,0.08264999836683273,0.09120000153779984,0.12460000067949295,0.18320000171661377,-0.3431734152124795,-0.06147541875258428,Karkaraly,0.28169798851013184,1,"{""type"":""Point"",""coordinates"":[75.33228800174697,49.18778014670231]}"
2_1_113,0.24490000307559967,0.2680000066757202,0.2284500002861023,0.2037999927997589,0.09290000051259995,0.09610000252723694,0.1302500069141388,0.20749999582767487,-0.2737663546160573,0.008995874374476371,Karkaraly,0.28276222944259644,1,"{""type"":""Point"",""coordinates"":[75.40836907573555,49.21001912043318]}"
2_1_115,0.1867000013589859,0.2662999927997589,0.21694999933242798,0.164000004529953,0.040950000286102295,0.07559999823570251,0.06989999860525131,0.21220000088214874,-0.5126372730848845,0.12812332710999272,Karkaraly,0.640760600566864,1,"{""type"":""Point"",""coordinates"":[75.37213902246506,49.20458544592945]}"
2_1_119,0.17409999668598175,0.25859999656677246,0.19699999690055847,0.1851000040769577,0.04500000178813934,0.0794999971985817,0.06965000182390213,0.15219999849796295,-0.4775923333427496,-0.09753929833334953,Karkaraly,0.3800530433654785,1,"{""type"":""Point"",""coordinates"":[75.43919880794192,49.216137779596615]}"
2_1_121,0.18649999797344208,0.2802000045776367,0.21199999749660492,0.18150000274181366,0.04324999824166298,0.08470000326633453,0.06920000165700912,0.19949999451637268,-0.5078235998200944,0.04724407323909046,Karkaraly,0.5550676584243774,1,"{""type"":""Point"",""coordinates"":[75.3795205746497,49.20587216961109]}"
2_1_123,0.1805499941110611,0.2736000120639801,0.20970000326633453,0.17599999904632568,0.04650000110268593,0.08760000020265579,0.06800000369548798,0.20589999854564667,-0.5102628592671483,0.0782927459749989,Karkaraly,0.588555634021759,1,"{""type"":""Point"",""coordinates"":[75.39461340426088,49.218254826614846]}"
2_1_124,0.26010000705718994,0.27709999680519104,0.2558000087738037,0.19795000553131104,0.1039000004529953,0.09440000355243683,0.13484999537467957,0.19859999418258667,-0.3096122158318266,0.001639108944003499,Karkaraly,0.31125131249427795,1,"{""type"":""Point"",""coordinates"":[75.400362852413,49.18357415417651]}"
2_1_125,0.2527500092983246,0.27390000224113464,0.2560499906539917,0.20579999685287476,0.08089999854564667,0.09009999781847,0.12004999816417694,0.17239999771118164,-0.3616059466451249,-0.08831306087191415,Karkaraly,0.2732928991317749,1,"{""type"":""Point"",""coordinates"":[75.39264827488655,49.19471562650894]}"
2_1_130,0.1899999976158142,0.272599995136261,0.21449999511241913,0.18719999492168427,0.05590000003576279,0.08410000056028366,0.08585000038146973,0.1597999930381775,-0.42833359967061163,-0.0789625441908551,Karkaraly,0.3493710458278656,1,"{""type"":""Point"",""coordinates"":[75.39899951499477,49.191843100301455]}"
2_1_131,0.2220499962568283,0.2802000045776367,0.23295000195503235,0.20739999413490295,0.061650000512599945,0.09369999915361404,0.10360000282526016,0.18240000307559967,-0.3843411002600187,-0.06413543160135686,Karkaraly,0.3202056586742401,1,"{""type"":""Point"",""coordinates"":[75.3818768368468,49.209443057736706]}"
2_1_137,0.23649999499320984,0.29670000076293945,0.23929999768733978,0.211899995803833,0.06925000250339508,0.09000000357627869,0.10830000042915344,0.18140000104904175,-0.3768699596318281,-0.07754893210996049,Karkaraly,0.2993210256099701,1,"{""type"":""Point"",""coordinates"":[75.31923397648478,49.186321919588366]}"
2_1_139,0.2439499944448471,0.3028999865055084,0.23739999532699585,0.21930000185966492,0.08344999700784683,0.10779999941587448,0.12585000693798065,0.21240000426769257,-0.3070887479517313,-0.015983315946344362,Karkaraly,0.2911054193973541,1,"{""type"":""Point"",""coordinates"":[75.40853573466279,49.20313174082324]}"
2_1_142,0.2358500063419342,0.2840000092983246,0.2460000067949295,0.20059999823570251,0.07119999825954437,0.0934000015258789,0.10499999672174454,0.17489999532699585,-0.40170942638320184,-0.06844208614990417,Karkaraly,0.33326733112335205,1,"{""type"":""Point"",""coordinates"":[75.32658337367148,49.18898955871528]}"
2_1_145,0.2382500022649765,0.2700999975204468,0.24435000121593475,0.19089999794960022,0.07509999722242355,0.08789999783039093,0.11495000123977661,0.19429999589920044,-0.3601447233279896,0.008826578410940455,Karkaraly,0.3689712882041931,1,"{""type"":""Point"",""coordinates"":[75.34615257684848,49.189039784334334]}"
2_1_148,0.21664999425411224,0.27619999647140503,0.2301499992609024,0.19429999589920044,0.06710000336170197,0.08410000056028366,0.09995000064373016,0.17149999737739563,-0.39442592746073196,-0.06232913871205245,Karkaraly,0.33209678530693054,1,"{""type"":""Point"",""coordinates"":[75.3514422544121,49.20463958259998]}"
2_1_152,0.23759999871253967,0.29159998893737793,0.24320000410079956,0.21150000393390656,0.07374999672174454,0.09269999712705612,0.11155000329017639,0.17910000681877136,-0.3711064075201822,-0.08294929908655427,Karkaraly,0.2881571054458618,1,"{""type"":""Point"",""coordinates"":[75.32167941125694,49.18668770363739]}"
2_1_156,0.2672500014305115,0.22499999403953552,0.1766500025987625,0.12630000710487366,0.0828000009059906,0.06480000168085098,0.1935500055551529,0.24879999458789825,0.045651006440183516,0.32657954393548366,Karkaraly,0.2809285521507263,1,"{""type"":""Point"",""coordinates"":[75.34002199951954,49.233972901321955]}"
2_1_158,0.1911499947309494,0.2567000091075897,0.2029999941587448,0.18649999797344208,0.05730000138282776,0.08669999986886978,0.08179999887943268,0.1704999953508377,-0.4255617915800484,-0.044817935355171895,Karkaraly,0.3807438611984253,1,"{""type"":""Point"",""coordinates"":[75.42139809094749,49.212176745865065]}"
2_1_162,0.2349500060081482,0.27720001339912415,0.2476000040769577,0.186599999666214,0.06970000267028809,0.09109999984502792,0.10440000146627426,0.19990000128746033,-0.4068181828283974,0.034411388327112755,Karkaraly,0.44122958183288574,1,"{""type"":""Point"",""coordinates"":[75.38335201328704,49.214261279860466]}"
2_1_164,0.23755000531673431,0.2637999951839447,0.24619999527931213,0.15549999475479126,0.06369999796152115,0.07320000231266022,0.10535000264644623,0.20739999413490295,-0.4006542268921052,0.14301460724455142,Karkaraly,0.543668806552887,1,"{""type"":""Point"",""coordinates"":[75.38898096384462,49.209155007281105]}"
2_1_168,0.23970000445842743,0.27469998598098755,0.24584999680519104,0.1842000037431717,0.07325000315904617,0.09799999743700027,0.11715000122785568,0.19259999692440033,-0.35454544428294676,0.02229297549455008,Karkaraly,0.37683841586112976,1,"{""type"":""Point"",""coordinates"":[75.37347672131582,49.21955419455516]}"
2_1_169,0.1984499990940094,0.2700499892234802,0.21044999361038208,0.19394999742507935,0.05999999865889549,0.08744999766349792,0.08735000342130661,0.16509999334812164,-0.41336464545356083,-0.08035093947455695,Karkaraly,0.33301371335983276,1,"{""type"":""Point"",""coordinates"":[75.40017389577287,49.1991314708537]}"
2_1_173,0.217849999666214,0.25450000166893005,0.22474999725818634,0.1860000044107437,0.08874999731779099,0.09080000221729279,0.11434999853372574,0.16689999401569366,-0.32556767942930703,-0.05412301071186171,Karkaraly,0.2714446783065796,1,"{""type"":""Point"",""coordinates"":[75.36597001619866,49.21358375655504]}"
2_1_174,0.22914999723434448,0.25600001215934753,0.21254999935626984,0.1762000024318695,0.06750000268220901,0.08640000224113464,0.14980000257492065,0.22110000252723694,-0.17317509713513202,0.11301283547678015,Karkaraly,0.28618794679641724,1,"{""type"":""Point"",""coordinates"":[75.37967385032304,49.224087876585834]}"
2_1_177,0.2013999968767166,0.2667999863624573,0.21809999644756317,0.17239999771118164,0.039650000631809235,0.08250000327825546,0.07225000113248825,0.19429999589920044,-0.5023247684886345,0.05972183956808982,Karkaraly,0.5620465874671936,1,"{""type"":""Point"",""coordinates"":[75.4051533738856,49.20703935779715]}"
2_1_178,0.2542000114917755,0.2076999992132187,0.15565000474452972,0.10790000110864639,0.08760000020265579,0.05400000140070915,0.23604999482631683,0.34470000863075256,0.2052591017867622,0.523199298335085,Karkaraly,0.31794020533561707,1,"{""type"":""Point"",""coordinates"":[75.34048923876242,49.21830986163633]}"
2_1_183,0.1873999983072281,0.2556999921798706,0.1927500069141388,0.18379999697208405,0.05000000074505806,0.08659999817609787,0.08905000239610672,0.1761000007390976,-0.3679914871963839,-0.0213948215669778,Karkaraly,0.3465966582298279,1,"{""type"":""Point"",""coordinates"":[75.41723456778497,49.212420505586394]}"
2_1_189,0.18770000338554382,0.27755001187324524,0.21089999377727509,0.17595000565052032,0.03920000046491623,0.0856499969959259,0.06764999777078629,0.20890000462532043,-0.5142703297543352,0.08561776820840732,Karkaraly,0.5998880863189697,1,"{""type"":""Point"",""coordinates"":[75.33751995328095,49.201034804609755]}"
2_1_197,0.26179999113082886,0.26089999079704285,0.2570500075817108,0.1679999977350235,0.07644999772310257,0.07739999890327454,0.1256999969482422,0.20839999616146088,-0.34317441953992067,0.10733262242705557,Karkaraly,0.4505070447921753,1,"{""type"":""Point"",""coordinates"":[75.40727687131655,49.190343723775555]}"
2_1_205,0.24985000491142273,0.29910001158714294,0.24815000593662262,0.21770000457763672,0.06915000081062317,0.09229999780654907,0.11415000259876251,0.19269999861717224,-0.36985923317960007,-0.06091619338657134,Karkaraly,0.3089430332183838,1,"{""type"":""Point"",""coordinates"":[75.32411870198123,49.19278878095246]}"
2_1_207,0.18950000405311584,0.26660001277923584,0.20514999330043793,0.19609999656677246,0.055399999022483826,0.08429999649524689,0.08335000276565552,0.1582999974489212,-0.42218368178722204,-0.10665914152407516,Karkaraly,0.31552454829216003,1,"{""type"":""Point"",""coordinates"":[75.428776478306,49.21422956935349]}"
2_1_208,0.2021999955177307,0.28700000047683716,0.23135000467300415,0.2061000019311905,0.052400000393390656,0.09120000153779984,0.08675000071525574,0.17309999465942383,-0.45457403806471347,-0.0870253364147405,Karkaraly,0.36754870414733887,1,"{""type"":""Point"",""coordinates"":[75.40213142709602,49.20144300425753]}"
2_1_210,0.23100000619888306,0.26170000433921814,0.23755000531673431,0.1809999942779541,0.07254999876022339,0.08240000158548355,0.10814999788999557,0.17409999668598175,-0.3743130061510501,-0.019431139869201287,Karkaraly,0.3548818528652191,1,"{""type"":""Point"",""coordinates"":[75.42879832552485,49.210416850186704]}"
2_1_212,0.22384999692440033,0.28220000863075256,0.2345999926328659,0.19740000367164612,0.06520000100135803,0.09139999747276306,0.0966000035405159,0.18019999563694,-0.4166666385470234,-0.04555086881938723,Karkaraly,0.3711157739162445,1,"{""type"":""Point"",""coordinates"":[75.41215244728131,49.20560600975544]}"
2_1_213,0.27355000376701355,0.2888999879360199,0.26829999685287476,0.2142000049352646,0.07355000078678131,0.08320000022649765,0.12835000455379486,0.19509999454021454,-0.35282993017210323,-0.04666506332647654,Karkaraly,0.30616486072540283,1,"{""type"":""Point"",""coordinates"":[75.34469864918519,49.1854836839162]}"
2_1_214,0.1858000010251999,0.2540999948978424,0.20100000500679016,0.18729999661445618,0.0625,0.0843999981880188,0.08950000256299973,0.15649999678134918,-0.3838209966896597,-0.0895869704035974,Karkaraly,0.294234037399292,1,"{""type"":""Point"",""coordinates"":[75.40914521042416,49.2080796819076]}"
2_1_216,0.291049987077713,0.2281000018119812,0.17659999430179596,0.1160999983549118,0.09929999709129333,0.060600001364946365,0.24044999480247498,0.3248000144958496,0.1530991539834694,0.47334998879117723,Karkaraly,0.32025083899497986,1,"{""type"":""Point"",""coordinates"":[75.30260440070211,49.17335088824813]}"
2_1_219,0.20055000483989716,0.26260000467300415,0.2131499946117401,0.17990000545978546,0.05460000038146973,0.08049999922513962,0.09619999676942825,0.1679999977350235,-0.3780507551338861,-0.03420525327819118,Karkaraly,0.34384551644325256,1,"{""type"":""Point"",""coordinates"":[75.37482342103614,49.19323253162233]}"
2_1_220,0.2203499972820282,0.2277500033378601,0.22155000269412994,0.1277499943971634,0.053050000220537186,0.06920000165700912,0.0953499972820282,0.25665000081062317,-0.39823289814325136,0.3353278044235749,Karkaraly,0.7335606813430786,1,"{""type"":""Point"",""coordinates"":[75.41869190989662,49.19034403514934]}"
2_1_221,0.25314998626708984,0.3091999888420105,0.23909999430179596,0.22110000252723694,0.08910000324249268,0.10170000046491623,0.12094999849796295,0.1996999979019165,-0.32814886312063307,-0.05085552424785079,Karkaraly,0.27729332447052,1,"{""type"":""Point"",""coordinates"":[75.4325236851616,49.20414714913438]}"
2_1_225,0.20855000615119934,0.28130000829696655,0.2349500060081482,0.20569999516010284,0.0632999986410141,0.0877000018954277,0.09565000236034393,0.1729000061750412,-0.42135511228583583,-0.08663494154620052,Karkaraly,0.3347201645374298,1,"{""type"":""Point"",""coordinates"":[75.38960240924874,49.19143499924155]}"
2_1_226,0.19349999725818634,0.2669000029563904,0.211899995803833,0.18970000743865967,0.05705000087618828,0.09350000321865082,0.08614999800920486,0.16279999911785126,-0.4219090770171569,-0.07631207892331186,Karkaraly,0.3455969989299774,1,"{""type"":""Point"",""coordinates"":[75.3981936614102,49.20870277374179]}"
2_1_229,0.25,0.2881999909877777,0.24480000138282776,0.1995999962091446,0.06644999980926514,0.08179999887943268,0.10819999873638153,0.17569999396800995,-0.3869688458932463,-0.06368239506175584,Karkaraly,0.3232864439487457,1,"{""type"":""Point"",""coordinates"":[75.31950282233288,49.18367836014098]}"
2_1_231,0.22705000638961792,0.2644999921321869,0.24044999480247498,0.1657000035047531,0.05299999937415123,0.08269999921321869,0.09144999831914902,0.20509999990463257,-0.4489303994312686,0.10625673149301315,Karkaraly,0.5551871061325073,1,"{""type"":""Point"",""coordinates"":[75.3763911304934,49.221225130271726]}"
2_1_233,0.23405000567436218,0.2678999900817871,0.23770000040531158,0.1834000051021576,0.07810000330209732,0.07779999822378159,0.1152999997138977,0.16099999845027924,-0.3467422114733116,-0.06504066905001593,Karkaraly,0.28170153498649597,1,"{""type"":""Point"",""coordinates"":[75.40117219493919,49.19101086024404]}"
2_1_234,0.2575500011444092,0.27880001068115234,0.2500999867916107,0.16779999434947968,0.06584999710321426,0.07540000230073929,0.11219999939203262,0.23469999432563782,-0.3806237721733698,0.1662111847415659,Karkaraly,0.5468349456787109,1,"{""type"":""Point"",""coordinates"":[75.41493323010013,49.19854894005687]}"
2_1_239,0.19470000267028809,0.2847999930381775,0.2168000042438507,0.19464999437332153,0.03974999859929085,0.08635000139474869,0.07509999722242355,0.20090000331401825,-0.485440240868923,0.01580080641445737,Karkaraly,0.5012410283088684,1,"{""type"":""Point"",""coordinates"":[75.43527098036384,49.2188633351739]}"
2_1_244,0.27320000529289246,0.2766000032424927,0.2386000007390976,0.18389999866485596,0.06639999896287918,0.07829999923706055,0.13955000042915344,0.21660000085830688,-0.26193309534296055,0.08164794564889813,Karkaraly,0.34358105063438416,1,"{""type"":""Point"",""coordinates"":[75.31264291707934,49.17886570921822]}"
2_1_249,0.22875000536441803,0.27059999108314514,0.22595000267028809,0.19300000369548798,0.08209999650716782,0.09239999949932098,0.11225000023841858,0.1704999953508377,-0.33619160690120264,-0.06189823494822841,Karkaraly,0.27429336309432983,1,"{""type"":""Point"",""coordinates"":[75.35196067866154,49.20653209046426]}"
2_1_254,0.19020000100135803,0.26910001039505005,0.2046000063419342,0.19030000269412994,0.05290000140666962,0.08950000256299973,0.08429999649524689,0.17820000648498535,-0.4164070912608688,-0.03283580979034168,Karkaraly,0.3835712671279907,1,"{""type"":""Point"",""coordinates"":[75.4335614901213,49.214447129951154]}"
2_1_261,0.19625000655651093,0.2802000045776367,0.21085000038146973,0.20029999315738678,0.05779999867081642,0.09390000253915787,0.09385000169277191,0.17389999330043793,-0.3839842398825787,-0.07055050992078093,Karkaraly,0.3134337365627289,1,"{""type"":""Point"",""coordinates"":[75.38234284799658,49.19727978178282]}"
2_1_262,0.2379000037908554,0.29679998755455017,0.23925000429153442,0.20550000667572021,0.08604999631643295,0.09849999845027924,0.11620000004768372,0.19329999387264252,-0.3461809051672422,-0.030591807387919487,Karkaraly,0.3155891001224518,1,"{""type"":""Point"",""coordinates"":[75.43083786410972,49.20515284591338]}"
2_1_263,0.24285000562667847,0.26089999079704285,0.24504999816417694,0.18629999458789825,0.08940000087022781,0.08749999850988388,0.12849999964237213,0.18299999833106995,-0.3120064227176431,-0.008935814568380978,Karkaraly,0.303070604801178,1,"{""type"":""Point"",""coordinates"":[75.40392368862913,49.19564612182148]}"
2_1_266,0.211899995803833,0.27250000834465027,0.22294999659061432,0.19529999792575836,0.06369999796152115,0.08829999715089798,0.0970500037074089,0.16290000081062317,-0.3934374773935997,-0.09045225357183789,Karkaraly,0.30298522114753723,1,"{""type"":""Point"",""coordinates"":[75.3762815851896,49.190176555300965]}"
2_1_269,0.19840000569820404,0.2680000066757202,0.2171500027179718,0.17579999566078186,0.059450000524520874,0.09210000187158585,0.09414999932050705,0.17720000445842743,-0.3951172585673838,0.003966030586891731,Karkaraly,0.39908328652381897,1,"{""type"":""Point"",""coordinates"":[75.3920670149927,49.208162211195166]}"
2_1_271,0.23765000700950623,0.2761000096797943,0.23849999904632568,0.19249999523162842,0.09064999967813492,0.09269999712705612,0.11874999850988388,0.17839999496936798,-0.33519944396248846,-0.038015639349624764,Karkaraly,0.2971838116645813,1,"{""type"":""Point"",""coordinates"":[75.35315834886858,49.213584918678436]}"
2_1_273,0.24560000002384186,0.2808000147342682,0.24824999272823334,0.17990000545978546,0.0674000009894371,0.08780000358819962,0.10824999958276749,0.20999999344348907,-0.3927068616128712,0.07719925126537573,Karkaraly,0.46990612149238586,1,"{""type"":""Point"",""coordinates"":[75.3763306826546,49.2158635031874]}"
2_1_275,0.16990000009536743,0.2581000030040741,0.19494999945163727,0.1518000066280365,0.03929999843239784,0.05950000137090683,0.06515000015497208,0.2644999921321869,-0.4990388292694441,0.27071819802973934,Karkaraly,0.7697570323944092,1,"{""type"":""Point"",""coordinates"":[75.42795460551766,49.18995948879121]}"
2_1_276,0.2531000077724457,0.27790001034736633,0.23489999771118164,0.17110000550746918,0.06350000202655792,0.0737999975681305,0.11159999668598175,0.22920000553131104,-0.3558441645568156,0.14514114019900254,Karkaraly,0.500985324382782,1,"{""type"":""Point"",""coordinates"":[75.32451020019856,49.184330197030306]}"
2_1_277,0.21404999494552612,0.27559998631477356,0.2290000021457672,0.1826999932527542,0.042500000447034836,0.08550000190734863,0.08295000344514847,0.20819999277591705,-0.468183991290404,0.06523407632276686,Karkaraly,0.5334180593490601,1,"{""type"":""Point"",""coordinates"":[75.43762102279683,49.21275911089297]}"
2_1_278,0.23989999294281006,0.27410000562667847,0.2308499962091446,0.2029000073671341,0.07419999688863754,0.09080000221729279,0.11810000240802765,0.2004999965429306,-0.3231121772400786,-0.005949456621072709,Karkaraly,0.31716272234916687,1,"{""type"":""Point"",""coordinates"":[75.4027512237138,49.210614250913636]}"
2_1_280,0.14305000007152557,0.2766000032424927,0.17350000143051147,0.16259999573230743,0.034699998795986176,0.09669999778270721,0.05299999937415123,0.23639999330043793,-0.5320088372109164,0.1849624050041611,Karkaraly,0.716971218585968,1,"{""type"":""Point"",""coordinates"":[75.39545753694605,49.22203585936079]}"
2_1_284,0.2357500046491623,0.22339999675750732,0.15164999663829803,0.11789999902248383,0.06790000200271606,0.06840000301599503,0.16015000641345978,0.29109999537467957,0.027261095869042594,0.42347187952283494,Karkaraly,0.39621078968048096,1,"{""type"":""Point"",""coordinates"":[75.39497728054096,49.22734713448829]}"
2_1_285,0.23340000212192535,0.27959999442100525,0.24175000190734863,0.20270000398159027,0.06840000301599503,0.09619999676942825,0.10890000313520432,0.19370000064373016,-0.37886780796145253,-0.02270434720697585,Karkaraly,0.35616347193717957,1,"{""type"":""Point"",""coordinates"":[75.3485438819262,49.19088851013589]}"
2_1_287,0.3086000084877014,0.2451999932527542,0.19460000097751617,0.12530000507831573,0.0929500013589859,0.06279999762773514,0.20995000004768372,0.3075999915599823,0.03794339149985906,0.42111339315621227,Karkaraly,0.3831700086593628,1,"{""type"":""Point"",""coordinates"":[75.35337258775385,49.23055358902103]}"
2_1_289,0.22904999554157257,0.2615000009536743,0.23909999430179596,0.17630000412464142,0.06210000067949295,0.07150000333786011,0.1023000031709671,0.2011999934911728,-0.4007029646851207,0.06596023714912008,Karkaraly,0.4666632115840912,1,"{""type"":""Point"",""coordinates"":[75.38555033542919,49.19696445469259]}"
2_1_292,0.23684999346733093,0.28209999203681946,0.23680000007152557,0.19769999384880066,0.06395000219345093,0.08820000290870667,0.10440000146627426,0.19040000438690186,-0.38804219814923824,-0.018809558090915897,Karkaraly,0.3692326545715332,1,"{""type"":""Point"",""coordinates"":[75.43370788258305,49.220142996482615]}"
2_1_296,0.19539999961853027,0.2750000059604645,0.2085999995470047,0.19670000672340393,0.05335000157356262,0.08950000256299973,0.08990000188350677,0.16769999265670776,-0.39765493164036175,-0.07958291469821263,Karkaraly,0.31807202100753784,1,"{""type"":""Point"",""coordinates"":[75.38171914839594,49.1973871978471]}"
2_1_300,0.1839500069618225,0.2669999897480011,0.19994999468326569,0.1858000010251999,0.03909999877214432,0.08789999783039093,0.07665000110864639,0.1728000044822693,-0.44577004862783387,-0.03625208126958556,Karkaraly,0.40951797366142273,1,"{""type"":""Point"",""coordinates"":[75.38312490609202,49.19896939263956]}"
2_1_303,0.2395000010728836,0.28040000796318054,0.250900000333786,0.19269999861717224,0.07665000110864639,0.0877000018954277,0.11890000104904175,0.1890999972820282,-0.35694969927297,-0.009429024027790939,Karkaraly,0.3475206792354584,1,"{""type"":""Point"",""coordinates"":[75.36618675140573,49.20939057426715]}"
2_1_304,0.21254999935626984,0.26910001039505005,0.22550000250339508,0.18850000202655792,0.06424999982118607,0.08309999853372574,0.0966000035405159,0.16869999468326569,-0.4001862668245545,-0.05543115208754341,Karkaraly,0.3447551131248474,1,"{""type"":""Point"",""coordinates"":[75.36167051857907,49.20449442135839]}"
2_1_305,0.2001499980688095,0.24950000643730164,0.22360000014305115,0.14110000431537628,0.03644999861717224,0.06710000336170197,0.0697999969124794,0.26269999146461487,-0.5241990619429443,0.30113914913335427,Karkaraly,0.8253381848335266,1,"{""type"":""Point"",""coordinates"":[75.37824620741235,49.21896151825942]}"
2_1_310,0.18754999339580536,0.2669000029563904,0.21164999902248383,0.16830000281333923,0.041450001299381256,0.0754999965429306,0.0706000030040741,0.21289999783039093,-0.49973426042752633,0.11699893741273859,Karkaraly,0.616733193397522,1,"{""type"":""Point"",""coordinates"":[75.3803830844559,49.209967080674446]}"
2_1_311,0.2791999876499176,0.19869999587535858,0.2632000148296356,0.16869999468326569,0.07540000230073929,0.053700000047683716,0.1287499964237213,0.17829999327659607,-0.34302848461715096,0.02766570295800943,Karkaraly,0.37069419026374817,1,"{""type"":""Point"",""coordinates"":[75.45618565592034,49.20773288700906]}"
2_1_313,0.22360000014305115,0.2768000066280365,0.23514999449253082,0.18690000474452972,0.07774999737739563,0.09309999644756317,0.1059499979019165,0.19539999961853027,-0.37877455136735305,0.022233834101472658,Karkaraly,0.40100839734077454,1,"{""type"":""Point"",""coordinates"":[75.37661487902929,49.20214247800926]}"
2_1_315,0.17955000698566437,0.2685999870300293,0.19920000433921814,0.19020000100135803,0.06224999949336052,0.08959999680519104,0.07985000312328339,0.1673000007867813,-0.42770112174955915,-0.06405594433576438,Karkaraly,0.36364516615867615,1,"{""type"":""Point"",""coordinates"":[75.39179052860904,49.20108178240611]}"
2_1_321,0.22190000116825104,0.25920000672340393,0.22405000030994415,0.19339999556541443,0.07190000265836716,0.08649999648332596,0.1080000028014183,0.16609999537467957,-0.34949554711976666,-0.0759388063386184,Karkaraly,0.27355673909187317,1,"{""type"":""Point"",""coordinates"":[75.34331034568238,49.203889755251]}"
2_1_325,0.29829999804496765,0.24969999492168427,0.2572000026702881,0.1273999959230423,0.07455000281333923,0.06750000268220901,0.14059999585151672,0.33660000562667847,-0.29311213487191634,0.450862088372685,Karkaraly,0.7439742088317871,1,"{""type"":""Point"",""coordinates"":[75.41821615400787,49.201981768080024]}"
2_1_327,0.21660000085830688,0.2768000066280365,0.23399999737739563,0.195700004696846,0.07069999724626541,0.09390000253915787,0.10930000245571136,0.17579999566078186,-0.3632391348159229,-0.053566646075120385,Karkaraly,0.309672474861145,1,"{""type"":""Point"",""coordinates"":[75.39384121451508,49.209038174706585]}"
2_1_329,0.24764999747276306,0.2517000138759613,0.23109999299049377,0.18359999358654022,0.08240000158548355,0.08179999887943268,0.17065000534057617,0.2558000087738037,-0.1504666780361816,0.16431500864684467,Karkaraly,0.31478169560432434,1,"{""type"":""Point"",""coordinates"":[75.35104668081917,49.199858224646604]}"
2_1_331,0.17329999804496765,0.29330000281333923,0.19949999451637268,0.16459999978542328,0.033649999648332596,0.08070000261068344,0.06174999848008156,0.34209999442100525,-0.5272727262356738,0.35030589434597237,Karkaraly,0.877578616142273,1,"{""type"":""Point"",""coordinates"":[75.381397649949,49.2215564782196]}"
2_1_340,0.15119999647140503,0.20990000665187836,0.1555500030517578,0.11169999837875366,0.03905000165104866,0.049400001764297485,0.06669999659061432,0.30630001425743103,-0.39977505783628436,0.46555026314808196,Karkaraly,0.8653253316879272,1,"{""type"":""Point"",""coordinates"":[75.42019362213,49.193759010521106]}"
2_1_341,0.251800000667572,0.296999990940094,0.25894999504089355,0.20149999856948853,0.06780000030994415,0.08860000222921371,0.11169999837875366,0.20069999992847443,-0.39727505537933333,-0.001989056797617444,Karkaraly,0.3952859938144684,1,"{""type"":""Point"",""coordinates"":[75.36921384724782,49.21519034340644]}"
2_1_347,0.2009499967098236,0.2630999982357025,0.20874999463558197,0.1932000070810318,0.0640999972820282,0.09749999642372131,0.0934000015258789,0.16990000009536743,-0.3817640065368828,-0.06416966820478438,Karkaraly,0.31759434938430786,1,"{""type"":""Point"",""coordinates"":[75.41950562235226,49.21317765061263]}"
2_1_348,0.22155000269412994,0.27090001106262207,0.23205000162124634,0.19519999623298645,0.07384999841451645,0.0892999991774559,0.10339999943971634,0.19210000336170197,-0.3835146870610679,-0.008004112766663166,Karkaraly,0.375510573387146,1,"{""type"":""Point"",""coordinates"":[75.39269605093826,49.18678708068949]}"
2_1_350,0.21975000202655792,0.274399995803833,0.23235000669956207,0.19290000200271606,0.06700000166893005,0.08489999920129776,0.10159999877214432,0.16990000009536743,-0.3915256948198955,-0.06339581525451742,Karkaraly,0.3281298875808716,1,"{""type"":""Point"",""coordinates"":[75.36088601218438,49.20448964547031]}"
2_1_353,0.21445000171661377,0.2709999978542328,0.225150004029274,0.1956000030040741,0.05950000137090683,0.08470000326633453,0.09574999660253525,0.1729000061750412,-0.4032409073604469,-0.06160107534216967,Karkaraly,0.34163984656333923,1,"{""type"":""Point"",""coordinates"":[75.33816661721218,49.19372352693071]}"
2_1_357,0.21604999899864197,0.27219998836517334,0.22939999401569366,0.1906999945640564,0.05754999816417694,0.08479999750852585,0.09475000202655792,0.17489999532699585,-0.41539408802455974,-0.04321662930507438,Karkaraly,0.37217745184898376,1,"{""type"":""Point"",""coordinates"":[75.341157712637,49.20325937475954]}"
2_1_364,0.18424999713897705,0.25769999623298645,0.20845000445842743,0.18080000579357147,0.05404999852180481,0.08330000191926956,0.08250000327825546,0.16529999673366547,-0.4328922420725965,-0.04478477014367027,Karkaraly,0.3881074786186218,1,"{""type"":""Point"",""coordinates"":[75.38971843244192,49.203551915548886]}"
2_1_365,0.16760000586509705,0.2768000066280365,0.1979999989271164,0.17329999804496765,0.040300000458955765,0.08269999921321869,0.06324999779462814,0.20640000700950623,-0.5157894844913988,0.08717410725288208,Karkaraly,0.6029635667800903,1,"{""type"":""Point"",""coordinates"":[75.38007952005982,49.20603820352932]}"
2_1_366,0.2337999939918518,0.2565000057220459,0.2423499971628189,0.18279999494552612,0.07195000350475311,0.0771000012755394,0.11845000088214874,0.15809999406337738,-0.3434035392240443,-0.07245527039751133,Karkaraly,0.27094826102256775,1,"{""type"":""Point"",""coordinates"":[75.40430574024079,49.194383670551915]}"
2_1_368,0.25940001010894775,0.21719999611377716,0.14569999277591705,0.09799999743700027,0.0640999972820282,0.04390000179409981,0.20550000667572021,0.35850000381469727,0.1702733883632538,0.5706462336548094,Karkaraly,0.40037283301353455,1,"{""type"":""Point"",""coordinates"":[75.3364520695205,49.21432403110167]}"
2_1_372,0.23669999837875366,0.29170000553131104,0.24764999747276306,0.20360000431537628,0.06909999996423721,0.08699999749660492,0.10970000177621841,0.17749999463558197,-0.38603608783115967,-0.06848598727798208,Karkaraly,0.31755009293556213,1,"{""type"":""Point"",""coordinates"":[75.32669393928597,49.187364192497576]}"
2_1_376,0.2442999929189682,0.27970001101493835,0.24740000069141388,0.18170000612735748,0.06615000218153,0.08110000193119049,0.1067499965429306,0.21150000393390656,-0.3971481159024655,0.07578839533067654,Karkaraly,0.4729365110397339,1,"{""type"":""Point"",""coordinates"":[75.3355901733888,49.18883905725333]}"
2_1_389,0.26625001430511475,0.24040000140666962,0.16329999268054962,0.12229999899864197,0.08815000206232071,0.05480000004172325,0.2113499939441681,0.32659998536109924,0.12825304411861507,0.4551124826922127,Karkaraly,0.3268594443798065,1,"{""type"":""Point"",""coordinates"":[75.44767161777813,49.233409122916754]}"
2_1_391,0.18389999866485596,0.2565999925136566,0.2012999951839447,0.18690000474452972,0.03994999825954437,0.07259999960660934,0.0726500004529953,0.1460999995470047,-0.4696112311731753,-0.12252253655169772,Karkaraly,0.34708869457244873,1,"{""type"":""Point"",""coordinates"":[75.44214992747773,49.216094719064145]}"
2_1_393,0.2484000027179718,0.26420000195503235,0.2503499984741211,0.18950000405311584,0.07405000180006027,0.08470000326633453,0.11375000327825546,0.16410000622272491,-0.3751716411382138,-0.07183257096224793,Karkaraly,0.30333906412124634,1,"{""type"":""Point"",""coordinates"":[75.42952815561728,49.20764930143054]}"
2_1_395,0.18885000050067902,0.2687999904155731,0.21789999306201935,0.17990000545978546,0.04735000059008598,0.08079999685287476,0.07999999821186066,0.17479999363422394,-0.4629070120494825,-0.014378381275974631,Karkaraly,0.44852861762046814,1,"{""type"":""Point"",""coordinates"":[75.38127005122293,49.20227918000654]}"
2_1_405,0.2094999998807907,0.25769999623298645,0.22865000367164612,0.1834000051021576,0.06650000065565109,0.07639999687671661,0.09324999898672104,0.15809999406337738,-0.4206275351560816,-0.07408495197833533,Karkaraly,0.3465425968170166,1,"{""type"":""Point"",""coordinates"":[75.39878033610734,49.18733327851593]}"
2_1_412,0.28235000371932983,0.21439999341964722,0.15600000321865082,0.1046999990940094,0.08560000360012054,0.05130000039935112,0.2917500138282776,0.39079999923706055,0.30318259171701806,0.5773965713555714,Karkaraly,0.274213969707489,1,"{""type"":""Point"",""coordinates"":[75.30170934196691,49.1717070603285]}"
2_1_413,0.18299999833106995,0.2556000053882599,0.20264999568462372,0.1776999980211258,0.03294999897480011,0.07240000367164612,0.07254999876022339,0.1632000058889389,-0.47274709139019877,-0.04253444401840558,Karkaraly,0.4302126467227936,1,"{""type"":""Point"",""coordinates"":[75.44085815327101,49.21598278395945]}"
2_1_418,0.18995000422000885,0.19769999384880066,0.10289999842643738,0.09769999980926514,0.05485000088810921,0.0502999983727932,0.16474999487400055,0.33489999175071716,0.23108536519982784,0.5483125209644462,Karkaraly,0.31722715497016907,1,"{""type"":""Point"",""coordinates"":[75.35333744750575,49.22972743788839]}"
2_1_420,0.23444999754428864,0.27070000767707825,0.24844999611377716,0.16750000417232513,0.06174999848008156,0.08429999649524689,0.10324999690055847,0.21299999952316284,-0.41285186834592913,0.11957948727709107,Karkaraly,0.5324313640594482,1,"{""type"":""Point"",""coordinates"":[75.37584707320167,49.218054838427896]}"
2_1_423,0.22920000553131104,0.2727999985218048,0.23489999771118164,0.19550000131130219,0.06894999742507935,0.08619999885559082,0.1091499999165535,0.17440000176429749,-0.3654991968076996,-0.057042442204825586,Karkaraly,0.30845674872398376,1,"{""type"":""Point"",""coordinates"":[75.35554609875524,49.209779857580074]}"
2_1_424,0.2110999971628189,0.26840001344680786,0.21780000627040863,0.19689999520778656,0.06650000065565109,0.09390000253915787,0.10400000214576721,0.17520000040531158,-0.35363580220130614,-0.05831764326339359,Karkaraly,0.2953181564807892,1,"{""type"":""Point"",""coordinates"":[75.41565339266378,49.210142766958796]}"
2_1_430,0.22724999487400055,0.2985999882221222,0.24255000054836273,0.20880000293254852,0.05689999833703041,0.09549999982118607,0.09969999641180038,0.18549999594688416,-0.41738496831364374,-0.05909207976637337,Karkaraly,0.3582928776741028,1,"{""type"":""Point"",""coordinates"":[75.40457339975286,49.201168645424666]}"
2_1_431,0.24070000648498535,0.3068999946117401,0.24390000104904175,0.21619999408721924,0.07045000046491623,0.09549999982118607,0.10445000231266022,0.18039999902248383,-0.4003157668742335,-0.0902672609347041,Karkaraly,0.31004852056503296,1,"{""type"":""Point"",""coordinates"":[75.37052751390281,49.184875564322844]}"
2_1_434,0.2138500064611435,0.26570001244544983,0.22689999639987946,0.17669999599456787,0.05925000086426735,0.0869000032544136,0.09040000289678574,0.20309999585151672,-0.43019222756275727,0.06951026967806664,Karkaraly,0.49970248341560364,1,"{""type"":""Point"",""coordinates"":[75.4017417687621,49.21677962180628]}"
2_1_441,0.16294999420642853,0.2671999931335449,0.20045000314712524,0.1606999933719635,0.0385500006377697,0.07850000262260437,0.06134999915957451,0.2094999998807907,-0.5313216301067657,0.13182065747772442,Karkaraly,0.6631422638893127,1,"{""type"":""Point"",""coordinates"":[75.37071461152307,49.20358473540154]}"
2_1_442,0.2611500024795532,0.24400000274181366,0.24230000376701355,0.12489999830722809,0.06639999896287918,0.066600002348423,0.11649999767541885,0.29840001463890076,-0.35061317052914964,0.409874819337067,Karkaraly,0.760487973690033,1,"{""type"":""Point"",""coordinates"":[75.41541112844999,49.19891221994777]}"
2_1_447,0.2754499912261963,0.29249998927116394,0.2572999894618988,0.2076999992132187,0.08195000141859055,0.08510000258684158,0.13044999539852142,0.19599999487400055,-0.3271437756703976,-0.028981928438399626,Karkaraly,0.2981618344783783,1,"{""type"":""Point"",""coordinates"":[75.32408442818532,49.18205030692599]}"
2_1_452,0.2199999988079071,0.2833000123500824,0.23119999468326569,0.19830000400543213,0.08609999716281891,0.10159999877214432,0.11015000194311142,0.17659999430179596,-0.3546213386158281,-0.05788212803845668,Karkaraly,0.29673922061920166,1,"{""type"":""Point"",""coordinates"":[75.38496902300838,49.20470408242443]}"
2_1_453,0.21150000393390656,0.2754000127315521,0.23549999296665192,0.1981000006198883,0.05460000038146973,0.08299999684095383,0.08974999934434891,0.17409999668598175,-0.4481168241902318,-0.06448147261587324,Karkaraly,0.38363534212112427,1,"{""type"":""Point"",""coordinates"":[75.35604081910455,49.21145610025967]}"
2_1_466,0.21649999916553497,0.2621999979019165,0.2069000005722046,0.18400000035762787,0.06525000184774399,0.08500000089406967,0.10485000163316727,0.19460000097751617,-0.3273456237918797,0.027997888490510017,Karkaraly,0.3553435206413269,1,"{""type"":""Point"",""coordinates"":[75.38870834881433,49.21494233453946]}"
2_1_468,0.17994999885559082,0.2581000030040741,0.19769999384880066,0.18299999833106995,0.04565000161528587,0.07689999788999557,0.07530000060796738,0.1509000062942505,-0.44835163269652156,-0.0961365426539597,Karkaraly,0.35221508145332336,1,"{""type"":""Point"",""coordinates"":[75.34510589180492,49.196947228567616]}"
2_1_471,0.24404999613761902,0.22699999809265137,0.1517000049352646,0.13130000233650208,0.07204999774694443,0.06120000034570694,0.1595499962568283,0.24199999868869781,0.025220855555014035,0.2965443237293826,Karkaraly,0.27132347226142883,1,"{""type"":""Point"",""coordinates"":[75.34058759352122,49.23421597381704]}"
2_1_473,0.1984499990940094,0.23070000112056732,0.21150000393390656,0.1316000074148178,0.04554999992251396,0.07079999893903732,0.07829999923706055,0.2531000077724457,-0.45962734037054115,0.3158305057474051,Karkaraly,0.7754578590393066,1,"{""type"":""Point"",""coordinates"":[75.41884897248866,49.19038528895795]}"
2_1_476,0.21539999544620514,0.20399999618530273,0.19339999556541443,0.1151999980211258,0.05889999866485596,0.05445000156760216,0.13099999725818634,0.28744998574256897,-0.19235511617646484,0.42779087214003814,Karkaraly,0.6201459765434265,1,"{""type"":""Point"",""coordinates"":[75.41954928194731,49.192611931324365]}"
2_1_478,0.2203499972820282,0.23409999907016754,0.20200000703334808,0.1193000003695488,0.05014999955892563,0.057500001043081284,0.11720000207424164,0.30709999799728394,-0.2656641683569743,0.44043151582324924,Karkaraly,0.7060956954956055,1,"{""type"":""Point"",""coordinates"":[75.42194256531621,49.202157408195475]}"
2_1_484,0.1704999953508377,0.2696000039577484,0.18205000460147858,0.17139999568462372,0.0377499982714653,0.09950000047683716,0.08470000326633453,0.22589999437332153,-0.3649484478492891,0.13717593771081926,Karkaraly,0.5021243691444397,1,"{""type"":""Point"",""coordinates"":[75.41842259789071,49.19504559056215]}"
2_1_489,0.19979999959468842,0.25780001282691956,0.21574999392032623,0.1696999967098236,0.04800000041723251,0.0828000009059906,0.08184999972581863,0.17479999363422394,-0.44993278579743057,0.014804055347888489,Karkaraly,0.46473684906959534,1,"{""type"":""Point"",""coordinates"":[75.36900335053588,49.215938879446256]}"
2_1_490,0.23884999752044678,0.2953999936580658,0.2398499995470047,0.20640000700950623,0.06469999998807907,0.08829999715089798,0.10700000077486038,0.1858000010251999,-0.3830185920393946,-0.05252423651782134,Karkaraly,0.33049434423446655,1,"{""type"":""Point"",""coordinates"":[75.33596317025058,49.189251732554325]}"
2_1_497,0.19439999759197235,0.2700999975204468,0.21774999797344208,0.17919999361038208,0.05204999819397926,0.08489999920129776,0.07885000109672546,0.19359999895095825,-0.4683074757658938,0.038626624538375766,Karkaraly,0.5069341063499451,1,"{""type"":""Point"",""coordinates"":[75.34377942685123,49.206347139069806]}"
2_1_498,0.21279999613761902,0.27559998631477356,0.22509999573230743,0.17960000038146973,0.05274999886751175,0.09040000289678574,0.08865000307559967,0.20730000734329224,-0.43490037665386266,0.07159474388413067,Karkaraly,0.5064951181411743,1,"{""type"":""Point"",""coordinates"":[75.37847699044636,49.21230189492931]}"
2_1_499,0.2480500042438507,0.29910001158714294,0.24089999496936798,0.2125999927520752,0.07569999992847443,0.09369999915361404,0.1172500029206276,0.18930000066757202,-0.34524638497057597,-0.057974601806410814,Karkaraly,0.28727179765701294,1,"{""type"":""Point"",""coordinates"":[75.33376554266925,49.190354460934586]}"
2_1_500,0.1776999980211258,0.2632000148296356,0.19965000450611115,0.17579999566078186,0.05635000020265579,0.0851999968290329,0.07495000213384628,0.1720999926328659,-0.4541150741331395,-0.010635249072767826,Karkaraly,0.44347983598709106,1,"{""type"":""Point"",""coordinates"":[75.3730668403449,49.20893816909106]}"
2_1_501,0.2370000034570694,0.295199990272522,0.241349995136261,0.2101999968290329,0.06414999812841415,0.08720000088214874,0.10320000350475311,0.17309999465942383,-0.4009577482989517,-0.09679103311622786,Karkaraly,0.304166704416275,1,"{""type"":""Point"",""coordinates"":[75.36894918111402,49.186568924084426]}"
2_1_503,0.2479500025510788,0.25224998593330383,0.2354000061750412,0.1545500010251999,0.06055000051856041,0.0742499977350235,0.10970000177621841,0.22294999659061432,-0.36424225297779794,0.18119204237724482,Karkaraly,0.545434296131134,1,"{""type"":""Point"",""coordinates"":[75.42237719998525,49.191428200777814]}"
2_1_506,0.20755000412464142,0.26919999718666077,0.2244500070810318,0.188400000333786,0.05939999967813492,0.08150000125169754,0.09130000323057175,0.1754000037908554,-0.4216943768871412,-0.03573390982831511,Karkaraly,0.3859604597091675,1,"{""type"":""Point"",""coordinates"":[75.34791423682628,49.20375065440664]}"
2_1_509,0.28060001134872437,0.29429998993873596,0.2563999891281128,0.20759999752044678,0.08654999732971191,0.09319999814033508,0.14560000598430634,0.21879999339580536,-0.27562185196748895,0.026266407396707325,Karkaraly,0.30188825726509094,1,"{""type"":""Point"",""coordinates"":[75.3416127507276,49.184517276264096]}"
2_1_515,0.22059999406337738,0.26460000872612,0.2219499945640564,0.1941000074148178,0.07580000162124634,0.08969999849796295,0.10670000314712524,0.16699999570846558,-0.35067698834494776,-0.07504849479909863,Karkaraly,0.2756285071372986,1,"{""type"":""Point"",""coordinates"":[75.35277283222777,49.21217473922146]}"
2_1_518,0.2227499932050705,0.23510000109672546,0.20145000517368317,0.1527000069618225,0.05665000155568123,0.07559999823570251,0.1120000034570694,0.22139999270439148,-0.28537246531706695,0.1836406998232175,Karkaraly,0.46901315450668335,1,"{""type"":""Point"",""coordinates"":[75.44146375329471,49.20431143420042]}"
2_1_519,0.23720000684261322,0.2890999913215637,0.23774999380111694,0.1973000019788742,0.07355000078678131,0.09220000356435776,0.11299999803304672,0.1859000027179718,-0.3556664252954641,-0.029749475785943887,Karkaraly,0.32591694593429565,1,"{""type"":""Point"",""coordinates"":[75.33552109058733,49.201532076888654]}"
2_1_526,0.22949999570846558,0.2870999872684479,0.23725000023841858,0.19040000438690186,0.05894999951124191,0.09160000085830688,0.10634999722242355,0.1915999948978424,-0.3809662514066603,0.0031413364219565723,Karkaraly,0.3841075897216797,1,"{""type"":""Point"",""coordinates"":[75.33721086385775,49.19969340589027]}"
2_1_528,0.18674999475479126,0.2531000077724457,0.19425000250339508,0.1808999925851822,0.05404999852180481,0.0892999991774559,0.08784999698400497,0.15950000286102295,-0.37717123613161313,-0.0628671856946049,Karkaraly,0.31430405378341675,1,"{""type"":""Point"",""coordinates"":[75.38296665268648,49.20005506682884]}"
2_1_529,0.15074999630451202,0.2653000056743622,0.17980000376701355,0.1704999953508377,0.03914999961853027,0.08320000022649765,0.05849999934434891,0.1960500031709671,-0.5090222527860341,0.06970401834174203,Karkaraly,0.5787262916564941,1,"{""type"":""Point"",""coordinates"":[75.43219974175706,49.221055764395366]}"
2_1_532,0.19304999709129333,0.2858000099658966,0.2163500040769577,0.1941000074148178,0.05025000125169754,0.09149999916553497,0.08079999685287476,0.1678999960422516,-0.45616694194825547,-0.07237572133248157,Karkaraly,0.3837912082672119,1,"{""type"":""Point"",""coordinates"":[75.4025212705601,49.19682434324091]}"
2_1_533,0.16619999706745148,0.2624000012874603,0.18970000743865967,0.17100000381469727,0.03864999860525131,0.09049999713897705,0.06615000218153,0.19020000100135803,-0.48290013918912933,0.053156137681777044,Karkaraly,0.5360562801361084,1,"{""type"":""Point"",""coordinates"":[75.39206741257772,49.22103615547196]}"
2_1_542,0.258899986743927,0.26409998536109924,0.24214999377727509,0.1826999932527542,0.06669999659061432,0.08190000057220459,0.11420000344514847,0.1858000010251999,-0.3590570824454472,0.008412504262096103,Karkaraly,0.36746957898139954,1,"{""type"":""Point"",""coordinates"":[75.43943395155239,49.21288184544991]}"
2_1_544,0.25554999709129333,0.20774999260902405,0.1695999950170517,0.10405000299215317,0.05624999850988388,0.041850000619888306,0.210999995470047,0.37165001034736633,0.10877562135514202,0.56253941528528,Karkaraly,0.45376378297805786,1,"{""type"":""Point"",""coordinates"":[75.44393089978536,49.20466854434909]}"
2_1_548,0.24244999885559082,0.2768000066280365,0.25529998540878296,0.2029000073671341,0.07985000312328339,0.08370000123977661,0.12144999951124191,0.18729999661445618,-0.3552753583412996,-0.03997952484237783,Karkaraly,0.31529584527015686,1,"{""type"":""Point"",""coordinates"":[75.36274054497392,49.20143744132829]}"
2_1_550,0.3138999938964844,0.24779999256134033,0.20065000653266907,0.12929999828338623,0.0925000011920929,0.06509999930858612,0.21085000038146973,0.302700012922287,0.024787347940261228,0.4013889123635828,Karkaraly,0.37660157680511475,1,"{""type"":""Point"",""coordinates"":[75.35323586636363,49.23083540043536]}"
2_1_558,0.24355000257492065,0.25290000438690186,0.24905000627040863,0.17569999396800995,0.07164999842643738,0.08330000191926956,0.10885000228881836,0.17309999465942383,-0.391729535145818,-0.007454126701142976,Karkaraly,0.3842754065990448,1,"{""type"":""Point"",""coordinates"":[75.43000361368274,49.20754236836821]}"
2_1_561,0.20340000092983246,0.2791999876499176,0.22450000047683716,0.19020000100135803,0.05130000039935112,0.08349999785423279,0.08784999698400497,0.18150000274181366,-0.4374900099365724,-0.023405967640386917,Karkaraly,0.4140840470790863,1,"{""type"":""Point"",""coordinates"":[75.37103548346941,49.193786137841734]}"
2_1_562,0.2293500006198883,0.2793000042438507,0.24295000731945038,0.1882999986410141,0.05914999917149544,0.08749999850988388,0.09825000166893005,0.18529999256134033,-0.42409144735822113,-0.008029995049033237,Karkaraly,0.4160614609718323,1,"{""type"":""Point"",""coordinates"":[75.32417132196142,49.19506425341067]}"
2_1_566,0.2545500099658966,0.24979999661445618,0.25040000677108765,0.14605000615119934,0.06419999897480011,0.07485000044107437,0.11309999972581863,0.23935000598430634,-0.3777166563721576,0.24208613620983216,Karkaraly,0.6198027729988098,1,"{""type"":""Point"",""coordinates"":[75.41985125295336,49.19098602928744]}"
2_1_567,0.19740000367164612,0.25029999017715454,0.19789999723434448,0.16949999332427979,0.06539999693632126,0.08510000258684158,0.0989999994635582,0.19269999861717224,-0.33310878703517655,0.06405302542536398,Karkaraly,0.3971618115901947,1,"{""type"":""Point"",""coordinates"":[75.40015526094119,49.21491308722598]}"
2_1_572,0.1826999932527542,0.27489998936653137,0.20634999871253967,0.18469999730587006,0.045499999076128006,0.08829999715089798,0.07124999910593033,0.1834000051021576,-0.4866714721480467,-0.003531627805509932,Karkaraly,0.48313984274864197,1,"{""type"":""Point"",""coordinates"":[75.43604360283375,49.208612656901785]}"
2_1_575,0.21694999933242798,0.2859500050544739,0.23280000686645508,0.20440000295639038,0.05584999918937683,0.09025000035762787,0.09555000066757202,0.18549999594688416,-0.4179990956286479,-0.048473985798073556,Karkaraly,0.36952510476112366,1,"{""type"":""Point"",""coordinates"":[75.4211552874503,49.20738060492086]}"
2_1_576,0.1868000030517578,0.27390000224113464,0.21199999749660492,0.19519999623298645,0.052549999207258224,0.08550000190734863,0.08765000104904175,0.1800999939441681,-0.41498413833170944,-0.04023448623510658,Karkaraly,0.37474966049194336,1,"{""type"":""Point"",""coordinates"":[75.43850855321386,49.21549012510861]}"
2_1_583,0.2304999977350235,0.2611500024795532,0.24334999918937683,0.16574999690055847,0.05115000158548355,0.07779999822378159,0.09470000118017197,0.21400000154972076,-0.4397278445398727,0.12705728728391208,Karkaraly,0.5667851567268372,1,"{""type"":""Point"",""coordinates"":[75.42189087940666,49.20423415817096]}"
2_1_585,0.23074999451637268,0.29580000042915344,0.2349500060081482,0.2094999998807907,0.06019999831914902,0.0860000029206276,0.10085000097751617,0.18729999661445618,-0.39934485479732845,-0.05594758937101064,Karkaraly,0.34339725971221924,1,"{""type"":""Point"",""coordinates"":[75.35304065509456,49.195021625307554]}"
2_1_586,0.24244999885559082,0.25999999046325684,0.24740000069141388,0.17910000681877136,0.07039999961853027,0.08209999650716782,0.11599999666213989,0.22010000050067902,-0.36158504399061464,0.10270539311162481,Karkaraly,0.46429044008255005,1,"{""type"":""Point"",""coordinates"":[75.33925457881311,49.18765174701857]}"
2_1_587,0.226500004529953,0.29420000314712524,0.23389999568462372,0.21379999816417694,0.0628499984741211,0.08649999648332596,0.09965000301599503,0.1665000021457672,-0.40248836213945294,-0.12437548246084743,Karkaraly,0.27811288833618164,1,"{""type"":""Point"",""coordinates"":[75.36602621708414,49.1896916661042]}"
2_1_591,0.25314998626708984,0.2272000014781952,0.14139999449253082,0.11289999634027481,0.07474999874830246,0.04839999973773956,0.2434999942779541,0.38499999046325684,0.2652637120400263,0.5464952828575813,Karkaraly,0.2812315821647644,1,"{""type"":""Point"",""coordinates"":[75.34764171400423,49.22714322403859]}"
2_1_595,0.17820000648498535,0.2574000060558319,0.20065000653266907,0.1882999986410141,0.05249999836087227,0.0828000009059906,0.0767500028014183,0.15700000524520874,-0.446647438940896,-0.09064579508698407,Karkaraly,0.3560016453266144,1,"{""type"":""Point"",""coordinates"":[75.43586325219218,49.21732777416343]}"
2_1_597,0.22345000505447388,0.26899999380111694,0.2381500005722046,0.195700004696846,0.06909999996423721,0.08240000158548355,0.10610000044107437,0.1704999953508377,-0.3835875083295543,-0.06881488078297912,Karkaraly,0.3147726356983185,1,"{""type"":""Point"",""coordinates"":[75.36131437229726,49.2041240790003]}"
2_1_607,0.22484999895095825,0.23520000278949738,0.1813499927520752,0.1376499980688095,0.04935000091791153,0.0677499994635582,0.12269999831914902,0.24469999969005585,-0.19289589263361406,0.27997908264343446,Karkaraly,0.4728749692440033,1,"{""type"":""Point"",""coordinates"":[75.43282273825861,49.196106698993994]}"
2_1_609,0.19014999270439148,0.2632000148296356,0.21324999630451202,0.17419999837875366,0.04910000041127205,0.08330000191926956,0.07980000227689743,0.18529999256134033,-0.4553830222611044,0.030876201564178453,Karkaraly,0.48625922203063965,1,"{""type"":""Point"",""coordinates"":[75.37075830071062,49.20531872713614]}"
2_1_610,0.21074999868869781,0.259799987077713,0.2244500070810318,0.18389999866485596,0.06639999896287918,0.08179999887943268,0.10409999638795853,0.16609999537467957,-0.3663065269285024,-0.050857153123738986,Karkaraly,0.31544938683509827,1,"{""type"":""Point"",""coordinates"":[75.36992855287349,49.21025452638938]}"
2_1_612,0.25255000591278076,0.2921000123023987,0.25870001316070557,0.21199999749660492,0.07774999737739563,0.09099999815225601,0.11954999715089798,0.1875,-0.3678784196071148,-0.06132665244087549,Karkaraly,0.3065517544746399,1,"{""type"":""Point"",""coordinates"":[75.34304517432822,49.19032282549421]}"
2_1_613,0.21164999902248383,0.2619999945163727,0.2069000005722046,0.17990000545978546,0.07365000247955322,0.09880000352859497,0.10589999705553055,0.19750000536441803,-0.32289003926679904,0.046634868574052094,Karkaraly,0.36952489614486694,1,"{""type"":""Point"",""coordinates"":[75.39155927537058,49.222109648709086]}"
2_1_617,0.1785999983549118,0.2655999958515167,0.20350000262260437,0.17990000545978546,0.05544999986886978,0.08320000022649765,0.07569999992847443,0.16940000653266907,-0.4577363951518923,-0.03006011613690758,Karkaraly,0.4276762902736664,1,"{""type"":""Point"",""coordinates"":[75.37858341266241,49.198325141736426]}"
2_1_618,0.20024999976158142,0.2556999921798706,0.22824999690055847,0.155799999833107,0.04129999876022339,0.08190000057220459,0.0726500004529953,0.20819999277591705,-0.517115313446597,0.14395602749116923,Karkaraly,0.6610713601112366,1,"{""type"":""Point"",""coordinates"":[75.3944305704942,49.20534012463343]}"
2_1_619,0.29144999384880066,0.24699999392032623,0.24214999377727509,0.12720000743865967,0.07050000131130219,0.06539999693632126,0.1501999944448471,0.33719998598098755,-0.23435708447217302,0.45219634263122166,Karkaraly,0.686553418636322,1,"{""type"":""Point"",""coordinates"":[75.4175737877362,49.20196925268655]}"
2_1_620,0.20640000700950623,0.25049999356269836,0.20624999701976776,0.17249999940395355,0.059450000524520874,0.0868000015616417,0.09364999830722809,0.16940000653266907,-0.37545848771943563,-0.009066957640998477,Karkaraly,0.36639153957366943,1,"{""type"":""Point"",""coordinates"":[75.38680968662652,49.20646464387447]}"
2_1_629,0.19769999384880066,0.26460000872612,0.21310000121593475,0.1793999969959259,0.055399999022483826,0.07890000194311142,0.0868000015616417,0.17730000615119934,-0.42114037507350277,-0.005887274533777887,Karkaraly,0.4152531027793884,1,"{""type"":""Point"",""coordinates"":[75.37577600626436,49.193607980276425]}"
2_1_632,0.23454999923706055,0.2653000056743622,0.24365000426769257,0.17520000040531158,0.04964999854564667,0.07159999758005142,0.08874999731779099,0.1914999932050705,-0.4660048321632328,0.04445048563888882,Karkaraly,0.510455310344696,1,"{""type"":""Point"",""coordinates"":[75.44072600046633,49.2112285579549]}"
2_1_642,0.23964999616146088,0.28029999136924744,0.2561500072479248,0.21299999952316284,0.07339999824762344,0.08659999817609787,0.11559999734163284,0.17419999837875366,-0.3780766864050766,-0.10020661506883012,Karkaraly,0.2778700590133667,1,"{""type"":""Point"",""coordinates"":[75.39003670027223,49.19203581023118]}"
2_1_647,0.23755000531673431,0.2727000117301941,0.25279998779296875,0.20579999685287476,0.08055000007152557,0.08619999885559082,0.11919999867677689,0.17399999499320984,-0.3591397687511943,-0.08372828473506654,Karkaraly,0.2754114866256714,1,"{""type"":""Point"",""coordinates"":[75.36386963628317,49.20231053576117]}"
2_1_651,0.24824999272823334,0.2784000039100647,0.25450000166893005,0.20260000228881836,0.07069999724626541,0.08179999887943268,0.10984999686479568,0.1843000054359436,-0.3970083858549679,-0.04729903460196685,Karkaraly,0.3497093617916107,1,"{""type"":""Point"",""coordinates"":[75.36090519679223,49.192990963558096]}"
2_1_653,0.2567000091075897,0.2402999997138977,0.24690000712871552,0.11869999766349792,0.06015000119805336,0.052299998700618744,0.1091499999165535,0.3296999931335449,-0.38688387722640366,0.4705619977712063,Karkaraly,0.8574458956718445,1,"{""type"":""Point"",""coordinates"":[75.41693568029038,49.198709379337885]}"
2_1_656,0.24459999799728394,0.2768999934196472,0.2492000013589859,0.1890999972820282,0.06469999998807907,0.09030000120401382,0.10740000009536743,0.186599999666214,-0.3976444214394363,-0.006654239116639167,Karkaraly,0.39099016785621643,1,"{""type"":""Point"",""coordinates"":[75.40470013822187,49.20718314780589]}"
2_1_670,0.21334999799728394,0.2840000092983246,0.23205000162124634,0.19820000231266022,0.06525000184774399,0.09589999914169312,0.09920000284910202,0.17820000648498535,-0.4010565946544351,-0.05313495047877897,Karkaraly,0.3479216396808624,1,"{""type"":""Point"",""coordinates"":[75.37737615264432,49.19860513405358]}"
2_1_672,0.1809999942779541,0.23549999296665192,0.19249999523162842,0.1589999943971634,0.03830000013113022,0.07410000264644623,0.07034999877214432,0.18860000371932983,-0.46471371217809826,0.08515537825821971,Karkaraly,0.5498691201210022,1,"{""type"":""Point"",""coordinates"":[75.39301857248996,49.22257816316762]}"
2_1_675,0.2644999921321869,0.30149999260902405,0.2617500126361847,0.2142000049352646,0.08789999783039093,0.09759999811649323,0.12484999746084213,0.18700000643730164,-0.3541128080699846,-0.06779660450384242,Karkaraly,0.2863162159919739,1,"{""type"":""Point"",""coordinates"":[75.3261362994212,49.185180127343536]}"
2_1_677,0.22654999792575836,0.27889999747276306,0.24214999377727509,0.18729999661445618,0.052949998527765274,0.07859999686479568,0.09364999830722809,0.18790000677108765,-0.4422275133129764,0.0015991741770186446,Karkaraly,0.44382667541503906,1,"{""type"":""Point"",""coordinates"":[75.32593165403856,49.19958669120697]}"
2_1_681,0.17329999804496765,0.26785001158714294,0.19155000150203705,0.1889999955892563,0.03545000031590462,0.08250000327825546,0.06655000150203705,0.17624999582767487,-0.4843084019569999,-0.034907597703479086,Karkaraly,0.44940081238746643,1,"{""type"":""Point"",""coordinates"":[75.41941878968166,49.211184543652976]}"
2_1_685,0.23845000565052032,0.25529998540878296,0.241799995303154,0.1687999963760376,0.06445000320672989,0.0737999975681305,0.10525000095367432,0.17270000278949738,-0.3934591437033995,0.011420223786206603,Karkaraly,0.4048793613910675,1,"{""type"":""Point"",""coordinates"":[75.43079050176704,49.20808832054862]}"
2_1_686,0.19050000607967377,0.2655999958515167,0.20514999330043793,0.193900004029274,0.06094999983906746,0.09179999679327011,0.08720000088214874,0.17399999499320984,-0.4034547452209755,-0.05409081024446532,Karkaraly,0.34936392307281494,1,"{""type"":""Point"",""coordinates"":[75.41937307153911,49.21495722597707]}"
2_1_691,0.2147500067949295,0.2847999930381775,0.23109999299049377,0.19290000200271606,0.058400001376867294,0.08919999748468399,0.09839999675750732,0.18809999525547028,-0.4027314123271273,-0.012598442996819873,Karkaraly,0.39013296365737915,1,"{""type"":""Point"",""coordinates"":[75.33726900197256,49.20155857850073]}"
2_1_694,0.21799999475479126,0.2630000114440918,0.22450000047683716,0.18469999730587006,0.06319999694824219,0.0828000009059906,0.10244999825954437,0.1648000031709671,-0.37329867774583236,-0.056938466688848575,Karkaraly,0.316360205411911,1,"{""type"":""Point"",""coordinates"":[75.34099559078372,49.205588082418394]}"
2_1_696,0.21960000693798065,0.2728999853134155,0.23070000112056732,0.1881999969482422,0.06530000269412994,0.08560000360012054,0.09515000134706497,0.1754000037908554,-0.41598894812642195,-0.03520350146140802,Karkaraly,0.38078543543815613,1,"{""type"":""Point"",""coordinates"":[75.34224422912305,49.203492887474354]}"
2_1_697,0.2463500052690506,0.30169999599456787,0.24944999814033508,0.2134000062942505,0.0723000019788742,0.09239999949932098,0.11264999955892563,0.1898999959230423,-0.3777961873808892,-0.05826930384827197,Karkaraly,0.31952688097953796,1,"{""type"":""Point"",""coordinates"":[75.32341076738716,49.192536439318175]}"
2_1_704,0.20999999344348907,0.27390000224113464,0.2195499986410141,0.2029000073671341,0.06804999709129333,0.093299999833107,0.09264999628067017,0.16259999573230743,-0.40647022557504187,-0.11025994881828288,Karkaraly,0.29621028900146484,1,"{""type"":""Point"",""coordinates"":[75.4314981322274,49.21120579773368]}"
2_1_707,0.2062000036239624,0.26330000162124634,0.2214999943971634,0.1889999955892563,0.059950001537799835,0.08129999786615372,0.09430000185966492,0.17239999771118164,-0.40278655492462856,-0.04593247976148906,Karkaraly,0.35685408115386963,1,"{""type"":""Point"",""coordinates"":[75.34325875818091,49.201370592395186]}"
2_1_711,0.2537499964237213,0.2976999878883362,0.26159998774528503,0.2168000042438507,0.07769999653100967,0.09719999879598618,0.11829999834299088,0.18219999969005585,-0.377204513424215,-0.08671680253799263,Karkaraly,0.29048770666122437,1,"{""type"":""Point"",""coordinates"":[75.32601753552972,49.1897513668264]}"
2_1_712,0.2069000005722046,0.26660001277923584,0.21580000221729279,0.18129999935626984,0.053950000554323196,0.0869000032544136,0.08974999934434891,0.19830000400543213,-0.412534780653616,0.04478399499107442,Karkaraly,0.4573187828063965,1,"{""type"":""Point"",""coordinates"":[75.41160773046856,49.211481187667076]}"
2_1_724,0.2126999944448471,0.27459999918937683,0.2264000028371811,0.19979999959468842,0.058800000697374344,0.08569999784231186,0.094200000166893,0.1671999990940094,-0.4123518447646681,-0.08882833955629377,Karkaraly,0.32352349162101746,1,"{""type"":""Point"",""coordinates"":[75.39137049697024,49.199128739569666]}"
2_1_727,0.21044999361038208,0.2671000063419342,0.22724999487400055,0.1876000016927719,0.06804999709129333,0.09099999815225601,0.09764999896287918,0.16820000112056732,-0.3988919617406602,-0.05452501522992475,Karkaraly,0.3443669378757477,1,"{""type"":""Point"",""coordinates"":[75.39278258076986,49.20905141002496]}"
2_1_744,0.2632499933242798,0.29045000672340393,0.2691499888896942,0.2134000062942505,0.07699999958276749,0.09115000069141388,0.11840000003576279,0.1847500056028366,-0.38898204918521445,-0.07195780443382045,Karkaraly,0.31702423095703125,1,"{""type"":""Point"",""coordinates"":[75.3616350620829,49.19081142828125]}"
2_1_745,0.21780000627040863,0.26649999618530273,0.2253500074148178,0.17980000376701355,0.08914999663829803,0.09650000184774399,0.10795000195503235,0.2084999978542328,-0.3522352300011825,0.07391190823432868,Karkaraly,0.42614713311195374,1,"{""type"":""Point"",""coordinates"":[75.37558914460419,49.20192467856505]}"
2_1_755,0.2073500007390976,0.260699987411499,0.20749999582767487,0.188400000333786,0.0669500008225441,0.09210000187158585,0.1018500030040741,0.18700000643730164,-0.34152252536798067,-0.0037293390283236376,Karkaraly,0.3377932012081146,1,"{""type"":""Point"",""coordinates"":[75.41788553257645,49.21509196335457]}"
2_1_762,0.21144999563694,0.2603999972343445,0.23090000450611115,0.17810000479221344,0.058800000697374344,0.08100000023841858,0.09324999898672104,0.1850000023841858,-0.4246490946665497,0.01900302246102747,Karkaraly,0.44365212321281433,1,"{""type"":""Point"",""coordinates"":[75.40647856369561,49.21360256933416]}"
2_1_765,0.2423499971628189,0.27230000495910645,0.23569999635219574,0.18299999833106995,0.06785000115633011,0.08829999715089798,0.11784999817609787,0.18479999899864197,-0.3333333333333333,0.004893965961501687,Karkaraly,0.3382273018360138,1,"{""type"":""Point"",""coordinates"":[75.37128733104416,49.2187203850264]}"
2_1_767,0.21154999732971191,0.27300000190734863,0.23045000433921814,0.18619999289512634,0.056699998676776886,0.08179999887943268,0.09245000034570694,0.1754000037908554,-0.42737690303896697,-0.0298672267789034,Karkaraly,0.3975096642971039,1,"{""type"":""Point"",""coordinates"":[75.34595900730345,49.20834142111414]}"
2_1_768,0.15344999730587006,0.25519999861717224,0.180649995803833,0.17880000174045563,0.032099999487400055,0.08309999853372574,0.055399999022483826,0.16850000619888306,-0.5306079200446788,-0.029657343236720063,Karkaraly,0.5009505748748779,1,"{""type"":""Point"",""coordinates"":[75.42993335650422,49.212573356799076]}"
2_1_771,0.2517000138759613,0.30059999227523804,0.24539999663829803,0.21299999952316284,0.07235000282526016,0.09189999848604202,0.11469999700784683,0.19050000607967377,-0.3629547401738768,-0.0557620647609996,Karkaraly,0.30719268321990967,1,"{""type"":""Point"",""coordinates"":[75.33283371358286,49.18890862899993]}"
2_1_774,0.2037999927997589,0.27230000495910645,0.22210000455379486,0.18379999697208405,0.06040000170469284,0.08550000190734863,0.09189999848604202,0.17309999465942383,-0.4146496968384885,-0.029980393845757656,Karkaraly,0.38466930389404297,1,"{""type"":""Point"",""coordinates"":[75.36375885085026,49.20662457056126]}"
2_1_775,0.22589999437332153,0.27559998631477356,0.2402999997138977,0.17440000176429749,0.06644999980926514,0.0860000029206276,0.0957999974489212,0.19769999384880066,-0.4299315783539728,0.06261755538618717,Karkaraly,0.4925491213798523,1,"{""type"":""Point"",""coordinates"":[75.3854008792075,49.20688550487274]}"
2_1_778,0.3499000072479248,0.24060000479221344,0.24934999644756317,0.13930000364780426,0.12800000607967377,0.06729999929666519,0.21469999849796295,0.2264000028371811,-0.07466867433899597,0.23817335970693487,Karkaraly,0.3128420412540436,1,"{""type"":""Point"",""coordinates"":[75.33522266215982,49.23523991450853]}"
2_1_790,0.1991499960422516,0.2621999979019165,0.2097499966621399,0.19419999420642853,0.06780000030994415,0.09130000323057175,0.0925000011920929,0.1623000055551529,-0.3879238918194917,-0.0894810341447674,Karkaraly,0.29844287037849426,1,"{""type"":""Point"",""coordinates"":[75.38817305918379,49.20434329206596]}"
2_1_792,0.2535000145435333,0.28540000319480896,0.2581999897956848,0.20489999651908875,0.07339999824762344,0.08959999680519104,0.11514999717473984,0.1843000054359436,-0.3831525314403636,-0.052929062126585595,Karkaraly,0.3302234709262848,1,"{""type"":""Point"",""coordinates"":[75.34375899698102,49.18996349262628]}"
2_1_795,0.19059999287128448,0.22585000097751617,0.19805000722408295,0.1181500032544136,0.04295000061392784,0.05130000039935112,0.08174999803304672,0.3264000117778778,-0.41565406363791607,0.46845124616256567,Karkaraly,0.8841053247451782,1,"{""type"":""Point"",""coordinates"":[75.42259063793598,49.18927181551296]}"
2_1_804,0.25565001368522644,0.2987000048160553,0.25714999437332153,0.21080000698566437,0.0799499973654747,0.0966000035405159,0.12770000100135803,0.19200000166893005,-0.33636480428156035,-0.04667329918767587,Karkaraly,0.2896915078163147,1,"{""type"":""Point"",""coordinates"":[75.33095247457887,49.1904041219609]}"
2_1_807,0.21619999408721924,0.24619999527931213,0.2292499989271164,0.1639000028371811,0.04704999923706055,0.07670000195503235,0.08569999784231186,0.16019999980926514,-0.45578664091841875,-0.011416238808094701,Karkaraly,0.4443703889846802,1,"{""type"":""Point"",""coordinates"":[75.40287329040814,49.19059222593986]}"
2_1_808,0.23454999923706055,0.2921000123023987,0.24414999783039093,0.20810000598430634,0.06880000233650208,0.09099999815225601,0.10585000365972519,0.1826999932527542,-0.3951428388053058,-0.06499491499779762,Karkaraly,0.330147922039032,1,"{""type"":""Point"",""coordinates"":[75.33755492779524,49.19090788627326]}"
2_1_809,0.2131499946117401,0.2976999878883362,0.23325000703334808,0.2167000025510788,0.06145000085234642,0.08950000256299973,0.09175000339746475,0.17509999871253967,-0.43538461259836286,-0.106176630179613,Karkaraly,0.32920798659324646,1,"{""type"":""Point"",""coordinates"":[75.39486269163532,49.18822268282029]}"
2_1_814,0.19625000655651093,0.2669999897480011,0.218299999833107,0.1842000037431717,0.05550000071525574,0.08129999786615372,0.08105000108480453,0.17810000479221344,-0.45849339678452006,-0.016836872225363134,Karkaraly,0.44165652990341187,1,"{""type"":""Point"",""coordinates"":[75.35663837676415,49.19981918192783]}"
2_1_816,0.219650000333786,0.26759999990463257,0.22759999334812164,0.19130000472068787,0.060600001364946365,0.0851999968290329,0.09889999777078629,0.16590000689029694,-0.3941807016174287,-0.07110861423502209,Karkaraly,0.32307207584381104,1,"{""type"":""Point"",""coordinates"":[75.35823846952822,49.20886879509283]}"
2_1_829,0.19664999842643738,0.27900001406669617,0.22785000503063202,0.1932000070810318,0.05014999955892563,0.08720000088214874,0.07810000330209732,0.1736000031232834,-0.4894590542572475,-0.05343512380719621,Karkaraly,0.43602392077445984,1,"{""type"":""Point"",""coordinates"":[75.38282713606613,49.19287249461897]}"
2_1_834,0.2373500019311905,0.2818000018596649,0.241349995136261,0.20080000162124634,0.0714000016450882,0.08760000020265579,0.11249999701976776,0.1745000034570694,-0.36413734908231205,-0.07007726567626554,Karkaraly,0.294060081243515,1,"{""type"":""Point"",""coordinates"":[75.33398702716401,49.19473484443635]}"
2_1_849,0.2089499980211258,0.27059999108314514,0.23180000483989716,0.17960000038146973,0.04969999939203262,0.08070000261068344,0.08150000125169754,0.2110999971628189,-0.4797318884962253,0.08062451236073641,Karkaraly,0.5603563785552979,1,"{""type"":""Point"",""coordinates"":[75.38109944680967,49.20617093818659]}"
2_1_851,0.20035000145435333,0.25060001015663147,0.2102999985218048,0.17229999601840973,0.0502999983727932,0.0771000012755394,0.08720000088214874,0.16339999437332153,-0.4137815055001313,-0.026511772117427546,Karkaraly,0.3872697353363037,1,"{""type"":""Point"",""coordinates"":[75.36903498594737,49.20809722357823]}"
2_1_852,0.21664999425411224,0.2814500033855438,0.22785000503063202,0.20489999651908875,0.06350000202655792,0.090549997985363,0.09830000251531601,0.1753000020980835,-0.39720987128005814,-0.07785374678764748,Karkaraly,0.31935611367225647,1,"{""type"":""Point"",""coordinates"":[75.42538511698916,49.209388408970234]}"
2_1_854,0.22585000097751617,0.2553499937057495,0.24320000410079956,0.17319999635219574,0.06674999743700027,0.0718500018119812,0.09655000269412994,0.17790000140666962,-0.43164090794319376,0.013386514054328844,Karkaraly,0.4450274109840393,1,"{""type"":""Point"",""coordinates"":[75.39768250731913,49.199658754494536]}"
2_1_855,0.194350004196167,0.2718000113964081,0.212349995970726,0.19480000436306,0.06379999965429306,0.09319999814033508,0.0957999974489212,0.16259999573230743,-0.3782248937551778,-0.09009515562999558,Karkaraly,0.2881297469139099,1,"{""type"":""Point"",""coordinates"":[75.3722611781118,49.195707565406316]}"
2_1_856,0.19529999792575836,0.25589999556541443,0.2097499966621399,0.18440000712871552,0.05624999850988388,0.0820000022649765,0.08810000121593475,0.16050000488758087,-0.4084270482217789,-0.06929545203960555,Karkaraly,0.33913159370422363,1,"{""type"":""Point"",""coordinates"":[75.34649897052948,49.19723948775379]}"
2_1_859,0.22550000250339508,0.21424999833106995,0.22669999301433563,0.11214999854564667,0.06705000251531601,0.05754999816417694,0.1034500002861023,0.3110499978065491,-0.3733151453257045,0.4699905505088278,Karkaraly,0.8433057069778442,1,"{""type"":""Point"",""coordinates"":[75.41834533089732,49.191416793239334]}"
2_1_866,0.21565000712871552,0.2768000066280365,0.23090000450611115,0.19259999692440033,0.058150000870227814,0.0843999981880188,0.09835000336170197,0.17710000276565552,-0.4025816187607357,-0.04192587008855691,Karkaraly,0.3606557548046112,1,"{""type"":""Point"",""coordinates"":[75.34476025483363,49.202796296608696]}"
2_1_869,0.23544999957084656,0.2840999960899353,0.24060000479221344,0.19990000128746033,0.08145000040531158,0.09120000153779984,0.12049999833106995,0.18629999458789825,-0.3325948640884948,-0.03521493227553351,Karkaraly,0.2973799407482147,1,"{""type"":""Point"",""coordinates"":[75.39094524714392,49.18752122560917]}"
2_1_870,0.2358500063419342,0.2997500002384186,0.2506999969482422,0.22014999389648438,0.0824500024318695,0.09995000064373016,0.1120000034570694,0.1821500062942505,-0.38240968661752883,-0.0944568421183636,Karkaraly,0.28795284032821655,1,"{""type"":""Point"",""coordinates"":[75.39787862125849,49.18524447731848]}"
2_1_875,0.2610499858856201,0.2888000011444092,0.25665000081062317,0.1673000007867813,0.0640999972820282,0.08299999684095383,0.10625000298023224,0.24609999358654022,-0.4144392291521404,0.19061440220678486,Karkaraly,0.6050536036491394,1,"{""type"":""Point"",""coordinates"":[75.41452642593147,49.199264126315086]}"
2_1_877,0.20919999480247498,0.26980000734329224,0.22460000216960907,0.18150000274181366,0.06030000001192093,0.07970000058412552,0.09390000253915787,0.16740000247955322,-0.4103610602767868,-0.04041272585626474,Karkaraly,0.3699483275413513,1,"{""type"":""Point"",""coordinates"":[75.39451223545862,49.208738294891226]}"
2_1_889,0.2289000004529953,0.28380000591278076,0.25220000743865967,0.2073500007390976,0.0625,0.0851999968290329,0.09939999878406525,0.18105000257492065,-0.43458477232734055,-0.06771369191496532,Karkaraly,0.36687108874320984,1,"{""type"":""Point"",""coordinates"":[75.39787276484483,49.201469381371766]}"
2_1_892,0.20395000278949738,0.26829999685287476,0.22955000400543213,0.17980000376701355,0.04735000059008598,0.07370000332593918,0.08824999630451202,0.21610000729560852,-0.44461928119292937,0.09168982701254122,Karkaraly,0.5363091230392456,1,"{""type"":""Point"",""coordinates"":[75.40546334358777,49.20079154694236]}"
2_1_895,0.25060001015663147,0.27559998631477356,0.24889999628067017,0.15860000252723694,0.05914999917149544,0.07000000029802322,0.10125000029802322,0.24690000712871552,-0.4216764170365022,0.21775586312907105,Karkaraly,0.6394322514533997,1,"{""type"":""Point"",""coordinates"":[75.41203635072766,49.19821143233126]}"
2_1_898,0.21295000612735748,0.2782999873161316,0.22595000267028809,0.20059999823570251,0.05869999900460243,0.08799999952316284,0.09875000268220901,0.16930000483989716,-0.39174622079229615,-0.08461744562194098,Karkaraly,0.30712878704071045,1,"{""type"":""Point"",""coordinates"":[75.43668978754724,49.20937642248124]}"
2_1_899,0.16750000417232513,0.260699987411499,0.19509999454021454,0.17180000245571136,0.033900000154972076,0.07919999957084656,0.05925000086426735,0.18719999492168427,-0.5341065308843854,0.04289691526037476,Karkaraly,0.5770034193992615,1,"{""type"":""Point"",""coordinates"":[75.33913287530282,49.193445774846275]}"
2_1_900,0.2248000055551529,0.265500009059906,0.2370000034570694,0.1868000030517578,0.07604999840259552,0.08070000261068344,0.11434999853372574,0.1696999967098236,-0.3490821238889787,-0.04796635723245519,Karkaraly,0.3011157810688019,1,"{""type"":""Point"",""coordinates"":[75.37030972857653,49.2114923727885]}"
2_1_904,0.22349999845027924,0.2757999897003174,0.23645000159740448,0.18850000202655792,0.06040000170469284,0.08479999750852585,0.09754999727010727,0.1784999966621399,-0.41586827783911123,-0.027247971117570446,Karkaraly,0.3886203169822693,1,"{""type"":""Point"",""coordinates"":[75.32152342878561,49.19482034887293]}"
2_1_909,0.2236499935388565,0.27000001072883606,0.2479500025510788,0.20010000467300415,0.0726500004529953,0.08579999953508377,0.10774999856948853,0.1704999953508377,-0.39415238554938425,-0.07987050545132807,Karkaraly,0.3142818808555603,1,"{""type"":""Point"",""coordinates"":[75.38931664818183,49.19088288082349]}"
2_1_911,0.21449999511241913,0.26899999380111694,0.22754999995231628,0.18930000066757202,0.06655000150203705,0.08579999953508377,0.10890000313520432,0.17260000109672546,-0.35265268458400817,-0.04614534260688711,Karkaraly,0.3065073490142822,1,"{""type"":""Point"",""coordinates"":[75.37403026366349,49.20519677339431]}"
2_1_916,0.24034999310970306,0.2612000107765198,0.2480500042438507,0.18549999594688416,0.05950000137090683,0.07429999858140945,0.09674999862909317,0.2079000025987625,-0.4388051170362386,0.05693951889854737,Karkaraly,0.49574464559555054,1,"{""type"":""Point"",""coordinates"":[75.43915912719504,49.210811539595994]}"
2_1_930,0.2061000019311905,0.262800008058548,0.20819999277591705,0.17880000174045563,0.06665000319480896,0.08820000290870667,0.09754999727010727,0.19519999623298645,-0.3618969717354814,0.043850252891432885,Karkaraly,0.4057472348213196,1,"{""type"":""Point"",""coordinates"":[75.41043432052,49.21158373011828]}"
2_1_932,0.24034999310970306,0.27379998564720154,0.23684999346733093,0.1899999976158142,0.07524999976158142,0.08649999648332596,0.11755000054836273,0.17839999496936798,-0.33662526787087166,-0.031487521389577805,Karkaraly,0.3051377534866333,1,"{""type"":""Point"",""coordinates"":[75.35954686884143,49.2145959297354]}"
2_1_934,0.210099995136261,0.2833999991416931,0.22384999692440033,0.19840000569820404,0.058649998158216476,0.09529999643564224,0.08874999731779099,0.17180000245571136,-0.43218170855735427,-0.07185305958025097,Karkaraly,0.36032864451408386,1,"{""type"":""Point"",""coordinates"":[75.4382957299199,49.206441242870014]}"
2_1_942,0.2101999968290329,0.28360000252723694,0.21870000660419464,0.19949999451637268,0.05954999849200249,0.0917000025510788,0.0921500027179718,0.1736000031232834,-0.4071095386555572,-0.06941836386207588,Karkaraly,0.33769118785858154,1,"{""type"":""Point"",""coordinates"":[75.36622846204546,49.195587681571205]}"
2_1_943,0.2341500073671341,0.2896000146865845,0.23774999380111694,0.2037000060081482,0.06324999779462814,0.08990000188350677,0.0997999981045723,0.1875,-0.4086801925774822,-0.041411057667035844,Karkaraly,0.3672691285610199,1,"{""type"":""Point"",""coordinates"":[75.3205363738113,49.19427499460281]}"
2_1_947,0.25804999470710754,0.29829999804496765,0.26635000109672546,0.2013999968767166,0.06319999694824219,0.07989999651908875,0.11339999735355377,0.21770000457763672,-0.4027649884591046,0.03889288390445266,Karkaraly,0.4416578710079193,1,"{""type"":""Point"",""coordinates"":[75.41616117626737,49.19699580312804]}"
2_1_952,0.22875000536441803,0.28760001063346863,0.24095000326633453,0.1979999989271164,0.07864999771118164,0.09669999778270721,0.11334999650716782,0.19009999930858612,-0.36014678758323204,-0.020355577568780127,Karkaraly,0.3397912085056305,1,"{""type"":""Point"",""coordinates"":[75.3644274955953,49.211625334346955]}"
2_1_955,0.2001499980688095,0.26269999146461487,0.21789999306201935,0.1695999950170517,0.042500000447034836,0.07240000367164612,0.07365000247955322,0.17970000207424164,-0.49476931157043114,0.028914993247338032,Karkaraly,0.5236843228340149,1,"{""type"":""Point"",""coordinates"":[75.36102150728235,49.19563497825611]}"
2_1_958,0.16949999332427979,0.2605000138282776,0.19200000166893005,0.18140000104904175,0.04774999991059303,0.08749999850988388,0.07315000146627426,0.1720999926328659,-0.44823684253193175,-0.026308369398570154,Karkaraly,0.4219284653663635,1,"{""type"":""Point"",""coordinates"":[75.43573866176538,49.21520027955182]}"
2_1_960,0.23285000026226044,0.29319998621940613,0.2459000051021576,0.20479999482631683,0.06385000050067902,0.08799999952316284,0.10260000079870224,0.19480000436306,-0.4111908231766885,-0.02502500121006677,Karkaraly,0.3861658275127411,1,"{""type"":""Point"",""coordinates"":[75.35284029823052,49.193940825385944]}"
2_1_969,0.22065000236034393,0.2705000042915344,0.23499999940395355,0.18729999661445618,0.06129999831318855,0.07940000295639038,0.09745000302791595,0.18440000712871552,-0.4137464141069644,-0.00780196248731928,Karkaraly,0.40594443678855896,1,"{""type"":""Point"",""coordinates"":[75.3634873136747,49.20094624538083]}"
2_1_975,0.3441999852657318,0.26269999146461487,0.24605000019073486,0.1551000028848648,0.13349999487400055,0.08219999819993973,0.22374999523162842,0.2847000062465668,-0.04746701825541339,0.29467940125251746,Karkaraly,0.3421464264392853,1,"{""type"":""Point"",""coordinates"":[75.42948636126181,49.19296073958577]}"
2_1_985,0.179299995303154,0.26330000162124634,0.1993499994277954,0.17900000512599945,0.04464999958872795,0.08169999718666077,0.06615000218153,0.17329999804496765,-0.5016949018413374,-0.01617941251696683,Karkaraly,0.4855154752731323,1,"{""type"":""Point"",""coordinates"":[75.41473827398092,49.21166408726373]}"
2_1_988,0.18035000562667847,0.2754000127315521,0.21105000376701355,0.17100000381469727,0.03849999979138374,0.08380000293254852,0.06499999761581421,0.18629999458789825,-0.5290708401361547,0.04282113305794475,Karkaraly,0.5718919634819031,1,"{""type"":""Point"",""coordinates"":[75.39374549613866,49.21182145092829]}"
2_1_992,0.16384999454021454,0.23389999568462372,0.16210000216960907,0.11585000157356262,0.026350000873208046,0.04904999956488609,0.05530000105500221,0.3704499900341034,-0.4912603474263257,0.523545122052861,Karkaraly,1.0148054361343384,1,"{""type"":""Point"",""coordinates"":[75.42996702139764,49.19855091300303]}"
2_1_999,0.2106499969959259,0.275299996137619,0.23389999568462372,0.20059999823570251,0.05620000138878822,0.08780000358819962,0.09144999831914902,0.17069999873638153,-0.4378361763972335,-0.08052787434191387,Karkaraly,0.3573082983493805,1,"{""type"":""Point"",""coordinates"":[75.39198786225317,49.19909682819083]}"
2_1_1004,0.16859999299049377,0.26919999718666077,0.19609999656677246,0.14329999685287476,0.03435000032186508,0.07970000058412552,0.06364999711513519,0.33799999952316284,-0.5099133885402007,0.40452940813689475,Karkaraly,0.914442777633667,1,"{""type"":""Point"",""coordinates"":[75.37500892452073,49.216005063948124]}"
2_1_1005,0.25949999690055847,0.2703000009059906,0.24574999511241913,0.17440000176429749,0.06835000216960907,0.0738999992609024,0.12325000017881393,0.23000000417232513,-0.331978310289468,0.1374876399401964,Karkaraly,0.4694659411907196,1,"{""type"":""Point"",""coordinates"":[75.34084767253573,49.18657722740309]}"
2_1_1007,0.22419999539852142,0.27630001306533813,0.22709999978542328,0.1858000010251999,0.06199999898672104,0.08749999850988388,0.09950000047683716,0.18379999697208405,-0.3906919755239531,-0.005411266406799445,Karkaraly,0.38528069853782654,1,"{""type"":""Point"",""coordinates"":[75.3686782443551,49.21306287072287]}"
2_1_1013,0.19050000607967377,0.27149999141693115,0.21070000529289246,0.18709999322891235,0.05180000141263008,0.08879999816417694,0.08449999988079071,0.17270000278949738,-0.4275067859089332,-0.04002220844571155,Karkaraly,0.3874845802783966,1,"{""type"":""Point"",""coordinates"":[75.37853939386993,49.19890899825161]}"
2_1_1016,0.24740000069141388,0.2215999960899353,0.15094999969005585,0.11739999800920486,0.07145000249147415,0.05000000074505806,0.19724999368190765,0.2870999872684479,0.13296954300166225,0.4195302730178328,Karkaraly,0.2865607440471649,1,"{""type"":""Point"",""coordinates"":[75.4034755512067,49.2170822691591]}"
2_1_1022,0.2543500065803528,0.28870001435279846,0.26570001244544983,0.20649999380111694,0.09380000084638596,0.09610000252723694,0.12839999794960022,0.18469999730587006,-0.3483887614167242,-0.055725963677961676,Karkaraly,0.2926627993583679,1,"{""type"":""Point"",""coordinates"":[75.34962850484487,49.194868774581096]}"
2_1_1029,0.22030000388622284,0.2840000092983246,0.23420000076293945,0.19939999282360077,0.06920000165700912,0.08940000087022781,0.1006999984383583,0.17560000717639923,-0.39862646355020903,-0.06346662839253743,Karkaraly,0.3351598381996155,1,"{""type"":""Point"",""coordinates"":[75.34193503741665,49.19288953912495]}"
2_1_1031,0.2616499960422516,0.2948000133037567,0.26260000467300415,0.20440000295639038,0.08275000005960464,0.09099999815225601,0.12929999828338623,0.20440000295639038,-0.3401378039909104,0.0,Karkaraly,0.3401378095149994,1,"{""type"":""Point"",""coordinates"":[75.36570498089328,49.21474524357942]}"
2_1_1032,0.2519499957561493,0.2759999930858612,0.2480500042438507,0.20399999618530273,0.06790000200271606,0.08449999988079071,0.11214999854564667,0.18539999425411224,-0.3772904071231356,-0.04776579966065608,Karkaraly,0.32952460646629333,1,"{""type"":""Point"",""coordinates"":[75.43554911988377,49.219941401703274]}"
2_1_1033,0.19394999742507935,0.2671000063419342,0.21854999661445618,0.18410000205039978,0.06154999881982803,0.08669999986886978,0.08844999969005585,0.17489999532699585,-0.4237784967116243,-0.02562675986243115,Karkaraly,0.3981517255306244,1,"{""type"":""Point"",""coordinates"":[75.39640382223106,49.205870520312146]}"
2_1_1035,0.195700004696846,0.27469998598098755,0.21815000474452972,0.18060000240802765,0.04410000145435333,0.08900000154972076,0.07225000113248825,0.1899999976158142,-0.5024104705901037,0.025364261217436127,Karkaraly,0.5277747511863708,1,"{""type"":""Point"",""coordinates"":[75.4355419926136,49.20859477959522]}"
2_1_1042,0.21870000660419464,0.25699999928474426,0.21150000393390656,0.188400000333786,0.0640999972820282,0.08659999817609787,0.11365000158548355,0.18060000240802765,-0.3009380307163728,-0.021138205603797672,Karkaraly,0.27979981899261475,1,"{""type"":""Point"",""coordinates"":[75.4019474528194,49.213001074307876]}"
2_1_1044,0.20239999890327454,0.2770000100135803,0.22920000553131104,0.18230000138282776,0.05685000121593475,0.08990000188350677,0.08550000190734863,0.19509999454021454,-0.4566253582055347,0.033916251445845,Karkaraly,0.49054160714149475,1,"{""type"":""Point"",""coordinates"":[75.37692197748005,49.20196387001223]}"
2_1_1045,0.2617500126361847,0.2809000015258789,0.25690001249313354,0.2037000060081482,0.06710000336170197,0.0868000015616417,0.11225000023841858,0.19179999828338623,-0.3918461526910612,-0.030088514780369318,Karkaraly,0.36175763607025146,1,"{""type"":""Point"",""coordinates"":[75.4435336502166,49.208464768881214]}"
2_1_1050,0.2393999993801117,0.28519999980926514,0.2386000007390976,0.20100000500679016,0.07254999876022339,0.09269999712705612,0.11840000003576279,0.18359999358654022,-0.33669467911048584,-0.04524183953169594,Karkaraly,0.2914528250694275,1,"{""type"":""Point"",""coordinates"":[75.35282393505757,49.21325916795527]}"
2_1_1051,0.1676499992609024,0.2531000077724457,0.18610000610351562,0.17430000007152557,0.03869999945163727,0.07840000092983246,0.0681999996304512,0.16140000522136688,-0.46362565400963546,-0.03842715116701791,Karkaraly,0.425198495388031,1,"{""type"":""Point"",""coordinates"":[75.34312216871571,49.19729432948632]}"
2_1_1053,0.2612000107765198,0.2596000134944916,0.2615000009536743,0.19050000607967377,0.06790000200271606,0.07959999889135361,0.11455000191926956,0.18250000476837158,-0.39077249810327697,-0.021447724071410997,Karkaraly,0.36932477355003357,1,"{""type"":""Point"",""coordinates"":[75.43531843240869,49.21116827740623]}"
2_1_1054,0.20964999496936798,0.2786000072956085,0.2244500070810318,0.19169999659061432,0.05959999933838844,0.09220000356435776,0.08259999752044678,0.19050000607967377,-0.46197690094384697,-0.0031396925760247725,Karkaraly,0.45883721113204956,1,"{""type"":""Point"",""coordinates"":[75.41463107409967,49.20668368622731]}"
2_1_1061,0.23704999685287476,0.2718999981880188,0.2488500028848648,0.2013999968767166,0.06710000336170197,0.0828000009059906,0.10535000264644623,0.16419999301433563,-0.40513833426728524,-0.10175056042388425,Karkaraly,0.30338776111602783,1,"{""type"":""Point"",""coordinates"":[75.3961507903819,49.200553445599]}"
2_1_1066,0.20440000295639038,0.27410000562667847,0.22259999811649323,0.193900004029274,0.05575000122189522,0.09149999916553497,0.0913499966263771,0.16670000553131104,-0.4180602124157123,-0.0754298329917072,Karkaraly,0.34263038635253906,1,"{""type"":""Point"",""coordinates"":[75.41065221703735,49.20433443364274]}"
2_1_1069,0.2328999936580658,0.27730000019073486,0.2455500066280365,0.20600000023841858,0.07240000367164612,0.09449999779462814,0.10715000331401825,0.17739999294281006,-0.3924014726757622,-0.07459574283844506,Karkaraly,0.3178057372570038,1,"{""type"":""Point"",""coordinates"":[75.38532213659148,49.210915989748614]}"
2_1_1070,0.20424999296665192,0.267300009727478,0.22075000405311584,0.17440000176429749,0.04324999824166298,0.07450000196695328,0.07509999722242355,0.18889999389648438,-0.49231031334369135,0.039911897344820584,Karkaraly,0.5322222113609314,1,"{""type"":""Point"",""coordinates"":[75.43867583442785,49.20530140819539]}"
2_1_1072,0.20659999549388885,0.24789999425411224,0.20424999296665192,0.18459999561309814,0.06520000100135803,0.08810000121593475,0.10194999724626541,0.18019999563694,-0.33409535921033773,-0.01206140373271646,Karkaraly,0.32203394174575806,1,"{""type"":""Point"",""coordinates"":[75.40237703422693,49.2138491074291]}"
2_1_1073,0.18469999730587006,0.27434998750686646,0.20270000398159027,0.19439999759197235,0.05719999969005585,0.0843999981880188,0.07824999839067459,0.17730000615119934,-0.44296139718844607,-0.046004819124479616,Karkaraly,0.39695659279823303,1,"{""type"":""Point"",""coordinates"":[75.41987350624406,49.21113143333555]}"
2_1_1074,0.22714999318122864,0.28690001368522644,0.23649999499320984,0.20100000500679016,0.061000000685453415,0.08320000022649765,0.09709999710321426,0.17960000038146973,-0.41786571100907954,-0.05622702134092126,Karkaraly,0.3616386950016022,1,"{""type"":""Point"",""coordinates"":[75.31907403925713,49.18863504583414]}"
2_1_1076,0.23964999616146088,0.2721000015735626,0.25060001015663147,0.17409999668598175,0.05974999815225601,0.09009999781847,0.10159999877214432,0.21570000052452087,-0.4230551039384525,0.10672140619866138,Karkaraly,0.5297765135765076,1,"{""type"":""Point"",""coordinates"":[75.37803722595713,49.2174763291003]}"
2_1_1079,0.23364999890327454,0.27129998803138733,0.24594999849796295,0.1639000028371811,0.05874999985098839,0.07970000058412552,0.09594999998807907,0.20250000059604645,-0.4387247709098998,0.10534933787439167,Karkaraly,0.5440741181373596,1,"{""type"":""Point"",""coordinates"":[75.38808555120842,49.20798257425646]}"
2_1_1081,0.21400000154972076,0.26989999413490295,0.2292499989271164,0.18469999730587006,0.06520000100135803,0.08309999853372574,0.09775000065565109,0.17960000038146973,-0.4021406680099433,-0.01399944264830163,Karkaraly,0.3881412148475647,1,"{""type"":""Point"",""coordinates"":[75.34744029329549,49.19970380414922]}"
2_1_1082,0.20915000140666962,0.2655999958515167,0.2152000069618225,0.19269999861717224,0.07374999672174454,0.0934000015258789,0.1043500006198883,0.1712999939918518,-0.34689408140160727,-0.05879122269188172,Karkaraly,0.2881028652191162,1,"{""type"":""Point"",""coordinates"":[75.39944889394525,49.208248587055685]}"
2_1_1087,0.21170000731945038,0.26820001006126404,0.22859999537467957,0.1858000010251999,0.06689999997615814,0.0869000032544136,0.09989999979734421,0.1777999997138977,-0.39178081421261435,-0.0220022037817393,Karkaraly,0.3697786033153534,1,"{""type"":""Point"",""coordinates"":[75.37621143122507,49.21348905802458]}"
2_1_1091,0.2529500126838684,0.26809999346733093,0.2570500075817108,0.1867000013589859,0.06984999775886536,0.08380000293254852,0.11375000327825546,0.17419999837875366,-0.38646170471007085,-0.03463564142232141,Karkaraly,0.3518260717391968,1,"{""type"":""Point"",""coordinates"":[75.42798451232557,49.21092375881908]}"
2_1_1096,0.23340000212192535,0.28870001435279846,0.24300000071525574,0.21070000529289246,0.06835000216960907,0.09149999916553497,0.1043500006198883,0.1704999953508377,-0.3991651059807817,-0.1054564792082089,Karkaraly,0.2937086224555969,1,"{""type"":""Point"",""coordinates"":[75.39661906800983,49.18531112091774]}"
2_1_1100,0.24664999544620514,0.28529998660087585,0.26100000739097595,0.21070000529289246,0.07095000147819519,0.08569999784231186,0.11755000054836273,0.1761000007390976,-0.3789459882024374,-0.08945192351143161,Karkaraly,0.2894940674304962,1,"{""type"":""Point"",""coordinates"":[75.39671606929272,49.20089839461807]}"
2_1_1107,0.20514999330043793,0.2597000002861023,0.2284500002861023,0.15119999647140503,0.032349999994039536,0.07850000262260437,0.06655000150203705,0.23589999973773956,-0.5488135518735937,0.21880652052647484,Karkaraly,0.7676200866699219,1,"{""type"":""Point"",""coordinates"":[75.38051319377438,49.22289946201487]}"
2_1_1108,0.21789999306201935,0.2361000031232834,0.19415000081062317,0.14419999718666077,0.05355000123381615,0.07580000162124634,0.12680000066757202,0.2937999963760376,-0.2098457698484441,0.3415525145845968,Karkaraly,0.5513982772827148,1,"{""type"":""Point"",""coordinates"":[75.3794346412393,49.22042033047925]}"
2_1_1110,0.19689999520778656,0.28769999742507935,0.22224999964237213,0.19930000603199005,0.05609999969601631,0.0892999991774559,0.08479999750852585,0.1745000034570694,-0.44764697413853827,-0.06634564458363533,Karkaraly,0.3813013434410095,1,"{""type"":""Point"",""coordinates"":[75.39295342545398,49.18869686402799]}"
2_1_1111,0.19930000603199005,0.2508000135421753,0.193900004029274,0.18119999766349792,0.06909999996423721,0.08659999817609787,0.10684999823570251,0.17589999735355377,-0.28944307610304143,-0.014841782088770612,Karkaraly,0.2746012806892395,1,"{""type"":""Point"",""coordinates"":[75.39087770765676,49.213141163165396]}"
2_1_1113,0.22949999570846558,0.27469998598098755,0.23499999940395355,0.19699999690055847,0.07055000215768814,0.0885000005364418,0.10779999941587448,0.17720000445842743,-0.3710618448833018,-0.0529128604228306,Karkaraly,0.31814897060394287,1,"{""type"":""Point"",""coordinates"":[75.34073906136058,49.20270265656634]}"
2_1_1116,0.20250000059604645,0.26649999618530273,0.22245000302791595,0.17010000348091125,0.05620000138878822,0.08139999955892563,0.08820000290870667,0.20059999823570251,-0.43215836972041893,0.08227675914095992,Karkaraly,0.5144351124763489,1,"{""type"":""Point"",""coordinates"":[75.36914975856205,49.20666639572337]}"
2_1_1134,0.2085999995470047,0.2759000062942505,0.23100000619888306,0.18979999423027039,0.04910000041127205,0.07940000295639038,0.09194999933242798,0.1761000007390976,-0.4305620203897898,-0.037441906749191706,Karkaraly,0.3931201100349426,1,"{""type"":""Point"",""coordinates"":[75.36567868960167,49.2014497017975]}"
2_1_1135,0.19584999978542328,0.27320000529289246,0.21330000460147858,0.1907999962568283,0.04794999957084656,0.08569999784231186,0.07970000058412552,0.16979999840259552,-0.45597270188689126,-0.05823626779048256,Karkaraly,0.39773643016815186,1,"{""type"":""Point"",""coordinates"":[75.43389042646966,49.20882469063429]}"
2_1_1139,0.1784999966621399,0.2515999972820282,0.1951500028371811,0.18199999630451202,0.05784999951720238,0.08489999920129776,0.08304999768733978,0.1598999947309494,-0.4029475375215202,-0.06463878956718205,Karkaraly,0.33830875158309937,1,"{""type"":""Point"",""coordinates"":[75.40890104112555,49.20810794325021]}"
2_1_1143,0.2138500064611435,0.24729999899864197,0.23549999296665192,0.14239999651908875,0.05404999852180481,0.0746999979019165,0.09179999679327011,0.2498999983072281,-0.4390467481492659,0.27402498905393274,Karkaraly,0.7130717635154724,1,"{""type"":""Point"",""coordinates"":[75.37388785175817,49.21452446980059]}"
2_1_1151,0.21205000579357147,0.2711000144481659,0.23104999959468842,0.18449999392032623,0.05640000104904175,0.0828000009059906,0.09589999914169312,0.17100000381469727,-0.41336596108069174,-0.037974655953982195,Karkaraly,0.37539130449295044,1,"{""type"":""Point"",""coordinates"":[75.35834751339668,49.212092299693666]}"
2_1_1157,0.17270000278949738,0.2000499963760376,0.17184999585151672,0.09920000284910202,0.043049998581409454,0.03959999978542328,0.08330000191926956,0.3365499973297119,-0.34705073370918055,0.5446930450561358,Karkaraly,0.8917437791824341,1,"{""type"":""Point"",""coordinates"":[75.43315116816635,49.199400156884025]}"
2_1_1159,0.2373500019311905,0.2818000018596649,0.241349995136261,0.20080000162124634,0.07195000350475311,0.08649999648332596,0.11249999701976776,0.1745000034570694,-0.36413734908231205,-0.07007726567626554,Karkaraly,0.294060081243515,1,"{""type"":""Point"",""coordinates"":[75.33395085415414,49.19471637728053]}"
2_1_1168,0.22370000183582306,0.2840999960899353,0.23749999701976776,0.2029000073671341,0.06560000032186508,0.09290000051259995,0.10175000131130219,0.18080000579357147,-0.4001473732535993,-0.0575970831783799,Karkaraly,0.34255027770996094,1,"{""type"":""Point"",""coordinates"":[75.41137679432234,49.204831987669294]}"
2_1_1170,0.26284998655319214,0.273499995470047,0.24719999730587006,0.18940000236034393,0.07620000094175339,0.08579999953508377,0.1290999948978424,0.2168000042438507,-0.313845349069509,0.06745445947322598,Karkaraly,0.38129979372024536,1,"{""type"":""Point"",""coordinates"":[75.3398172986247,49.18492924681133]}"
2_1_1174,0.28584998846054077,0.2662000060081482,0.18140000104904175,0.1550000011920929,0.08990000188350677,0.06480000168085098,0.19805000722408295,0.34869998693466187,0.04387931430233802,0.38455427895270244,Karkaraly,0.3406749665737152,1,"{""type"":""Point"",""coordinates"":[75.42204766087798,49.22302928542453]}"
2_1_1178,0.2142000049352646,0.2766000032424927,0.2298000007867813,0.18619999289512634,0.05550000071525574,0.07940000295639038,0.09189999848604202,0.18240000307559967,-0.4286602505826889,-0.010309250843910657,Karkaraly,0.4183509945869446,1,"{""type"":""Point"",""coordinates"":[75.34896790794262,49.21136011633565]}"
2_1_1184,0.21889999508857727,0.2639999985694885,0.22814999520778656,0.19110000133514404,0.07214999943971634,0.08780000358819962,0.10660000145435333,0.16699999570846558,-0.3631067810767225,-0.06729965324111285,Karkaraly,0.2958071231842041,1,"{""type"":""Point"",""coordinates"":[75.36203534047232,49.20579411365311]}"
2_1_1192,0.2289000004529953,0.27459999918937683,0.2382500022649765,0.20399999618530273,0.07445000112056732,0.09740000218153,0.11145000159740448,0.18209999799728394,-0.3625965091995601,-0.056721052882643376,Karkaraly,0.3058754503726959,1,"{""type"":""Point"",""coordinates"":[75.38412960305801,49.21366463830858]}"
2_1_1194,0.1981000006198883,0.21459999680519104,0.17835000157356262,0.1307000070810318,0.06724999845027924,0.04899999871850014,0.1205499991774559,0.28049999475479126,-0.1933757184706523,0.36429957929224194,Karkaraly,0.557675302028656,1,"{""type"":""Point"",""coordinates"":[75.39114102159714,49.185291260450214]}"
2_1_1197,0.1988999992609024,0.26350000500679016,0.20399999618530273,0.18520000576972961,0.06430000066757202,0.09040000289678574,0.09809999912977219,0.17499999701976776,-0.35054617245221154,-0.02831762540524684,Karkaraly,0.3222285509109497,1,"{""type"":""Point"",""coordinates"":[75.38954857025561,49.21773342827816]}"
2_1_1198,0.2264000028371811,0.29190000891685486,0.24289999902248383,0.20329999923706055,0.06185000017285347,0.08699999749660492,0.09735000133514404,0.17299999296665192,-0.4277736885653372,-0.08052087934672485,Karkaraly,0.34725281596183777,1,"{""type"":""Point"",""coordinates"":[75.35875681877027,49.19573567315198]}"
2_1_1200,0.20810000598430634,0.2630999982357025,0.21915000677108765,0.17990000545978546,0.05494999885559082,0.07490000128746033,0.09080000221729279,0.1809999942779541,-0.41409905091697063,0.0030479047352950537,Karkaraly,0.4171469509601593,1,"{""type"":""Point"",""coordinates"":[75.34706592714056,49.204508877970966]}"
2_1_1204,0.23819999396800995,0.2867000102996826,0.2454500049352646,0.20010000467300415,0.06464999914169312,0.08290000259876251,0.10379999876022339,0.19059999287128448,-0.40558340637426654,-0.02431536181579518,Karkaraly,0.38126805424690247,1,"{""type"":""Point"",""coordinates"":[75.44443625570628,49.21475955239459]}"
2_1_1206,0.2117999941110611,0.3037000000476837,0.2304999977350235,0.21089999377727509,0.05665000155568123,0.10140000283718109,0.09149999916553497,0.19920000433921814,-0.4316770183461062,-0.02852960129673895,Karkaraly,0.403147429227829,1,"{""type"":""Point"",""coordinates"":[75.43219831068377,49.21617852852926]}"
2_1_1215,0.19830000400543213,0.24570000171661377,0.1895499974489212,0.17599999904632568,0.06355000287294388,0.08879999816417694,0.10209999978542328,0.17329999804496765,-0.2998457003009355,-0.007729748135819073,Karkaraly,0.2921159565448761,1,"{""type"":""Point"",""coordinates"":[75.41632102921375,49.21548559798017]}"
2_1_1216,0.2681500017642975,0.27970001101493835,0.26155000925064087,0.20890000462532043,0.07384999841451645,0.08449999988079071,0.12174999713897705,0.20569999516010284,-0.36472739311556257,-0.007718305515855665,Karkaraly,0.35700908303260803,1,"{""type"":""Point"",""coordinates"":[75.44344345355674,49.21015812813532]}"
2_1_1218,0.24220000207424164,0.31150001287460327,0.24779999256134033,0.20489999651908875,0.0625,0.09239999949932098,0.1046999990940094,0.2087000012397766,-0.4059574378862518,0.009187632353188074,Karkaraly,0.41514506936073303,1,"{""type"":""Point"",""coordinates"":[75.4392376079164,49.20799689324224]}"
2_1_1219,0.27639999985694885,0.2386000007390976,0.1665000021457672,0.1281999945640564,0.07654999941587448,0.06019999831914902,0.1919499933719635,0.31470000743865967,0.07100011590023135,0.4210883089439669,Karkaraly,0.3500881791114807,1,"{""type"":""Point"",""coordinates"":[75.31759377849302,49.227198982787584]}"
2_1_1221,0.1944500058889389,0.272599995136261,0.21410000324249268,0.19300000369548798,0.04830000177025795,0.08540000021457672,0.07944999635219574,0.16120000183582306,-0.4586953059996984,-0.08977978928025121,Karkaraly,0.36891552805900574,1,"{""type"":""Point"",""coordinates"":[75.40187498893327,49.19758130807469]}"
2_1_1228,0.2316499948501587,0.27320000529289246,0.23804999887943268,0.19189999997615814,0.06759999692440033,0.08500000089406967,0.1075500026345253,0.17350000143051147,-0.37760415414707915,-0.05035577031968455,Karkaraly,0.32724839448928833,1,"{""type"":""Point"",""coordinates"":[75.36010605025292,49.21350079763671]}"
2_1_1229,0.2365500032901764,0.2676999866962433,0.24445000290870667,0.17470000684261322,0.06414999812841415,0.09239999949932098,0.10350000113248825,0.20350000262260437,-0.40508693817842545,0.07615017202330301,Karkaraly,0.48123711347579956,1,"{""type"":""Point"",""coordinates"":[75.37907416502296,49.22284521357263]}"
2_1_1235,0.24719999730587006,0.22540000081062317,0.14835000038146973,0.11999999731779099,0.08945000171661377,0.0551999993622303,0.21819999814033508,0.3303000032901764,0.19056062758300685,0.46702199797568567,Karkaraly,0.2764613628387451,1,"{""type"":""Point"",""coordinates"":[75.44950134754984,49.22892944675245]}"
2_1_1236,0.22609999775886536,0.2655999958515167,0.23649999499320984,0.17579999566078186,0.06129999831318855,0.07739999890327454,0.10220000147819519,0.17919999361038208,-0.3965160759201632,0.009577459302409044,Karkaraly,0.4060935378074646,1,"{""type"":""Point"",""coordinates"":[75.35745909907013,49.2043894490374]}"
2_1_1238,0.1695999950170517,0.24480000138282776,0.18240000307559967,0.17159999907016754,0.042249999940395355,0.08009999990463257,0.0746999979019165,0.1728000044822693,-0.4189031690556147,0.0034843362361320013,Karkaraly,0.4223875105381012,1,"{""type"":""Point"",""coordinates"":[75.42071926387474,49.21492918682272]}"
2_1_1240,0.1700499951839447,0.2621999979019165,0.18880000710487366,0.1867000013589859,0.042149998247623444,0.08030000329017639,0.07000000029802322,0.1582999974489212,-0.4590417442372942,-0.08231885219767077,Karkaraly,0.37672290205955505,1,"{""type"":""Point"",""coordinates"":[75.42923009375868,49.213602887030625]}"
2_1_1244,0.21594999730587006,0.2718999981880188,0.22744999825954437,0.1914999932050705,0.06129999831318855,0.08320000022649765,0.09655000269412994,0.1768999993801117,-0.4040123308028341,-0.03963082008364308,Karkaraly,0.3643815219402313,1,"{""type"":""Point"",""coordinates"":[75.351199837699,49.204786214109674]}"
2_1_1247,0.20685000717639923,0.26910001039505005,0.21359999477863312,0.19850000739097595,0.07135000079870224,0.09290000051259995,0.10454999655485153,0.1728000044822693,-0.34276285146736163,-0.06921627278988657,Karkaraly,0.27354657649993896,1,"{""type"":""Point"",""coordinates"":[75.41528706628836,49.210157818928735]}"
2_1_1248,0.2303999960422516,0.29030001163482666,0.24605000019073486,0.19259999692440033,0.06239999830722809,0.08749999850988388,0.0966000035405159,0.20280000567436218,-0.43615933174609406,0.02579668356834193,Karkaraly,0.4619560241699219,1,"{""type"":""Point"",""coordinates"":[75.36309750061102,49.20866896349033]}"
2_1_1249,0.2625499963760376,0.3005000054836273,0.2639999985694885,0.20239999890327454,0.07445000112056732,0.08569999784231186,0.11869999766349792,0.19910000264644623,-0.37967076649128695,-0.008219168727499107,Karkaraly,0.37145158648490906,1,"{""type"":""Point"",""coordinates"":[75.41363528571131,49.195797233512074]}"
2_1_1254,0.16124999523162842,0.2502000033855438,0.1843000054359436,0.15479999780654907,0.039400000125169754,0.07660000026226044,0.0604499988257885,0.21369999647140503,-0.5060265759085001,0.1598371766063816,Karkaraly,0.6658637523651123,1,"{""type"":""Point"",""coordinates"":[75.42314351131601,49.204691782634285]}"
2_1_1259,0.2430499941110611,0.22210000455379486,0.14474999904632568,0.11659999936819077,0.06859999895095825,0.053599998354911804,0.19384999573230743,0.3109000027179718,0.14500885246050257,0.4545029295944188,Karkaraly,0.3094940781593323,1,"{""type"":""Point"",""coordinates"":[75.36144111223419,49.23280588999154]}"
2_1_1261,0.2827000021934509,0.21400000154972076,0.1586499959230423,0.1031000018119812,0.08254999667406082,0.05040000006556511,0.26339998841285706,0.34630000591278076,0.2481933334380763,0.5411659989328461,Karkaraly,0.2929726541042328,1,"{""type"":""Point"",""coordinates"":[75.3021222607779,49.171104517246995]}"
2_1_1263,0.20559999346733093,0.2874000072479248,0.217849999666214,0.20059999823570251,0.06174999848008156,0.08969999849796295,0.09354999661445618,0.17139999568462372,-0.3991650755824804,-0.07849463179650686,Karkaraly,0.3206704556941986,1,"{""type"":""Point"",""coordinates"":[75.36820470217954,49.19402784914881]}"
2_1_1264,0.2513499855995178,0.28290000557899475,0.2549000084400177,0.19419999420642853,0.0677499994635582,0.0869000032544136,0.11554999649524689,0.19089999794960022,-0.3761641519457449,-0.008569193259010163,Karkaraly,0.36759495735168457,1,"{""type"":""Point"",""coordinates"":[75.32809340409766,49.18661390510941]}"
2_1_1267,0.24140000343322754,0.2872999906539917,0.249549999833107,0.20010000467300415,0.07119999825954437,0.08879999816417694,0.11490000039339066,0.19689999520778656,-0.36946082962281335,-0.00806047724478205,Karkaraly,0.3614003658294678,1,"{""type"":""Point"",""coordinates"":[75.36880898279752,49.21403496732406]}"
2_1_1269,0.23755000531673431,0.2637999951839447,0.24619999527931213,0.15549999475479126,0.06369999796152115,0.07320000231266022,0.10535000264644623,0.20739999413490295,-0.4006542268921052,0.14301460724455142,Karkaraly,0.543668806552887,1,"{""type"":""Point"",""coordinates"":[75.38912454625124,49.20916503597267]}"
2_1_1271,0.25999999046325684,0.26330000162124634,0.25334998965263367,0.19519999623298645,0.07649999856948853,0.08160000294446945,0.10769999772310257,0.19339999556541443,-0.4034067221222655,-0.0046320141676838514,Karkaraly,0.3987747132778168,1,"{""type"":""Point"",""coordinates"":[75.45007986781165,49.20671905330452]}"
2_1_1272,0.1992499977350235,0.2750000059604645,0.21619999408721924,0.19249999523162842,0.0494999997317791,0.08609999716281891,0.07980000227689743,0.17309999465942383,-0.46081078880329757,-0.053063460362747096,Karkaraly,0.4077473282814026,1,"{""type"":""Point"",""coordinates"":[75.34012316885587,49.19343793587162]}"
2_1_1279,0.2366500049829483,0.28290000557899475,0.24484999477863312,0.15919999778270721,0.048500001430511475,0.07970000058412552,0.08250000327825546,0.2890999913215637,-0.4959523215642837,0.2897613131742522,Karkaraly,0.7857136130332947,1,"{""type"":""Point"",""coordinates"":[75.4106349107182,49.198633195563914]}"
2_1_1282,0.22214999794960022,0.2605000138282776,0.2280000001192093,0.15970000624656677,0.04919999837875366,0.0746999979019165,0.08540000021457672,0.23409999907016754,-0.4550095716424912,0.1889283692715054,Karkaraly,0.6439379453659058,1,"{""type"":""Point"",""coordinates"":[75.35182447655787,49.19336343890075]}"
2_1_1287,0.21834999322891235,0.27309998869895935,0.22759999334812164,0.1981000006198883,0.06080000102519989,0.08089999854564667,0.09884999692440033,0.16689999401569366,-0.3943942418752723,-0.08547947140477331,Karkaraly,0.30891478061676025,1,"{""type"":""Point"",""coordinates"":[75.34675259146806,49.206746061609216]}"
2_1_1288,0.21119999885559082,0.27799999713897705,0.23285000026226044,0.19760000705718994,0.06004999950528145,0.09210000187158585,0.09520000219345093,0.1671999990940094,-0.4196006616015589,-0.08333335375707367,Karkaraly,0.3362673223018646,1,"{""type"":""Point"",""coordinates"":[75.39335317043796,49.203527667232194]}"
2_1_1289,0.23559999465942383,0.30379998683929443,0.23960000276565552,0.21559999883174896,0.0734499990940094,0.10360000282526016,0.10575000196695328,0.19830000400543213,-0.38757781660474316,-0.0417975228502771,Karkaraly,0.34578028321266174,1,"{""type"":""Point"",""coordinates"":[75.43181413945611,49.216211572768515]}"
2_1_1290,0.26409998536109924,0.28859999775886536,0.26019999384880066,0.20329999923706055,0.08560000360012054,0.09769999980926514,0.13179999589920044,0.2037000060081482,-0.3275510237440126,9.82817606713914E-4,Karkaraly,0.3285338282585144,1,"{""type"":""Point"",""coordinates"":[75.37155042057238,49.21581544283702]}"
2_1_1294,0.2070000022649765,0.26669999957084656,0.21924999356269836,0.18379999697208405,0.05654999986290932,0.08139999955892563,0.09130000323057175,0.17739999294281006,-0.41201092144045837,-0.017718727043104166,Karkaraly,0.3942922055721283,1,"{""type"":""Point"",""coordinates"":[75.3375379103454,49.19758225939638]}"
2_1_1296,0.18610000610351562,0.25850000977516174,0.21089999377727509,0.1598999947309494,0.042500000447034836,0.07750000059604645,0.07535000145435333,0.2152000069618225,-0.4735370989726554,0.1474273846475931,Karkaraly,0.6209644675254822,1,"{""type"":""Point"",""coordinates"":[75.36952552578512,49.20671516066546]}"
2_1_1300,0.23714999854564667,0.26570001244544983,0.2232999950647354,0.19290000200271606,0.08569999784231186,0.09690000116825104,0.12250000238418579,0.19220000505447388,-0.2914979566922611,-0.0018177017279000808,Karkaraly,0.28968024253845215,1,"{""type"":""Point"",""coordinates"":[75.38517070550522,49.21655968888347]}"
2_1_1301,0.20749999582767487,0.27149999141693115,0.22484999895095825,0.179299995303154,0.06159999966621399,0.0851999968290329,0.09700000286102295,0.15620000660419464,-0.3972347222934704,-0.06885242494078621,Karkaraly,0.328382283449173,1,"{""type"":""Point"",""coordinates"":[75.40838417054414,49.19437671520916]}"
2_1_1302,0.17880000174045563,0.2646999955177307,0.21025000512599945,0.16660000383853912,0.04280000180006027,0.08020000159740448,0.06915000081062317,0.18970000743865967,-0.5050107420090125,0.06483301394607285,Karkaraly,0.5698437690734863,1,"{""type"":""Point"",""coordinates"":[75.36977669638662,49.20417350871387]}"
2_1_1303,0.22939999401569366,0.2800999879837036,0.23720000684261322,0.1876000016927719,0.07545000314712524,0.08730000257492065,0.10374999791383743,0.19679999351501465,-0.39140638529717153,0.023933381729803877,Karkaraly,0.41533976793289185,1,"{""type"":""Point"",""coordinates"":[75.43854962513147,49.20553725100161]}"
2_1_1305,0.24050000309944153,0.2574999928474426,0.2423499971628189,0.19089999794960022,0.07365000247955322,0.07890000194311142,0.1216999962925911,0.17499999701976776,-0.3314105288811258,-0.04345449890253089,Karkaraly,0.28795602917671204,1,"{""type"":""Point"",""coordinates"":[75.39252815037521,49.19252733871238]}"
2_1_1308,0.2017499953508377,0.22179999947547913,0.18735000491142273,0.1216999962925911,0.06120000034570694,0.07329999655485153,0.11720000207424164,0.31630000472068787,-0.23033984970646598,0.44429225565731684,Karkaraly,0.6746321320533752,1,"{""type"":""Point"",""coordinates"":[75.3702750384636,49.21327388620382]}"
2_1_1309,0.19474999606609344,0.26969999074935913,0.21085000038146973,0.18359999358654022,0.06224999949336052,0.09229999780654907,0.08510000258684158,0.17470000684261322,-0.42490284349851065,-0.024839482928459538,Karkaraly,0.4000633656978607,1,"{""type"":""Point"",""coordinates"":[75.40792305957125,49.205564340806504]}"
2_1_1319,0.2535000145435333,0.22750000655651093,0.15209999680519104,0.12020000070333481,0.051899999380111694,0.04179999977350235,0.2207999974489212,0.34119999408721924,0.1842317020710776,0.4789770175099465,Karkaraly,0.2947453260421753,1,"{""type"":""Point"",""coordinates"":[75.3637493575058,49.23351794868895]}"
2_1_1322,0.20329999923706055,0.26750001311302185,0.21940000355243683,0.19020000100135803,0.05974999815225601,0.0843999981880188,0.0864500030875206,0.16060000658035278,-0.43469019970113393,-0.08437854555664628,Karkaraly,0.35031166672706604,1,"{""type"":""Point"",""coordinates"":[75.40898717837167,49.206016847404406]}"
2_1_1325,0.24199999868869781,0.29179999232292175,0.24605000019073486,0.2061000019311905,0.07384999841451645,0.0885000005364418,0.1151999980211258,0.1770000010728836,-0.3622145406707243,-0.07595928120626358,Karkaraly,0.28625527024269104,1,"{""type"":""Point"",""coordinates"":[75.32848332883282,49.188200836313804]}"
2_1_1328,0.25369998812675476,0.25679999589920044,0.2619999945163727,0.17910000681877136,0.0723000019788742,0.07840000092983246,0.11559999734163284,0.16660000383853912,-0.38771186528466023,-0.03615852645322417,Karkaraly,0.351553350687027,1,"{""type"":""Point"",""coordinates"":[75.42779779647609,49.21005966527939]}"
2_1_1331,0.2682499885559082,0.2222999930381775,0.164900004863739,0.12039999663829803,0.08275000005960464,0.05649999901652336,0.2150000035762787,0.3122999966144562,0.131876803367984,0.44349434473890337,Karkaraly,0.31161755323410034,1,"{""type"":""Point"",""coordinates"":[75.44636277183444,49.191658595502346]}"
2_1_1333,0.22885000705718994,0.28049999475479126,0.23350000381469727,0.19699999690055847,0.07005000114440918,0.0892999991774559,0.10279999673366547,0.1753000020980835,-0.38864111468306717,-0.058286314426109175,Karkaraly,0.33035480976104736,1,"{""type"":""Point"",""coordinates"":[75.36804383390349,49.19718635795671]}"
2_1_1338,0.22945000231266022,0.2872999906539917,0.23770000040531158,0.2053000032901764,0.06669999659061432,0.09290000051259995,0.10575000196695328,0.17980000376701355,-0.3841898312038383,-0.066216564673747,Karkaraly,0.317973256111145,1,"{""type"":""Point"",""coordinates"":[75.34467580556493,49.192383148783165]}"
2_1_1339,0.23454999923706055,0.28139999508857727,0.24564999341964722,0.2085999995470047,0.07349999994039536,0.09179999679327011,0.11315000057220459,0.17569999396800995,-0.3692864968399404,-0.08561021632624446,Karkaraly,0.28367626667022705,1,"{""type"":""Point"",""coordinates"":[75.35614438292112,49.21154562655955]}"
2_1_1344,0.21449999511241913,0.22370000183582306,0.21085000038146973,0.10689999908208847,0.043049998581409454,0.05270000174641609,0.0856499969959259,0.375900000333786,-0.4222597116120202,0.5571665318499435,Karkaraly,0.9794262647628784,1,"{""type"":""Point"",""coordinates"":[75.41483051704061,49.2016484016475]}"
2_1_1347,0.20614999532699585,0.26739999651908875,0.22460000216960907,0.18050000071525574,0.06355000287294388,0.08129999786615372,0.09390000253915787,0.17509999871253967,-0.4103610602767868,-0.015185607456145497,Karkaraly,0.3951754570007324,1,"{""type"":""Point"",""coordinates"":[75.36337371933232,49.206114712472186]}"
2_1_1351,0.26965001225471497,0.2906000018119812,0.26260000467300415,0.2134000062942505,0.07479999959468842,0.09109999984502792,0.12825000286102295,0.20600000023841858,-0.34373800491812656,-0.01764426786019968,Karkaraly,0.32609373331069946,1,"{""type"":""Point"",""coordinates"":[75.34226272737145,49.18651408858607]}"
2_1_1353,0.24185000360012054,0.2921999990940094,0.24320000410079956,0.21240000426769257,0.0718500018119812,0.09300000220537186,0.12290000170469284,0.19329999387264252,-0.3285987448468429,-0.04707914834262137,Karkaraly,0.2815195918083191,1,"{""type"":""Point"",""coordinates"":[75.39063307340554,49.1853077678945]}"
2_1_1356,0.21250000596046448,0.28679999709129333,0.22709999978542328,0.20270000398159027,0.04924999922513962,0.09269999712705612,0.09059999883174896,0.1761000007390976,-0.42965061865850523,-0.07022176058869499,Karkaraly,0.35942885279655457,1,"{""type"":""Point"",""coordinates"":[75.43838078162658,49.20808015187895]}"
2_1_1359,0.318450003862381,0.22689999639987946,0.22519999742507935,0.1251000016927719,0.11339999735355377,0.06319999694824219,0.20645000040531158,0.24390000104904175,-0.04343796389206802,0.3219512153754461,Karkaraly,0.3653891682624817,1,"{""type"":""Point"",""coordinates"":[75.3346046387012,49.23574580475339]}"
2_1_1360,0.2584500014781952,0.28690001368522644,0.2562499940395355,0.20679999887943268,0.07284999638795853,0.0869000032544136,0.12020000070333481,0.17499999701976776,-0.36140256404872056,-0.08328968622634685,Karkaraly,0.27811288833618164,1,"{""type"":""Point"",""coordinates"":[75.36308754207275,49.186573265468994]}"
2_1_1361,0.20115000009536743,0.26179999113082886,0.21125000715255737,0.19050000607967377,0.07154999673366547,0.08810000121593475,0.09714999794960022,0.17170000076293945,-0.36997408338291526,-0.05190503854657154,Karkaraly,0.3180690407752991,1,"{""type"":""Point"",""coordinates"":[75.41498475212369,49.21226178565343]}"
2_1_1365,0.26875001192092896,0.28999999165534973,0.27355000376701355,0.21150000393390656,0.07540000230073929,0.08169999718666077,0.12404999881982803,0.18000000715255737,-0.37600604621357503,-0.08045975961515954,Karkaraly,0.295546293258667,1,"{""type"":""Point"",""coordinates"":[75.34815939829923,49.18705924153968]}"
2_1_1367,0.19814999401569366,0.2782000005245209,0.21729999780654907,0.19189999997615814,0.052149999886751175,0.08720000088214874,0.0824500024318695,0.17569999396800995,-0.44987487995803516,-0.044069657984294436,Karkaraly,0.40580523014068604,1,"{""type"":""Point"",""coordinates"":[75.36664747957653,49.19796710446401]}"
2_1_1369,0.21209999918937683,0.2734000086784363,0.2324499934911728,0.17910000681877136,0.049949999898672104,0.07760000228881836,0.08649999648332596,0.22050000727176666,-0.4575952393650054,0.10360360108399605,Karkaraly,0.5611988306045532,1,"{""type"":""Point"",""coordinates"":[75.38265145203604,49.20687138396679]}"
2_1_1372,0.24594999849796295,0.2883000075817108,0.2528499960899353,0.19519999623298645,0.06504999846220016,0.08990000188350677,0.11230000108480453,0.20280000567436218,-0.38491030013036426,0.019095501017472247,Karkaraly,0.4040057957172394,1,"{""type"":""Point"",""coordinates"":[75.350164307485,49.193098538052105]}"
2_1_1374,0.26750001311302185,0.2888999879360199,0.26365000009536743,0.19460000097751617,0.07329999655485153,0.08309999853372574,0.12620000541210175,0.19990000128746033,-0.3525714832409622,0.01343472821169787,Karkaraly,0.3660062253475189,1,"{""type"":""Point"",""coordinates"":[75.3677247721362,49.21581059105406]}"
2_1_1388,0.2547999918460846,0.2791000008583069,0.25255000591278076,0.18700000643730164,0.06315000355243683,0.07779999822378159,0.12084999680519104,0.20970000326633453,-0.35270489595326127,0.05722207278490225,Karkaraly,0.40992698073387146,1,"{""type"":""Point"",""coordinates"":[75.36368697616858,49.210455958006044]}"
2_1_1391,0.19005000591278076,0.251800000667572,0.20010000467300415,0.18164999783039093,0.05810000002384186,0.08254999667406082,0.09115000069141388,0.1485999971628189,-0.3740772599995999,-0.10007570376572315,Karkaraly,0.2740015685558319,1,"{""type"":""Point"",""coordinates"":[75.3976240340641,49.21045830484745]}"
2_1_1394,0.1996999979019165,0.25200000405311584,0.2009499967098236,0.18389999866485596,0.07455000281333923,0.09889999777078629,0.10740000009536743,0.1738000065088272,-0.30338899816353515,-0.028235929577704762,Karkaraly,0.2751530706882477,1,"{""type"":""Point"",""coordinates"":[75.38898015029558,49.22165053445047]}"
2_1_1397,0.17765000462532043,0.21889999508857727,0.19014999270439148,0.12460000067949295,0.04540000110864639,0.061900001019239426,0.08115000277757645,0.31299999356269836,-0.401769228684192,0.43053015393536487,Karkaraly,0.8322994112968445,1,"{""type"":""Point"",""coordinates"":[75.40721106737276,49.20763115273629]}"
2_1_1398,0.19535000622272491,0.26660001277923584,0.21870000660419464,0.18170000612735748,0.06185000017285347,0.08250000327825546,0.08879999816417694,0.16680000722408295,-0.42243904528673615,-0.042754658055776947,Karkaraly,0.3796843886375427,1,"{""type"":""Point"",""coordinates"":[75.37419056978703,49.19597338719834]}"
2_1_1399,0.16699999570846558,0.2831999957561493,0.20074999332427979,0.18559999763965607,0.03720000013709068,0.09019999951124191,0.06400000303983688,0.18860000371932983,-0.5165249940036545,0.008017119371401964,Karkaraly,0.5245420932769775,1,"{""type"":""Point"",""coordinates"":[75.4034814157809,49.19654421930081]}"
2_1_1401,0.23465000092983246,0.28529998660087585,0.24265000224113464,0.19339999556541443,0.0572500005364418,0.08389999717473984,0.10225000232458115,0.1956000030040741,-0.40707450872127277,0.005655546135604091,Karkaraly,0.41273006796836853,1,"{""type"":""Point"",""coordinates"":[75.34478885054678,49.18830452402735]}"
2_1_1406,0.24684999883174896,0.2896000146865845,0.2536500096321106,0.1860000044107437,0.061149999499320984,0.08429999649524689,0.10585000365972519,0.2054000049829483,-0.4111265660855594,0.04956566199948908,Karkaraly,0.46069222688674927,1,"{""type"":""Point"",""coordinates"":[75.4124811473556,49.19919625127571]}"
2_1_1408,0.22505000233650208,0.28220000863075256,0.24619999527931213,0.2020999938249588,0.060600001364946365,0.07909999787807465,0.09780000150203705,0.18019999563694,-0.43139533478426173,-0.05728485166542601,Karkaraly,0.37411049008369446,1,"{""type"":""Point"",""coordinates"":[75.36432203529999,49.19600198632653]}"
2_1_1411,0.2358500063419342,0.25949999690055847,0.23819999396800995,0.18289999663829803,0.06255000084638596,0.07890000194311142,0.10010000318288803,0.17319999635219574,-0.4082175345792945,-0.027239540794827367,Karkaraly,0.380977988243103,1,"{""type"":""Point"",""coordinates"":[75.42842766686307,49.20807113875215]}"
2_1_1412,0.2694999873638153,0.2978000044822693,0.2653999924659729,0.21549999713897705,0.08465000241994858,0.09849999845027924,0.1344500035047531,0.1931000053882599,-0.3274977873722599,-0.0548213206367369,Karkaraly,0.2726764678955078,1,"{""type"":""Point"",""coordinates"":[75.33550238034562,49.185482459990126]}"
2_1_1415,0.2097499966621399,0.2680000066757202,0.21879999339580536,0.19609999656677246,0.07415000349283218,0.09070000052452087,0.1010499969124794,0.16619999706745148,-0.36814131640220965,-0.08252829153927024,Karkaraly,0.2856130301952362,1,"{""type"":""Point"",""coordinates"":[75.41000520676059,49.20452957040282]}"
2_1_1416,0.21035000681877136,0.2639000117778778,0.21979999542236328,0.18230000138282776,0.053950000554323196,0.08250000327825546,0.09245000034570694,0.17329999804496765,-0.40784626678185143,-0.025309345760242494,Karkaraly,0.382536917924881,1,"{""type"":""Point"",""coordinates"":[75.34448118725867,49.20591272156016]}"
2_1_1418,0.18809999525547028,0.2728999853134155,0.20900000631809235,0.17649999260902405,0.04749999940395355,0.09269999712705612,0.07859999686479568,0.1923000067472458,-0.45340753828286245,0.042841687000542916,Karkaraly,0.4962492287158966,1,"{""type"":""Point"",""coordinates"":[75.41736998504402,49.20837865343715]}"
2_1_1420,0.14730000495910645,0.27140000462532043,0.17425000667572021,0.17430000007152557,0.03485000133514404,0.09000000357627869,0.052549999207258224,0.20430000126361847,-0.5365961389403813,0.07923930556338354,Karkaraly,0.615835428237915,1,"{""type"":""Point"",""coordinates"":[75.42403884360517,49.217215607195115]}"
2_1_1423,0.19875000417232513,0.2549999952316284,0.2207999974489212,0.1720000058412552,0.045049998909235,0.08110000193119049,0.07779999822378159,0.1761000007390976,-0.47890154486767894,0.011778209768278172,Karkaraly,0.4906797409057617,1,"{""type"":""Point"",""coordinates"":[75.41659616767961,49.20646899115248]}"
2_1_1426,0.1829500049352646,0.2678000032901764,0.21080000698566437,0.16030000150203705,0.038100000470876694,0.07199999690055847,0.06599999964237213,0.2176000028848648,-0.5231214012862156,0.15162741655901868,Karkaraly,0.6747488379478455,1,"{""type"":""Point"",""coordinates"":[75.43876162220809,49.20488802267549]}"
2_1_1427,0.2667999863624573,0.298799991607666,0.2640500068664551,0.21449999511241913,0.08534999936819077,0.09220000356435776,0.13339999318122864,0.19910000264644623,-0.3287206281785176,-0.037234024539215094,Karkaraly,0.29148659110069275,1,"{""type"":""Point"",""coordinates"":[75.36352150692937,49.21143421931583]}"
2_1_1435,0.22605000436306,0.2696000039577484,0.23794999718666077,0.17720000445842743,0.052799999713897705,0.07850000262260437,0.08959999680519104,0.20029999315738678,-0.45290796245644294,0.06119202343007286,Karkaraly,0.5141000151634216,1,"{""type"":""Point"",""coordinates"":[75.3446465856874,49.1884735331963]}"
2_1_1436,0.24684999883174896,0.22050000727176666,0.1481499969959259,0.12780000269412994,0.07084999978542328,0.06610000133514404,0.19040000438690186,0.31290000677108765,0.12479694939714449,0.42001361493405365,Karkaraly,0.2952166795730591,1,"{""type"":""Point"",""coordinates"":[75.45077003730408,49.191178740928116]}"
2_1_1437,0.20954999327659607,0.2700999975204468,0.227400004863739,0.1843000054359436,0.061500001698732376,0.0869000032544136,0.09849999845027924,0.1673000007867813,-0.3955201138468822,-0.04835041054690269,Karkaraly,0.3471696972846985,1,"{""type"":""Point"",""coordinates"":[75.40280087744227,49.19428898058056]}"
2_1_1441,0.21940000355243683,0.28279998898506165,0.23225000500679016,0.20559999346733093,0.07564999908208847,0.09319999814033508,0.10779999941587448,0.17149999737739563,-0.36597560350633235,-0.09042693428220264,Karkaraly,0.27554866671562195,1,"{""type"":""Point"",""coordinates"":[75.37810192027466,49.18984561164921]}"
2_1_1444,0.20074999332427979,0.27160000801086426,0.2147500067949295,0.1868000030517578,0.0523499995470047,0.08579999953508377,0.08524999767541885,0.17110000550746918,-0.4316666906327006,-0.043866994045322925,Karkaraly,0.3877997100353241,1,"{""type"":""Point"",""coordinates"":[75.38019345839608,49.20044591137067]}"
2_1_1448,0.22214999794960022,0.27149999141693115,0.24105000495910645,0.1915999948978424,0.07594999670982361,0.0835999995470047,0.10080000013113022,0.1647000014781952,-0.41026766926902647,-0.07549815799396492,Karkaraly,0.33476951718330383,1,"{""type"":""Point"",""coordinates"":[75.38622958512669,49.18696114135431]}"
2_1_1451,0.20340000092983246,0.250900000333786,0.21130000054836273,0.17880000174045563,0.06129999831318855,0.08250000327825546,0.09600000083446503,0.16500000655651093,-0.37520338169559403,-0.04013960107884751,Karkaraly,0.33506378531455994,1,"{""type"":""Point"",""coordinates"":[75.39542604122894,49.211108979464136]}"
2_1_1457,0.26374998688697815,0.27309998869895935,0.25929999351501465,0.1843000054359436,0.07729999721050262,0.07940000295639038,0.12524999678134918,0.20469999313354492,-0.34858926047652794,0.05244212795018094,Karkaraly,0.40103137493133545,1,"{""type"":""Point"",""coordinates"":[75.33312271724047,49.186545527034646]}"
2_1_1465,0.2147500067949295,0.2779499888420105,0.23019999265670776,0.19335000216960907,0.055149998515844345,0.08209999650716782,0.08664999902248383,0.18029999732971191,-0.4530534871516339,-0.03492574563731766,Karkaraly,0.41812774538993835,1,"{""type"":""Point"",""coordinates"":[75.36449628120081,49.191248417353215]}"
2_1_1469,0.23720000684261322,0.28380000591278076,0.24914999306201935,0.20720000565052032,0.06515000015497208,0.08720000088214874,0.11105000227689743,0.17499999701976776,-0.38339809153851284,-0.08424910624223751,Karkaraly,0.2991489768028259,1,"{""type"":""Point"",""coordinates"":[75.35605803853923,49.19776125246848]}"
2_1_1472,0.22840000689029694,0.2558000087738037,0.2406499981880188,0.18700000643730164,0.07164999842643738,0.08049999922513962,0.1039000004529953,0.15680000185966492,-0.39689449506427954,-0.0878417796649692,Karkaraly,0.3090527057647705,1,"{""type"":""Point"",""coordinates"":[75.39484741963413,49.191981749905054]}"
2_1_1473,0.2765499949455261,0.22949999570846558,0.1648000031709671,0.1136000007390976,0.07859999686479568,0.052299998700618744,0.2130499929189682,0.30959999561309814,0.12769614992007755,0.46313798809885937,Karkaraly,0.33544182777404785,1,"{""type"":""Point"",""coordinates"":[75.31489980945565,49.2231695735467]}"
2_1_1477,0.2212499976158142,0.27250000834465027,0.2342499941587448,0.19529999792575836,0.07440000027418137,0.08609999716281891,0.1080000028014183,0.16699999570846558,-0.3688823739332907,-0.07811206931972599,Karkaraly,0.2907702922821045,1,"{""type"":""Point"",""coordinates"":[75.3817643569934,49.18929657338005]}"
2_1_1478,0.242249995470047,0.19539999961853027,0.1407500058412552,0.10080000013113022,0.07495000213384628,0.048900000751018524,0.2240999937057495,0.3073999881744385,0.22845001498692916,0.5061244340081962,Karkaraly,0.2776744067668915,1,"{""type"":""Point"",""coordinates"":[75.34052837726226,49.218910878681896]}"
2_1_1479,0.2692500054836273,0.2438499927520752,0.16760000586509705,0.13570000231266022,0.0737999975681305,0.059950001537799835,0.19155000150203705,0.27584999799728394,0.06668521549675924,0.34054184322457726,Karkaraly,0.27385663986206055,1,"{""type"":""Point"",""coordinates"":[75.43422290945594,49.19400146465509]}"
2_1_1482,0.20080000162124634,0.2651999890804291,0.21199999749660492,0.19304999709129333,0.05855000019073486,0.0856499969959259,0.09560000151395798,0.1688999980688095,-0.37841351221412,-0.06672192110902352,Karkaraly,0.3116915822029114,1,"{""type"":""Point"",""coordinates"":[75.41487559489353,49.209903766849564]}"
2_1_1488,0.20624999701976776,0.24469999969005585,0.21244999766349792,0.1762000024318695,0.06904999911785126,0.07800000160932541,0.10485000163316727,0.15410000085830688,-0.33911123942275256,-0.06690887482113418,Karkaraly,0.27220237255096436,1,"{""type"":""Point"",""coordinates"":[75.36992195128002,49.20912411500905]}"
2_1_1491,0.23649999499320984,0.2632000148296356,0.24330000579357147,0.1712999939918518,0.0807500034570694,0.0860000029206276,0.11590000241994858,0.21320000290870667,-0.35467706141557837,0.10897271587674752,Karkaraly,0.46364977955818176,1,"{""type"":""Point"",""coordinates"":[75.36197060259707,49.21075962009281]}"
2_1_1496,0.1919499933719635,0.2565999925136566,0.20915000140666962,0.1753000020980835,0.06094999983906746,0.08079999685287476,0.08340000361204147,0.16769999265670776,-0.4298410378990947,-0.022157462267044452,Karkaraly,0.4076835811138153,1,"{""type"":""Point"",""coordinates"":[75.36165366615992,49.20675475820989]}"
2_1_1498,0.16865000128746033,0.19769999384880066,0.15809999406337738,0.09799999743700027,0.0369499996304512,0.04800000041723251,0.0994499996304512,0.36149999499320984,-0.2277227562375652,0.5734494056520154,Karkaraly,0.801172137260437,1,"{""type"":""Point"",""coordinates"":[75.44834917482964,49.209185782203626]}"
2_1_1499,0.19830000400543213,0.2492000013589859,0.19580000638961792,0.17829999327659607,0.06755000352859497,0.08609999716281891,0.10204999893903732,0.17159999907016754,-0.3147557689217916,-0.019148311954773036,Karkaraly,0.29560744762420654,1,"{""type"":""Point"",""coordinates"":[75.39061338653944,49.213011571929314]}"
2_2_10,0.2551499903202057,0.27790001034736633,0.194350004196167,0.2198999971151352,0.09179999679327011,0.10019999742507935,0.20399999618530273,0.21529999375343323,0.024224907693974326,-0.010569860887453876,Karkaraly,-0.03479477018117905,0,"{""type"":""Point"",""coordinates"":[75.39561782512277,49.23719344167695]}"
2_2_13,0.3098500072956085,0.322299987077713,0.25049999356269836,0.2563999891281128,0.10339999943971634,0.1080000028014183,0.18005000054836273,0.19840000569820404,-0.1636279037926614,-0.1275285490098968,Karkaraly,0.036099355667829514,0,"{""type"":""Point"",""coordinates"":[75.31315245451013,49.1758237137101]}"
2_2_17,0.2353000044822693,0.2578999996185303,0.17659999430179596,0.1859000027179718,0.0856499969959259,0.09070000052452087,0.1886499971151352,0.19990000128746033,0.0329911104627083,0.03628822816002719,Karkaraly,0.0032971177715808153,0,"{""type"":""Point"",""coordinates"":[75.41664230877697,49.23955605683359]}"
2_2_24,0.20385000109672546,0.22550000250339508,0.15354999899864197,0.1656000018119812,0.07095000147819519,0.07859999686479568,0.1919499933719635,0.2076999992132187,0.11114325679096176,0.1127779193292729,Karkaraly,0.0016346625052392483,0,"{""type"":""Point"",""coordinates"":[75.45347642797823,49.23455969134295]}"
2_2_43,0.3016499876976013,0.31369999051094055,0.2252500057220459,0.23180000483989716,0.09960000216960907,0.0997999981045723,0.16795000433921814,0.18940000236034393,-0.14572736499650626,-0.10066477149748955,Karkaraly,0.0450625941157341,0,"{""type"":""Point"",""coordinates"":[75.37866698562233,49.17622178202648]}"
2_2_47,0.19214999675750732,0.21160000562667847,0.1303499937057495,0.1467999964952469,0.05950000137090683,0.05820000171661377,0.1969500035047531,0.2094999998807907,0.20348307475288452,0.17597531300384997,Karkaraly,-0.027507761493325233,0,"{""type"":""Point"",""coordinates"":[75.39244356452996,49.231898606868604]}"
2_2_70,0.3296000063419342,0.3391000032424927,0.26739999651908875,0.27480000257492065,0.13570000231266022,0.1388999968767166,0.22634999454021454,0.23395000398159027,-0.08313924601963947,-0.08029483649508877,Karkaraly,0.002844409551471472,0,"{""type"":""Point"",""coordinates"":[75.3815568117568,49.238175521463205]}"
2_2_80,0.21895000338554382,0.23765000700950623,0.15625,0.1683499962091446,0.0697999969124794,0.0783500000834465,0.18870000541210175,0.211899995803833,0.09407161879396021,0.11452991586966843,Karkaraly,0.020458297803997993,0,"{""type"":""Point"",""coordinates"":[75.31329345540762,49.235389627987026]}"
2_2_86,0.21815000474452972,0.2517000138759613,0.15995000302791595,0.18729999661445618,0.09610000252723694,0.10719999670982361,0.2312999963760376,0.2606000006198883,0.18236420052861133,0.1636526109802163,Karkaraly,-0.01871158927679062,0,"{""type"":""Point"",""coordinates"":[75.43296334517922,49.238992205301436]}"
2_2_110,0.25780001282691956,0.2773999869823456,0.20080000162124634,0.21619999408721924,0.09194999933242798,0.09929999709129333,0.22120000422000885,0.22789999842643738,0.048341237716561625,0.026345427913643457,Karkaraly,-0.02199580892920494,0,"{""type"":""Point"",""coordinates"":[75.45750024149034,49.23553953314143]}"
2_2_114,0.31825000047683716,0.3285999894142151,0.24255000054836273,0.2502000033855438,0.11680000275373459,0.12780000269412994,0.1988999992609024,0.22110000252723694,-0.09887869816812762,-0.06174411307707931,Karkaraly,0.03713458403944969,0,"{""type"":""Point"",""coordinates"":[75.33572494546564,49.17184974523515]}"
2_2_117,0.12635000050067902,0.15449999272823334,0.07580000162124634,0.09610000252723694,0.026750000193715096,0.03375000134110451,0.17104999721050262,0.1855500042438507,0.3858618433868332,0.31759275542753557,Karkaraly,-0.06826908886432648,0,"{""type"":""Point"",""coordinates"":[75.30697766290378,49.23530871123037]}"
2_2_120,0.1728000044822693,0.19910000264644623,0.1099499985575676,0.12890000641345978,0.05790000036358833,0.06289999932050705,0.1839500069618225,0.2020999938249588,0.2517863457453142,0.221147998062759,Karkaraly,-0.030638348311185837,0,"{""type"":""Point"",""coordinates"":[75.44024993522073,49.231708336427296]}"
2_2_126,0.24789999425411224,0.26570001244544983,0.19020000100135803,0.21459999680519104,0.10130000114440918,0.10639999806880951,0.20469999313354492,0.21780000627040863,0.03671813711709883,0.007400576878946297,Karkaraly,-0.02931755967438221,0,"{""type"":""Point"",""coordinates"":[75.39092840790853,49.23415889370426]}"
2_2_127,0.1453000009059906,0.16269999742507935,0.06830000132322311,0.07609999924898148,0.04859999939799309,0.030700000002980232,0.2639999985694885,0.3359000086784363,0.5889256614789355,0.6305825350256399,Karkaraly,0.04165687412023544,0,"{""type"":""Point"",""coordinates"":[75.44625880170446,49.23972987765122]}"
2_2_132,0.21699999272823334,0.23125000298023224,0.15520000457763672,0.17035000026226044,0.08550000190734863,0.09735000133514404,0.20489999651908875,0.22139999270439148,0.13801719464061388,0.1303126824726624,Karkaraly,-0.007704512216150761,0,"{""type"":""Point"",""coordinates"":[75.3008669860135,49.238176893043544]}"
2_2_163,0.29725000262260437,0.29499998688697815,0.24525000154972076,0.24210000038146973,0.11249999701976776,0.10999999940395355,0.19789999723434448,0.21160000562667847,-0.10684870686065065,-0.06722502612054958,Karkaraly,0.0396236814558506,0,"{""type"":""Point"",""coordinates"":[75.3492430920841,49.218798152645235]}"
2_2_175,0.21389999985694885,0.24300000071525574,0.15060000121593475,0.17749999463558197,0.07500000298023224,0.0820000022649765,0.196150004863739,0.2084999978542328,0.13136266142512512,0.08031089073005307,Karkaraly,-0.05105176940560341,0,"{""type"":""Point"",""coordinates"":[75.39718715286708,49.23806751846473]}"
2_2_180,0.2584500014781952,0.28040000796318054,0.2049500048160553,0.22065000236034393,0.11069999635219574,0.11270000040531158,0.21690000593662262,0.23624999821186066,0.028327606533056045,0.03414312941996032,Karkaraly,0.005815522745251656,0,"{""type"":""Point"",""coordinates"":[75.30013959085677,49.23746619940361]}"
2_2_184,0.18105000257492065,0.20270000398159027,0.1185000017285347,0.13860000669956207,0.07769999653100967,0.0738999992609024,0.22619999945163727,0.241799995303154,0.3124455971986163,0.27129334400701466,Karkaraly,-0.04115225374698639,0,"{""type"":""Point"",""coordinates"":[75.43630622681427,49.23773958211875]}"
2_2_198,0.23285000026226044,0.257999986410141,0.17505000531673431,0.1987999975681305,0.10869999974966049,0.11819999665021896,0.19439999759197235,0.21330000460147858,0.05237513093218066,0.03518565143656631,Karkaraly,-0.017189480364322662,0,"{""type"":""Point"",""coordinates"":[75.38980070783485,49.23368790223078]}"
2_2_206,0.24195000529289246,0.25540000200271606,0.17614999413490295,0.1889999955892563,0.0970500037074089,0.09960000216960907,0.20045000314712524,0.21330000460147858,0.06452471903239154,0.06040270693686649,Karkaraly,-0.004122012294828892,0,"{""type"":""Point"",""coordinates"":[75.31367225386752,49.233230459979175]}"
2_2_209,0.3068999946117401,0.31290000677108765,0.2366500049829483,0.25110000371932983,0.10625000298023224,0.11699999868869781,0.22574999928474426,0.2296999990940094,-0.02357267646540464,-0.04450916077392069,Karkaraly,-0.02093648351728916,0,"{""type"":""Point"",""coordinates"":[75.44597080450154,49.23416249344742]}"
2_2_224,0.2154500037431717,0.23600000143051147,0.15160000324249268,0.17024999856948853,0.07519999891519547,0.07545000314712524,0.21484999358654022,0.22875000536441803,0.1726019672298068,0.1466165569377285,Karkaraly,-0.025985410436987877,0,"{""type"":""Point"",""coordinates"":[75.39484045310793,49.23646692052745]}"
2_2_235,0.1756500005722046,0.19059999287128448,0.10100000351667404,0.11159999668598175,0.05584999918937683,0.05270000174641609,0.23559999465942383,0.2759000062942505,0.39988114043996986,0.42400002153458116,Karkaraly,0.024118881672620773,0,"{""type"":""Point"",""coordinates"":[75.39745833589811,49.23571384524409]}"
2_2_240,0.35624998807907104,0.3589000105857849,0.3071500062942505,0.3102000057697296,0.17720000445842743,0.18219999969005585,0.2446500062942505,0.2531000077724457,-0.11326567338556535,-0.1013669387973639,Karkaraly,0.011898734606802464,0,"{""type"":""Point"",""coordinates"":[75.38838001220627,49.23472660726019]}"
2_2_248,0.18324999511241913,0.20890000462532043,0.12610000371932983,0.1445000022649765,0.05445000156760216,0.06340000033378601,0.1835000067949295,0.19945000112056732,0.1854005204336257,0.15976158835502532,Karkaraly,-0.02563893236219883,0,"{""type"":""Point"",""coordinates"":[75.31468857798997,49.23376329889319]}"
2_2_255,0.2844499945640564,0.30799999833106995,0.22875000536441803,0.24940000474452972,0.11219999939203262,0.12939999997615814,0.22095000743865967,0.23389999568462372,-0.017344891491417318,-0.03207119604002181,Karkaraly,-0.014726304449141026,0,"{""type"":""Point"",""coordinates"":[75.45538114679957,49.23826419760253]}"
2_2_256,0.263700008392334,0.2912999987602234,0.20669999718666077,0.22869999706745148,0.07609999924898148,0.0835999995470047,0.18355000019073486,0.210099995136261,-0.059320940811021815,-0.04238833696823645,Karkaraly,0.01693260297179222,0,"{""type"":""Point"",""coordinates"":[75.38714610840555,49.23395380349392]}"
2_2_274,0.21799999475479126,0.24979999661445618,0.15584999322891235,0.1851000040769577,0.10580000281333923,0.1143999993801117,0.23145000636577606,0.2574999928474426,0.1951975554246825,0.1635788280017802,Karkaraly,-0.03161872923374176,0,"{""type"":""Point"",""coordinates"":[75.44114006507442,49.238613163494485]}"
2_2_290,0.3140000104904175,0.3160000145435333,0.25380000472068787,0.25450000166893005,0.10320000350475311,0.10360000282526016,0.17425000667572021,0.1898999959230423,-0.1858427658615294,-0.14536455017085873,Karkaraly,0.040478214621543884,0,"{""type"":""Point"",""coordinates"":[75.32748128816127,49.177444720910515]}"
2_2_294,0.3097499907016754,0.3107999861240387,0.249549999833107,0.2524000108242035,0.11060000211000443,0.1151999980211258,0.17759999632835388,0.19689999520778656,-0.16844200901632764,-0.12352551718520419,Karkaraly,0.04491649195551872,0,"{""type"":""Point"",""coordinates"":[75.32848343537476,49.17711071048496]}"
2_2_302,0.17194999754428864,0.18209999799728394,0.08585000038146973,0.09120000153779984,0.04270000010728836,0.02800000086426735,0.26100000739097595,0.3179999887943268,0.5049733403045361,0.5542521813659992,Karkaraly,0.04927884042263031,0,"{""type"":""Point"",""coordinates"":[75.43305135662055,49.225882489322075]}"
2_2_336,0.15530000627040863,0.18115000426769257,0.1005999967455864,0.11869999766349792,0.045099999755620956,0.05685000121593475,0.1692499965429306,0.186599999666214,0.25440059849823793,0.22240420110252,Karkaraly,-0.03199639916419983,0,"{""type"":""Point"",""coordinates"":[75.30387649427566,49.238291859708234]}"
2_2_342,0.3425999879837036,0.3506999909877777,0.2846499979496002,0.2937000095844269,0.18610000610351562,0.19480000436306,0.265500009059906,0.28299999237060547,-0.03480866790094091,-0.01855387060438355,Karkaraly,0.01625479757785797,0,"{""type"":""Point"",""coordinates"":[75.37371242297131,49.173011389673675]}"
2_2_356,0.2925499975681305,0.30160000920295715,0.2282000035047531,0.22849999368190765,0.11909999698400497,0.11580000072717667,0.21355000138282776,0.23250000178813934,-0.033163558482933286,0.008676807257130626,Karkaraly,0.04184036701917648,0,"{""type"":""Point"",""coordinates"":[75.45120361296738,49.22342558655976]}"
2_2_374,0.20679999887943268,0.23600000143051147,0.1451999992132187,0.17030000686645508,0.08569999784231186,0.09549999982118607,0.195250004529953,0.21119999885559082,0.14701132256262503,0.10720836533600145,Karkaraly,-0.03980295732617378,0,"{""type"":""Point"",""coordinates"":[75.43778416283273,49.23260924346762]}"
2_2_377,0.23019999265670776,0.2720000147819519,0.16410000622272491,0.20479999482631683,0.08420000225305557,0.09149999916553497,0.20829999446868896,0.22110000252723694,0.1186895493122998,0.038271913130323236,Karkaraly,-0.08041763305664062,0,"{""type"":""Point"",""coordinates"":[75.40194644727079,49.232889441612045]}"
2_2_382,0.2290000021457672,0.23489999771118164,0.1573999971151352,0.15870000422000885,0.06984999775886536,0.06750000268220901,0.24699999392032623,0.2603999972343445,0.22156280611127438,0.24266283145172546,Karkaraly,0.02110002562403679,0,"{""type"":""Point"",""coordinates"":[75.45884096517824,49.233721137494186]}"
2_2_383,0.32179999351501465,0.328900009393692,0.2552500069141388,0.26089999079704285,0.12759999930858612,0.13199999928474426,0.20444999635219574,0.22869999706745148,-0.11050687448551368,-0.06576796267916432,Karkaraly,0.04473891109228134,0,"{""type"":""Point"",""coordinates"":[75.31674971643602,49.17048556268126]}"
2_2_387,0.30125001072883606,0.31610000133514404,0.2545500099658966,0.2644999921321869,0.1437000036239624,0.14339999854564667,0.22165000438690186,0.2533999979496002,-0.06908862786093994,-0.021432698194942524,Karkaraly,0.04765592887997627,0,"{""type"":""Point"",""coordinates"":[75.4500592042465,49.18315827715632]}"
2_2_400,0.3266499936580658,0.3269999921321869,0.2503499984741211,0.2488500028848648,0.12639999389648438,0.11900000274181366,0.1984499990940094,0.21424999833106995,-0.11564171047535036,-0.07471389432724604,Karkaraly,0.040927816182374954,0,"{""type"":""Point"",""coordinates"":[75.43368867082717,49.193089671742946]}"
2_2_402,0.2863999903202057,0.33500000834465027,0.23604999482631683,0.2777999937534332,0.19529999792575836,0.21879999339580536,0.24490000307559967,0.2784000039100647,0.018401098425802846,0.0010787669168500734,Karkaraly,-0.01732233166694641,0,"{""type"":""Point"",""coordinates"":[75.37499289837186,49.17245155696075]}"
2_2_408,0.2268500030040741,0.24549999833106995,0.16359999775886536,0.1728000044822693,0.0689999982714653,0.07880000025033951,0.18095000088214874,0.20479999482631683,0.050355545470079414,0.08474573729513221,Karkaraly,0.03439019247889519,0,"{""type"":""Point"",""coordinates"":[75.43412270233236,49.226250883255226]}"
2_2_411,0.2554500102996826,0.2806999981403351,0.1967500001192093,0.21529999375343323,0.08184999972581863,0.0908999964594841,0.20675000548362732,0.21660000085830688,0.024783160410314822,0.003009972496161545,Karkaraly,-0.021773187443614006,0,"{""type"":""Point"",""coordinates"":[75.45487525642477,49.23868268758935]}"
2_2_428,0.30169999599456787,0.31709998846054077,0.23225000500679016,0.24445000290870667,0.11230000108480453,0.12389999628067017,0.2395000010728836,0.2646999955177307,0.015368300948933097,0.03977215490839247,Karkaraly,0.024403853341937065,0,"{""type"":""Point"",""coordinates"":[75.37930901078097,49.235780113768]}"
2_2_440,0.24770000576972961,0.27309998869895935,0.1959500014781952,0.21089999377727509,0.10114999860525131,0.12439999729394913,0.1995999962091446,0.21719999611377716,0.009227644424952112,0.014716193611930174,Karkaraly,0.00548854935914278,0,"{""type"":""Point"",""coordinates"":[75.45799236926445,49.2347985381993]}"
2_2_448,0.2998499870300293,0.22280000150203705,0.2713499963283539,0.2138500064611435,0.10830000042915344,0.08555000275373459,0.15125000476837158,0.11429999768733978,-0.2841930696836264,-0.30336738538866126,Karkaraly,-0.01917431503534317,0,"{""type"":""Point"",""coordinates"":[75.44491577526391,49.2036289767299]}"
2_2_449,0.25270000100135803,0.2671000063419342,0.19144999980926514,0.20499999821186066,0.09440000355243683,0.09910000115633011,0.20315000414848328,0.2160000056028366,0.029650289462417014,0.026128283352267127,Karkaraly,-0.003522006096318364,0,"{""type"":""Point"",""coordinates"":[75.43124764002046,49.232118395820216]}"
2_2_455,0.3005000054836273,0.3077000081539154,0.24719999730587006,0.25220000743865967,0.11349999904632568,0.121799997985363,0.18469999730587006,0.20319999754428864,-0.14470942528300992,-0.10759773684281307,Karkaraly,0.037111688405275345,0,"{""type"":""Point"",""coordinates"":[75.33273219558511,49.17666489954816]}"
2_2_462,0.22554999589920044,0.25540000200271606,0.16535000503063202,0.19269999861717224,0.0786999985575676,0.09549999982118607,0.19689999520778656,0.21230000257492065,0.08709452079058548,0.04839507135816541,Karkaraly,-0.038699448108673096,0,"{""type"":""Point"",""coordinates"":[75.30814750899204,49.23064578465676]}"
2_2_465,0.3034000098705292,0.3070000112056732,0.23025000095367432,0.2328999936580658,0.11050000041723251,0.1080000028014183,0.18700000643730164,0.20829999446868896,-0.10365486818516967,-0.05575702595510806,Karkaraly,0.04789784178137779,0,"{""type"":""Point"",""coordinates"":[75.31094466643655,49.18879859815587]}"
2_2_483,0.30820000171661377,0.32010000944137573,0.25200000405311584,0.2558000087738037,0.10580000281333923,0.11100000143051147,0.17694999277591705,0.19539999961853027,-0.17496214438045926,-0.13386526602799517,Karkaraly,0.04109687730669975,0,"{""type"":""Point"",""coordinates"":[75.31813328010425,49.177248129246536]}"
2_2_502,0.3246000111103058,0.2946999967098236,0.28380000591278076,0.24379999935626984,0.2696000039577484,0.23100000619888306,0.31769999861717224,0.287200003862381,0.056359089690918455,0.0817325880283286,Karkaraly,0.02537349797785282,0,"{""type"":""Point"",""coordinates"":[75.370830955443,49.17016867444689]}"
2_2_510,0.19014999270439148,0.2134000062942505,0.13455000519752502,0.15530000627040863,0.08084999769926071,0.08630000054836273,0.1863500028848648,0.20100000500679016,0.16142099215541414,0.12826269236580873,Karkaraly,-0.03315829858183861,0,"{""type"":""Point"",""coordinates"":[75.44884344510602,49.23824290711026]}"
2_2_516,0.257099986076355,0.2843500077724457,0.20340000092983246,0.21870000660419464,0.11330000311136246,0.10660000145435333,0.24490000307559967,0.26315000653266907,0.09257194239343426,0.09224862242734637,Karkaraly,-3.2331995316781104E-4,0,"{""type"":""Point"",""coordinates"":[75.3825798902472,49.237328624488605]}"
2_2_538,0.24500000476837158,0.25244998931884766,0.1777999997138977,0.1813499927520752,0.07569999992847443,0.08370000123977661,0.20145000517368317,0.21565000712871552,0.06235993448911335,0.08639802112579287,Karkaraly,0.024038085713982582,0,"{""type"":""Point"",""coordinates"":[75.3158442984594,49.232021968439085]}"
2_2_578,0.1619500070810318,0.17759999632835388,0.0856499969959259,0.09520000219345093,0.03970000147819519,0.03319999948143959,0.3072499930858612,0.3441999852657318,0.5640112030641855,0.5666818165201046,Karkaraly,0.0026706133503466845,0,"{""type"":""Point"",""coordinates"":[75.40138438036988,49.23988993734865]}"
2_2_594,0.3041999936103821,0.3095000088214874,0.24940000474452972,0.251800000667572,0.10890000313520432,0.1096000000834465,0.178849995136261,0.19900000095367432,-0.16474024431502,-0.11712510985805025,Karkaraly,0.047615133225917816,0,"{""type"":""Point"",""coordinates"":[75.33357332031531,49.17672601635217]}"
2_2_604,0.20374999940395355,0.23229999840259552,0.13985000550746918,0.15700000524520874,0.07810000330209732,0.08560000360012054,0.188400000333786,0.20029999315738678,0.14790554139333686,0.12118664457252205,Karkaraly,-0.026718897745013237,0,"{""type"":""Point"",""coordinates"":[75.44161458619827,49.232655838039186]}"
2_2_616,0.288100004196167,0.3079499900341034,0.23395000398159027,0.249099999666214,0.11990000307559967,0.12770000100135803,0.22050000727176666,0.2389499992132187,-0.029596207232406038,-0.020797050458559153,Karkaraly,0.008799157105386257,0,"{""type"":""Point"",""coordinates"":[75.37897804861757,49.23898367684594]}"
2_2_621,0.2845500111579895,0.296099990606308,0.2186499983072281,0.23929999768733978,0.10305000096559525,0.11680000275373459,0.22294999659061432,0.22859999537467957,0.009737315065823248,-0.022868139498437544,Karkaraly,-0.032605454325675964,0,"{""type"":""Point"",""coordinates"":[75.45798515811344,49.23797591846981]}"
2_2_626,0.3063499927520752,0.325300008058548,0.24799999594688416,0.2572999894618988,0.13940000534057617,0.13979999721050262,0.2389499992132187,0.2515000104904175,-0.01858506381274312,-0.011399329740614948,Karkaraly,0.007185733877122402,0,"{""type"":""Point"",""coordinates"":[75.40875111566108,49.238450520149385]}"
2_2_627,0.20430000126361847,0.2206999957561493,0.13854999840259552,0.14990000426769257,0.0632999986410141,0.060100000351667404,0.2092999964952469,0.22949999570846558,0.20339226428170404,0.20980493264569094,Karkaraly,0.006412668153643608,0,"{""type"":""Point"",""coordinates"":[75.4152962751181,49.23421411005691]}"
2_2_644,0.3095499873161316,0.3219499886035919,0.2524000108242035,0.2599000036716461,0.12210000306367874,0.12939999997615814,0.19949999451637268,0.21985000371932983,-0.11706133145088704,-0.08348097829142341,Karkaraly,0.03358035162091255,0,"{""type"":""Point"",""coordinates"":[75.31290942880098,49.17049393872385]}"
2_2_646,0.32179999351501465,0.328900009393692,0.2552500069141388,0.26089999079704285,0.12759999930858612,0.13199999928474426,0.20444999635219574,0.22869999706745148,-0.11050687448551368,-0.06576796267916432,Karkaraly,0.04473891109228134,0,"{""type"":""Point"",""coordinates"":[75.31681062710216,49.17046084892494]}"
2_2_654,0.2313999980688095,0.2531000077724457,0.16744999587535858,0.19760000705718994,0.0997999981045723,0.08060000091791153,0.24345000088214874,0.25290000438690186,0.18495985788883218,0.12275248817962524,Karkaraly,-0.06220737099647522,0,"{""type"":""Point"",""coordinates"":[75.45400178460288,49.227655520337386]}"
2_2_663,0.2198999971151352,0.24070000648498535,0.15230000019073486,0.16830000281333923,0.08879999816417694,0.08669999986886978,0.21584999561309814,0.22910000383853912,0.1726198455702974,0.15299446403497566,Karkaraly,-0.019625380635261536,0,"{""type"":""Point"",""coordinates"":[75.39043650663903,49.23624210752666]}"
2_2_665,0.1724500060081482,0.2012999951839447,0.1091499999165535,0.12890000641345978,0.051350001245737076,0.05660000070929527,0.20645000040531158,0.2475000023841858,0.3083016488895011,0.3150903113673569,Karkaraly,0.006788662634789944,0,"{""type"":""Point"",""coordinates"":[75.43947311906965,49.23794750580258]}"
2_2_695,0.2703000009059906,0.2827000021934509,0.20055000483989716,0.21899999678134918,0.09634999930858612,0.09860000014305115,0.2037999927997589,0.22509999573230743,0.008037561466138654,0.013735642994343598,Karkaraly,0.005698081571608782,0,"{""type"":""Point"",""coordinates"":[75.3559845968838,49.23824050161193]}"
2_2_698,0.3512499928474426,0.35269999504089355,0.29205000400543213,0.2987000048160553,0.1460999995470047,0.1477999985218048,0.24869999289512634,0.25110000371932983,-0.08016645651183917,-0.08657693771873037,Karkaraly,-0.006410481408238411,0,"{""type"":""Point"",""coordinates"":[75.4140650529195,49.23273225856837]}"
2_2_699,0.3000999987125397,0.3151000142097473,0.2386000007390976,0.2591499984264374,0.11999999731779099,0.12540000677108765,0.21085000038146973,0.21975000202655792,-0.06174212991087252,-0.0822718654470885,Karkaraly,-0.02052973583340645,0,"{""type"":""Point"",""coordinates"":[75.3882882178673,49.238164951846805]}"
2_2_708,0.2828499972820282,0.2971999943256378,0.22179999947547913,0.22699999809265137,0.12319999933242798,0.12219999730587006,0.21854999661445618,0.23280000686645508,-0.007380499352517723,0.012614199024029046,Karkaraly,0.019994698464870453,0,"{""type"":""Point"",""coordinates"":[75.45645975081514,49.23351174155466]}"
2_2_730,0.3443000018596649,0.37904998660087585,0.2962000072002411,0.3265500068664551,0.17550000548362732,0.18860000371932983,0.2685000002384186,0.297650009393692,-0.04905260598005466,-0.04629925780187491,Karkaraly,0.0027533480897545815,0,"{""type"":""Point"",""coordinates"":[75.38531924085676,49.239901412995884]}"
2_2_735,0.29144999384880066,0.30169999599456787,0.21789999306201935,0.22619999945163727,0.09835000336170197,0.10050000250339508,0.16910000145435333,0.1923999935388565,-0.12609817131561082,-0.08074535709213054,Karkaraly,0.045352812856435776,0,"{""type"":""Point"",""coordinates"":[75.37662752172217,49.17634344236585]}"
2_2_738,0.18080000579357147,0.1996999979019165,0.11410000175237656,0.11599999666213989,0.04439999908208847,0.03150000050663948,0.25429999828338623,0.28369998931884766,0.3805645942383269,0.41956466984886187,Karkaraly,0.039000075310468674,0,"{""type"":""Point"",""coordinates"":[75.39532252397387,49.2379548331726]}"
2_2_739,0.17775000631809235,0.1899999976158142,0.11550000309944153,0.12729999423027039,0.06565000116825104,0.07415000349283218,0.19769999384880066,0.20045000314712524,0.2624520803010834,0.22318843478929007,Karkaraly,-0.03926364704966545,0,"{""type"":""Point"",""coordinates"":[75.31543369502306,49.23035785458495]}"
2_2_748,0.19439999759197235,0.2037999927997589,0.12404999881982803,0.13210000097751617,0.05534999817609787,0.06560000032186508,0.1899999976158142,0.21279999613761902,0.2099984064464118,0.2339808519428993,Karkaraly,0.023982444778084755,0,"{""type"":""Point"",""coordinates"":[75.35551316835371,49.22510892813648]}"
2_2_750,0.32464998960494995,0.3203999996185303,0.23430000245571136,0.22540000081062317,0.11649999767541885,0.12200000137090683,0.21369999647140503,0.22390000522136688,-0.045982156325088924,-0.00333851673518448,Karkaraly,0.04264364019036293,0,"{""type"":""Point"",""coordinates"":[75.32882208580344,49.17065527041616]}"
2_2_761,0.29045000672340393,0.29980000853538513,0.21275000274181366,0.2168000042438507,0.09709999710321426,0.1006999984383583,0.16095000505447388,0.18129999935626984,-0.13861385230577022,-0.08917358594962374,Karkaraly,0.04944026470184326,0,"{""type"":""Point"",""coordinates"":[75.3830899335409,49.179657810869834]}"
2_2_764,0.2934499979019165,0.3075999915599823,0.23154999315738678,0.2386000007390976,0.10970000177621841,0.12380000203847885,0.17479999363422394,0.1956000030040741,-0.13965793372171575,-0.0990326977529413,Karkaraly,0.04062523692846298,0,"{""type"":""Point"",""coordinates"":[75.37150498570375,49.176679521952224]}"
2_2_766,0.2766999900341034,0.2912999987602234,0.21664999425411224,0.2354000061750412,0.12210000306367874,0.11699999868869781,0.21899999678134918,0.22910000383853912,0.005394244406275337,-0.013562975674247855,Karkaraly,-0.018957220017910004,0,"{""type"":""Point"",""coordinates"":[75.41607194358139,49.23334955575245]}"
2_2_769,0.2533000111579895,0.26510000228881836,0.1911499947309494,0.20149999856948853,0.08569999784231186,0.09070000052452087,0.21060000360012054,0.22280000150203705,0.0484132145612182,0.05020033685825575,Karkaraly,0.0017871223390102386,0,"{""type"":""Point"",""coordinates"":[75.3384273324892,49.23604459791587]}"
2_2_777,0.2912999987602234,0.33880001306533813,0.22769999504089355,0.2721000015735626,0.18700000643730164,0.21459999680519104,0.2694000005722046,0.30219998955726624,0.08388655381072846,0.052411611437491144,Karkaraly,-0.031474944204092026,0,"{""type"":""Point"",""coordinates"":[75.37853628610318,49.17296299894364]}"
2_2_780,0.2886500060558319,0.2987000048160553,0.212349995970726,0.21709999442100525,0.09350000321865082,0.0957999974489212,0.16850000619888306,0.18940000236034393,-0.11513716560861315,-0.06814266243539668,Karkaraly,0.04699450358748436,0,"{""type"":""Point"",""coordinates"":[75.38275417671166,49.1813690016338]}"
2_2_782,0.3086499869823456,0.319599986076355,0.24410000443458557,0.26080000400543213,0.12759999930858612,0.1257999986410141,0.2446500062942505,0.2572999894618988,0.0011253234733330044,-0.00675548077140445,Karkaraly,-0.007880804128944874,0,"{""type"":""Point"",""coordinates"":[75.35895796372056,49.24001613716761]}"
2_2_784,0.15489999949932098,0.16660000383853912,0.07180000096559525,0.07699999958276749,0.041600000113248825,0.02879999950528145,0.3075999915599823,0.38199999928474426,0.6215076311012062,0.6644880184193935,Karkaraly,0.042980387806892395,0,"{""type"":""Point"",""coordinates"":[75.44725543721951,49.234107307944065]}"
2_2_800,0.2513499855995178,0.28139999508857727,0.19044999778270721,0.21469999849796295,0.08569999784231186,0.10140000283718109,0.2033499926328659,0.2190999984741211,0.03275773276821429,0.010142923021830477,Karkaraly,-0.02261481061577797,0,"{""type"":""Point"",""coordinates"":[75.41421800645212,49.23565201887113]}"
2_2_812,0.3093000054359436,0.32170000672340393,0.2476000040769577,0.26460000872612,0.13120000064373016,0.14180000126361847,0.22540000081062317,0.23829999566078186,-0.04693446730853812,-0.05229670478408754,Karkaraly,-0.005362237337976694,0,"{""type"":""Point"",""coordinates"":[75.39983131266362,49.239619696484915]}"
2_2_828,0.27204999327659607,0.29109999537467957,0.20794999599456787,0.21400000154972076,0.07609999924898148,0.08389999717473984,0.22224999964237213,0.24860000610351562,0.03324036214047874,0.07479464760348842,Karkaraly,0.0415542870759964,0,"{""type"":""Point"",""coordinates"":[75.3787643795264,49.23390402464941]}"
2_2_831,0.15610000491142273,0.1859000027179718,0.09220000356435776,0.11469999700784683,0.035599999129772186,0.03629999980330467,0.19634999334812164,0.22100000083446503,0.36094261271246453,0.3166517858500268,Karkaraly,-0.044290825724601746,0,"{""type"":""Point"",""coordinates"":[75.40676964540016,49.22617151644659]}"
2_2_836,0.1339000016450882,0.15629999339580536,0.07985000312328339,0.09570000320672989,0.05350000038743019,0.05999999865889549,0.1628500074148178,0.20340000092983246,0.34198599376865024,0.3600802281297501,Karkaraly,0.01809423416852951,0,"{""type"":""Point"",""coordinates"":[75.30861658590413,49.23880054333607]}"
2_2_847,0.3070499897003174,0.32214999198913574,0.25995001196861267,0.2624000012874603,0.13429999351501465,0.1362999975681305,0.21359999477863312,0.22955000400543213,-0.09787776692973119,-0.06677507252483976,Karkaraly,0.03110269457101822,0,"{""type"":""Point"",""coordinates"":[75.38787400674903,49.239190705988314]}"
2_2_864,0.2533999979496002,0.2646999955177307,0.18520000576972961,0.19449999928474426,0.0868000015616417,0.09350000321865082,0.15514999628067017,0.17800000309944153,-0.08829149201711942,-0.044295291489112834,Karkaraly,0.04399619996547699,0,"{""type"":""Point"",""coordinates"":[75.3806418676609,49.174380117343134]}"
2_2_873,0.2651999890804291,0.274399995803833,0.2037000060081482,0.2069000005722046,0.10095000267028809,0.09880000352859497,0.20600000023841858,0.20909999310970306,0.0056138496343741745,0.00528844368007536,Karkaraly,-3.2540594111196697E-4,0,"{""type"":""Point"",""coordinates"":[75.45202257292237,49.22590228065449]}"
2_2_879,0.11050000041723251,0.13670000433921814,0.060499999672174454,0.08380000293254852,0.02810000069439411,0.03799999877810478,0.1537500023841858,0.17000000178813934,0.43523921501518187,0.3396374990239094,Karkaraly,-0.09560171514749527,0,"{""type"":""Point"",""coordinates"":[75.31970050641257,49.23654867122941]}"
2_2_883,0.17579999566078186,0.1949000060558319,0.11490000039339066,0.13314999639987946,0.05380000174045563,0.0632999986410141,0.18915000557899475,0.1960500031709671,0.24420326830168743,0.19106927962662723,Karkaraly,-0.05313398689031601,0,"{""type"":""Point"",""coordinates"":[75.31456135811904,49.233629394377225]}"
2_2_906,0.1858000010251999,0.22040000557899475,0.1287499964237213,0.16329999268054962,0.06395000219345093,0.07909999787807465,0.18404999375343323,0.20900000631809235,0.17679027834493447,0.1227505070117108,Karkaraly,-0.05403977259993553,0,"{""type"":""Point"",""coordinates"":[75.45061405028159,49.23889029637592]}"
2_2_908,0.11945000290870667,0.1408499926328659,0.0710500031709671,0.08749999850988388,0.033649999648332596,0.043150000274181366,0.16290000081062317,0.17499999701976776,0.39260524076282477,0.3333333333333333,Karkaraly,-0.059271905571222305,0,"{""type"":""Point"",""coordinates"":[75.30443026382224,49.239543803050665]}"
2_2_915,0.35295000672340393,0.3571000099182129,0.2849000096321106,0.2953000068664551,0.14710000157356262,0.149399995803833,0.2235500067472458,0.23199999332427979,-0.12066083372704889,-0.12004554052584568,Karkaraly,6.152932182885706E-4,0,"{""type"":""Point"",""coordinates"":[75.38399454392321,49.23330873656321]}"
2_2_922,0.3167499899864197,0.31949999928474426,0.25975000858306885,0.26089999079704285,0.11749999970197678,0.11879999935626984,0.1915999948978424,0.21080000698566437,-0.15099149919051386,-0.10621154133322146,Karkaraly,0.044779956340789795,0,"{""type"":""Point"",""coordinates"":[75.32205786437042,49.17444064071842]}"
2_2_924,0.24889999628067017,0.1776999980211258,0.24824999272823334,0.1898999959230423,0.08344999700784683,0.06040000170469284,0.12030000239610672,0.0812000036239624,-0.3471713255319928,-0.4009590279627903,Karkaraly,-0.053787700831890106,0,"{""type"":""Point"",""coordinates"":[75.45945086074595,49.209812650357854]}"
2_2_928,0.3080500066280365,0.3203999996185303,0.2402999997138977,0.24770000576972961,0.10215000063180923,0.11209999769926071,0.17569999396800995,0.19795000553131104,-0.15528847770916995,-0.11163468860502732,Karkaraly,0.04365378990769386,0,"{""type"":""Point"",""coordinates"":[75.32899109186285,49.17411338548335]}"
2_2_935,0.29649999737739563,0.3091999888420105,0.22200000286102295,0.2305999994277954,0.1136000007390976,0.11739999800920486,0.18424999713897705,0.20810000598430634,-0.09292309100811298,-0.05128788047849065,Karkaraly,0.04163521155714989,0,"{""type"":""Point"",""coordinates"":[75.34707814743074,49.17141628118026]}"
2_2_954,0.18610000610351562,0.2143000066280365,0.12549999356269836,0.14800000190734863,0.05195000022649765,0.056299999356269836,0.17149999737739563,0.18979999423027039,0.1548821724508929,0.12374183777637618,Karkaraly,-0.031140334904193878,0,"{""type"":""Point"",""coordinates"":[75.41500657559358,49.23720435880727]}"
2_2_966,0.31869998574256897,0.32589998841285706,0.2642500102519989,0.267300009727478,0.12070000171661377,0.12680000066757202,0.1979999989271164,0.2143000066280365,-0.14332073555289335,-0.1100498365853817,Karkaraly,0.03327089920639992,0,"{""type"":""Point"",""coordinates"":[75.32028590788099,49.17429065459001]}"
2_2_971,0.19235000014305115,0.2134000062942505,0.12995000183582306,0.14569999277591705,0.06340000033378601,0.06629999727010727,0.18039999902248383,0.20270000398159027,0.16255839228978824,0.16360508535063578,Karkaraly,0.0010466930689290166,0,"{""type"":""Point"",""coordinates"":[75.44854822247481,49.23832200784931]}"
2_2_976,0.3366999924182892,0.35440000891685486,0.27709999680519104,0.2906999886035919,0.11490000039339066,0.11879999935626984,0.23194999992847443,0.24535000324249268,-0.08869462168043006,-0.08460029111262543,Karkaraly,0.004094330593943596,0,"{""type"":""Point"",""coordinates"":[75.38243225612757,49.23597356757711]}"
2_2_984,0.19664999842643738,0.2282000035047531,0.13920000195503235,0.1607999950647354,0.07880000025033951,0.09719999879598618,0.18160000443458557,0.2011999934911728,0.1321695811566088,0.11160220912603122,Karkaraly,-0.02056737244129181,0,"{""type"":""Point"",""coordinates"":[75.31134060401554,49.233532163522554]}"
2_2_986,0.14695000648498535,0.17579999566078186,0.09404999762773514,0.11365000158548355,0.041600000113248825,0.05270000174641609,0.1785999983549118,0.1949000060558319,0.31010453685302064,0.26332847985147423,Karkaraly,-0.04677605628967285,0,"{""type"":""Point"",""coordinates"":[75.30766758925316,49.23507896097822]}"
2_2_996,0.30820000171661377,0.3086000084877014,0.2467000037431717,0.24799999594688416,0.11460000276565552,0.1111999973654747,0.20155000686645508,0.22210000455379486,-0.10072503247754962,-0.05509464234312819,Karkaraly,0.04563039168715477,0,"{""type"":""Point"",""coordinates"":[75.34569138991806,49.21516243912169]}"
2_2_1000,0.19955000281333923,0.22360000014305115,0.1363999992609024,0.16380000114440918,0.06390000134706497,0.07259999960660934,0.19245000183582306,0.20340000092983246,0.1704424582271311,0.10784313606135772,Karkaraly,-0.06259932368993759,0,"{""type"":""Point"",""coordinates"":[75.40146674178641,49.23510320740929]}"
2_2_1002,0.21490000188350677,0.2320999950170517,0.1453000009059906,0.14959999918937683,0.07045000046491623,0.07349999994039536,0.20739999413490295,0.2249000072479248,0.1760702979928089,0.20106810884969803,Karkaraly,0.024997811764478683,0,"{""type"":""Point"",""coordinates"":[75.44176205165483,49.23198627003638]}"
2_2_1008,0.30764999985694885,0.3212999999523163,0.25404998660087585,0.2597000002861023,0.12060000002384186,0.12720000743865967,0.18735000491142273,0.20839999616146088,-0.1511100656366793,-0.10959197717145908,Karkaraly,0.041518088430166245,0,"{""type"":""Point"",""coordinates"":[75.31896962974633,49.177715840879834]}"
2_2_1011,0.23350000381469727,0.24629999697208405,0.17024999856948853,0.18129999935626984,0.07154999673366547,0.07829999923706055,0.19265000522136688,0.21570000052452087,0.061725010796053366,0.08664987702413227,Karkaraly,0.0249248668551445,0,"{""type"":""Point"",""coordinates"":[75.44548164348564,49.23368035137292]}"
2_2_1014,0.2831000089645386,0.30079999566078186,0.21324999630451202,0.2280000001192093,0.10830000042915344,0.10220000147819519,0.26260000467300415,0.28769999742507935,0.10370916941707416,0.11576497496636692,Karkaraly,0.012055805884301662,0,"{""type"":""Point"",""coordinates"":[75.40745901342696,49.23521872172858]}"
2_2_1015,0.24414999783039093,0.25699999928474426,0.16895000636577606,0.18410000205039978,0.08214999735355377,0.08380000293254852,0.23569999635219574,0.25130000710487366,0.16495734471288834,0.15434084437630052,Karkaraly,-0.010616499930620193,0,"{""type"":""Point"",""coordinates"":[75.40738894155953,49.22785154990669]}"
2_2_1039,0.18455000221729279,0.20029999315738678,0.11259999871253967,0.1225999966263771,0.05000000074505806,0.05400000140070915,0.188400000333786,0.21870000660419464,0.2518272487089951,0.28157049243534676,Karkaraly,0.029743243008852005,0,"{""type"":""Point"",""coordinates"":[75.44508908972718,49.23154403285234]}"
2_2_1041,0.13819999992847443,0.16439999639987946,0.08515000343322754,0.11209999769926071,0.034449998289346695,0.051100000739097595,0.16050000488758087,0.17900000512599945,0.3067372232935138,0.2298179552643189,Karkaraly,-0.07691926509141922,0,"{""type"":""Point"",""coordinates"":[75.31698220191883,49.23540491483119]}"
2_2_1048,0.2797499895095825,0.29429998993873596,0.22519999742507935,0.23229999840259552,0.11500000208616257,0.11840000003576279,0.21299999952316284,0.24140000343322754,-0.02784116382218392,0.019210481307504697,Karkaraly,0.04705164581537247,0,"{""type"":""Point"",""coordinates"":[75.3855023121478,49.23240862994077]}"
2_2_1055,0.15950000286102295,0.18655000627040863,0.10244999825954437,0.12219999730587006,0.05310000106692314,0.05079999938607216,0.1821500062942505,0.20024999976158142,0.280042188192029,0.24205304129490976,Karkaraly,-0.03798914700746536,0,"{""type"":""Point"",""coordinates"":[75.39117566051809,49.23737743819653]}"
2_2_1056,0.2689000070095062,0.2939999997615814,0.21369999647140503,0.23280000686645508,0.10170000046491623,0.1151999980211258,0.20264999568462372,0.21809999644756317,-0.02654017291932668,-0.032601486606453726,Karkaraly,-0.006061313673853874,0,"{""type"":""Point"",""coordinates"":[75.45301943740326,49.23750374913201]}"
2_2_1062,0.2547999918460846,0.266400009393692,0.18964999914169312,0.20270000398159027,0.0961500033736229,0.10400000214576721,0.19265000522136688,0.21480000019073486,0.007847256200459632,0.02898202655861594,Karkaraly,0.021134769544005394,0,"{""type"":""Point"",""coordinates"":[75.45559446594943,49.22340665641701]}"
2_2_1064,0.2759000062942505,0.2825999855995178,0.2065500020980835,0.21379999816417694,0.09019999951124191,0.09629999846220016,0.15620000660419464,0.17839999496936798,-0.1388008112639713,-0.09026008111824516,Karkaraly,0.04854073002934456,0,"{""type"":""Point"",""coordinates"":[75.459398816725,49.19583740919314]}"
2_2_1068,0.25999999046325684,0.2651999890804291,0.19189999997615814,0.19539999961853027,0.08569999784231186,0.09189999848604202,0.18119999766349792,0.20190000534057617,-0.02867864481466546,0.01636044712034407,Karkaraly,0.045039091259241104,0,"{""type"":""Point"",""coordinates"":[75.3105180621768,49.22819891545761]}"
2_2_1071,0.1732500046491623,0.218299999833107,0.12974999845027924,0.1501999944448471,0.04715000092983246,0.05829999968409538,0.18240000307559967,0.20800000429153442,0.16866892317139864,0.1613623954511106,Karkaraly,-0.007306527812033892,0,"{""type"":""Point"",""coordinates"":[75.45259785026933,49.22735375415081]}"
2_2_1085,0.1987999975681305,0.21185000240802765,0.13439999520778656,0.14284999668598175,0.05640000104904175,0.06499999761581421,0.19619999825954437,0.21275000274181366,0.1869328622895594,0.1965691961988462,Karkaraly,0.009636334143579006,0,"{""type"":""Point"",""coordinates"":[75.30301953150386,49.23584848632529]}"
2_2_1086,0.2292499989271164,0.2387000024318695,0.16455000638961792,0.17010000348091125,0.08429999649524689,0.0877000018954277,0.19439999759197235,0.20589999854564667,0.0831591889434423,0.09521275231856717,Karkaraly,0.012053563259541988,0,"{""type"":""Point"",""coordinates"":[75.41586588728252,49.23701690874328]}"
2_2_1097,0.3010999858379364,0.3124000132083893,0.24764999747276306,0.2535000145435333,0.11129999905824661,0.11599999666213989,0.1776999980211258,0.19820000231266022,-0.16445280402651904,-0.12242641170518002,Karkaraly,0.04202639311552048,0,"{""type"":""Point"",""coordinates"":[75.32612112502538,49.17546232908725]}"
2_2_1109,0.20489999651908875,0.23549999296665192,0.14169999957084656,0.1703999936580658,0.07524999976158142,0.08510000258684158,0.19269999861717224,0.20630000531673431,0.15251195969699308,0.0953013319786871,Karkaraly,-0.05721062794327736,0,"{""type"":""Point"",""coordinates"":[75.4431501837593,49.23631499418587]}"
2_2_1131,0.22374999523162842,0.23229999840259552,0.1437000036239624,0.1492999941110611,0.06800000369548798,0.05939999967813492,0.2231999933719635,0.24279999732971191,0.21668026819003727,0.23845959005274311,Karkaraly,0.021779321134090424,0,"{""type"":""Point"",""coordinates"":[75.39839856447027,49.23782285165078]}"
2_2_1133,0.31619998812675476,0.2768000066280365,0.22095000743865967,0.19030000269412994,0.0961500033736229,0.08320000022649765,0.2054000049829483,0.19439999759197235,-0.036472386543135164,0.010657642045212455,Karkaraly,0.047130029648542404,0,"{""type"":""Point"",""coordinates"":[75.45335739617764,49.179294216855475]}"
2_2_1145,0.3156000077724457,0.3264999985694885,0.2583500146865845,0.26809999346733093,0.12489999830722809,0.13359999656677246,0.19740000367164612,0.21539999544620514,-0.13373561944001977,-0.1089968960279544,Karkaraly,0.024738723412156105,0,"{""type"":""Point"",""coordinates"":[75.3195930712455,49.17272263983367]}"
2_2_1146,0.31025001406669617,0.26684999465942383,0.25404998660087585,0.21144999563694,0.21439999341964722,0.1800999939441681,0.3059999942779541,0.26205000281333923,0.09275959191277597,0.1068637958648538,Karkaraly,0.014104204252362251,0,"{""type"":""Point"",""coordinates"":[75.44881725156122,49.19948440654806]}"
2_2_1147,0.23240000009536743,0.25690001249313354,0.15895000100135803,0.18289999663829803,0.07400000095367432,0.07410000264644623,0.20430000126361847,0.21780000627040863,0.12484514791325288,0.08709760264229903,Karkaraly,-0.037747547030448914,0,"{""type"":""Point"",""coordinates"":[75.40058310852575,49.22645646228379]}"
2_2_1154,0.33355000615119934,0.34869998693466187,0.2676999866962433,0.27489998936653137,0.14499999582767487,0.14820000529289246,0.2511500120162964,0.25619998574256897,-0.03189741682762563,-0.035209950104254824,Karkaraly,-0.0033125332556664944,0,"{""type"":""Point"",""coordinates"":[75.38281164974015,49.234696841770905]}"
2_2_1158,0.31940001249313354,0.3276999890804291,0.26269999146461487,0.27219998836517334,0.13760000467300415,0.14159999787807465,0.20995000004768372,0.22859999537467957,-0.11160476539553385,-0.08706069170549806,Karkaraly,0.02454407326877117,0,"{""type"":""Point"",""coordinates"":[75.32062474540963,49.17195929740781]}"
2_2_1162,0.27515000104904175,0.2782000005245209,0.22374999523162842,0.22220000624656677,0.11289999634027481,0.10939999669790268,0.19509999454021454,0.21209999918937683,-0.06840157906418998,-0.02325582991197919,Karkaraly,0.04514575004577637,0,"{""type"":""Point"",""coordinates"":[75.35255769185709,49.21845672989803]}"
2_2_1172,0.34255000948905945,0.35989999771118164,0.28630000352859497,0.2946000099182129,0.18449999392032623,0.20100000500679016,0.2587999999523163,0.26350000500679016,-0.05044946505351051,-0.05572478781532002,Karkaraly,-0.005275322590023279,0,"{""type"":""Point"",""coordinates"":[75.412612985904,49.236544680958104]}"
2_2_1175,0.31610000133514404,0.3310999870300293,0.2591499984264374,0.26969999074935913,0.20749999582767487,0.21279999613761902,0.27300000190734863,0.28929999470710754,0.026026502813537484,0.03506261979907476,Karkaraly,0.009036117233335972,0,"{""type"":""Point"",""coordinates"":[75.37732217726263,49.171686341633986]}"
2_2_1180,0.20990000665187836,0.22750000655651093,0.14509999752044678,0.15835000574588776,0.07259999960660934,0.07289999723434448,0.19470000267028809,0.20704999566078186,0.14596823167157175,0.13327857068258125,Karkaraly,-0.012689661234617233,0,"{""type"":""Point"",""coordinates"":[75.39347673077711,49.23385162490168]}"
2_2_1186,0.20350000262260437,0.226500004529953,0.1445000022649765,0.16449999809265137,0.08550000190734863,0.0913499966263771,0.18299999833106995,0.20184999704360962,0.11755723968251564,0.10195168403664429,Karkaraly,-0.015605555847287178,0,"{""type"":""Point"",""coordinates"":[75.30770205628411,49.23173457173921]}"
2_2_1193,0.28964999318122864,0.30550000071525574,0.22259999811649323,0.23010000586509705,0.1185000017285347,0.13199999928474426,0.1847500056028366,0.2102999985218048,-0.09291761916795224,-0.04495914429169138,Karkaraly,0.04795847460627556,0,"{""type"":""Point"",""coordinates"":[75.37973218886643,49.17158668384761]}"
2_2_1195,0.2766999900341034,0.2912999987602234,0.21664999425411224,0.2354000061750412,0.12210000306367874,0.11699999868869781,0.21899999678134918,0.22910000383853912,0.005394244406275337,-0.013562975674247855,Karkaraly,-0.018957220017910004,0,"{""type"":""Point"",""coordinates"":[75.41598501897589,49.23332621732195]}"
2_2_1199,0.2791000008583069,0.29919999837875366,0.2150000035762787,0.2349500060081482,0.08465000241994858,0.09459999948740005,0.20264999568462372,0.21960000693798065,-0.029570233241973557,-0.03376965929596564,Karkaraly,-0.004199426155537367,0,"{""type"":""Point"",""coordinates"":[75.42310573953485,49.23941494494747]}"
2_2_1205,0.13359999656677246,0.15189999341964722,0.07455000281333923,0.08290000259876251,0.03460000082850456,0.03680000081658363,0.20180000364780426,0.22630000114440918,0.4604667916023992,0.46377747997945645,Karkaraly,0.003310688305646181,0,"{""type"":""Point"",""coordinates"":[75.40295221966957,49.236480266639546]}"
2_2_1207,0.17024999856948853,0.19269999861717224,0.11134999990463257,0.12690000236034393,0.05739999935030937,0.06689999997615814,0.17820000648498535,0.20149999856948853,0.23087551409133641,0.2271619853773508,Karkaraly,-0.003713528625667095,0,"{""type"":""Point"",""coordinates"":[75.43575388012721,49.2295601389853]}"
2_2_1209,0.2524000108242035,0.2687999904155731,0.1965000033378601,0.20880000293254852,0.11259999871253967,0.1151999980211258,0.2430499941110611,0.26269999146461487,0.10590374483760616,0.11431598976152738,Karkaraly,0.008412244729697704,0,"{""type"":""Point"",""coordinates"":[75.43049262481713,49.23004610848844]}"
2_2_1225,0.2535499930381775,0.27160000801086426,0.19075000286102295,0.21050000190734863,0.10849999636411667,0.12380000203847885,0.20065000653266907,0.22660000622272491,0.025293825840683976,0.03683368569186847,Karkaraly,0.01153985969722271,0,"{""type"":""Point"",""coordinates"":[75.3200462922536,49.2386832553332]}"
2_2_1230,0.2544499933719635,0.2685000002384186,0.1834000051021576,0.193900004029274,0.10040000081062317,0.09880000352859497,0.18725000321865082,0.21220000088214874,0.010387152381124296,0.04506278412103515,Karkaraly,0.034675631672143936,0,"{""type"":""Point"",""coordinates"":[75.43988801285069,49.236164432675444]}"
2_2_1239,0.19009999930858612,0.21080000698566437,0.1273999959230423,0.14880000054836273,0.06379999965429306,0.06499999761581421,0.21809999644756317,0.24330000579357147,0.2625180970401592,0.2410099559212942,Karkaraly,-0.021508140489459038,0,"{""type"":""Point"",""coordinates"":[75.43205886865334,49.23636800448961]}"
2_2_1251,0.3319999873638153,0.33594998717308044,0.250900000333786,0.25940001010894775,0.12160000205039978,0.12999999523162842,0.20440000295639038,0.22519999742507935,-0.10213045693250256,-0.0705736940820559,Karkaraly,0.031556762754917145,0,"{""type"":""Point"",""coordinates"":[75.33260929938015,49.17095898703435]}"
2_2_1270,0.2134000062942505,0.24815000593662262,0.15045000612735748,0.18000000715255737,0.07419999688863754,0.08784999698400497,0.1960500031709671,0.21619999408721924,0.1316017195380494,0.09136796269910652,Karkaraly,-0.040233757346868515,0,"{""type"":""Point"",""coordinates"":[75.31130399827066,49.235738721670295]}"
2_2_1273,0.2220499962568283,0.243599995970726,0.1563500016927719,0.179299995303154,0.10085000097751617,0.093299999833107,0.22259999811649323,0.22654999792575836,0.17482516547583207,0.11642233192290301,Karkaraly,-0.058402832597494125,0,"{""type"":""Point"",""coordinates"":[75.39876502890654,49.2296653419807]}"
2_2_1283,0.21439999341964722,0.21930000185966492,0.14014999568462372,0.14390000700950623,0.07485000044107437,0.07029999792575836,0.1876000016927719,0.21279999613761902,0.14477500042055147,0.19315948561877125,Karkaraly,0.04838448390364647,0,"{""type"":""Point"",""coordinates"":[75.35691164398382,49.2252766861676]}"
2_2_1299,0.17319999635219574,0.2069000005722046,0.11829999834299088,0.14319999516010284,0.05104999989271164,0.06939999759197235,0.1692499965429306,0.19920000433921814,0.1771865731388829,0.163551428916478,Karkaraly,-0.01363514456897974,0,"{""type"":""Point"",""coordinates"":[75.31321254038177,49.23483548018419]}"
2_2_1314,0.29554998874664307,0.3091999888420105,0.2292499989271164,0.23559999465942383,0.11500000208616257,0.12319999933242798,0.1733500063419342,0.19670000672340393,-0.1388474710720016,-0.08998377934672179,Karkaraly,0.048863690346479416,0,"{""type"":""Point"",""coordinates"":[75.38445169334769,49.179462635987456]}"
2_2_1315,0.1867000013589859,0.20550000667572021,0.12319999933242798,0.13214999437332153,0.05485000088810921,0.044849999248981476,0.23160000145435333,0.2572999894618988,0.30552424431100506,0.32135062340002385,Karkaraly,0.015826379880309105,0,"{""type"":""Point"",""coordinates"":[75.39181371845373,49.23561434125902]}"
2_2_1318,0.23684999346733093,0.2468000054359436,0.1699499934911728,0.18119999766349792,0.0877000018954277,0.09160000085830688,0.21535000205039978,0.22169999778270721,0.11783028571130227,0.10052122257871014,Karkaraly,-0.01730906404554844,0,"{""type"":""Point"",""coordinates"":[75.45569947487066,49.225279066234705]}"
2_2_1324,0.22509999573230743,0.2395000010728836,0.1656000018119812,0.17900000512599945,0.10154999792575836,0.11159999668598175,0.21080000698566437,0.2240000069141388,0.12008502687889921,0.1116625321183797,Karkaraly,-0.008422494865953922,0,"{""type"":""Point"",""coordinates"":[75.43500805996645,49.23359973058437]}"
2_2_1329,0.3179500102996826,0.33559998869895935,0.27489998936653137,0.2939000129699707,0.17329999804496765,0.17180000245571136,0.24535000324249268,0.2840000092983246,-0.056799589704647956,-0.017130997214341605,Karkaraly,0.03966859355568886,0,"{""type"":""Point"",""coordinates"":[75.45955374577369,49.17710823443136]}"
2_2_1330,0.2609499990940094,0.27070000767707825,0.1863500028848648,0.19580000638961792,0.09115000069141388,0.08794999867677689,0.18504999577999115,0.20839999616146088,-0.0035002883940415896,0.03117266128728115,Karkaraly,0.034672949463129044,0,"{""type"":""Point"",""coordinates"":[75.40042054755102,49.227356749541066]}"
2_2_1332,0.20205000042915344,0.2198999971151352,0.13854999840259552,0.15489999949932098,0.0658000037074089,0.07244999706745148,0.18424999713897705,0.2011999934911728,0.14157372790451586,0.13001964308684444,Karkaraly,-0.011554084718227386,0,"{""type"":""Point"",""coordinates"":[75.3038020218078,49.23011707044451]}"
2_2_1335,0.2175000011920929,0.22589999437332153,0.13895000517368317,0.14669999480247498,0.06684999912977219,0.065700002014637,0.1854500025510788,0.21330000460147858,0.14334154213969277,0.18500002752575614,Karkaraly,0.04165848717093468,0,"{""type"":""Point"",""coordinates"":[75.35870211877557,49.227122811917624]}"
2_2_1343,0.2739500105381012,0.27900001406669617,0.20389999449253082,0.2045000046491623,0.1014999970793724,0.09380000084638596,0.22605000436306,0.24449999630451202,0.051517641422226854,0.08908684091400869,Karkaraly,0.03756919875741005,0,"{""type"":""Point"",""coordinates"":[75.4185914403845,49.22941488308139]}"
2_2_1349,0.2936500012874603,0.29980000853538513,0.24420000612735748,0.24410000443458557,0.11259999871253967,0.1128000020980835,0.20184999704360962,0.22050000727176666,-0.09494453263688347,-0.05079637659960962,Karkaraly,0.04414815455675125,0,"{""type"":""Point"",""coordinates"":[75.34667235897655,49.21533888403976]}"
2_2_1352,0.15035000443458557,0.1665000021457672,0.09205000102519989,0.10649999976158142,0.038350000977516174,0.04360000044107437,0.18125000596046448,0.19370000064373016,0.32638127572365366,0.29047302053436597,Karkaraly,-0.035908255726099014,0,"{""type"":""Point"",""coordinates"":[75.3160868356528,49.23398135012799]}"
2_2_1355,0.24044999480247498,0.2667999863624573,0.1712000072002411,0.2037000060081482,0.0674000009894371,0.08449999988079071,0.1968500018119812,0.21449999511241913,0.0696916016401682,0.025824938008924804,Karkaraly,-0.04386666417121887,0,"{""type"":""Point"",""coordinates"":[75.3297143093724,49.23823568875317]}"
2_2_1378,0.21870000660419464,0.24480000138282776,0.15950000286102295,0.1867000013589859,0.08304999768733978,0.09160000085830688,0.18719999492168427,0.21080000698566437,0.07989614144163384,0.06062894370000286,Karkaraly,-0.01926719769835472,0,"{""type"":""Point"",""coordinates"":[75.44905019336689,49.23857461928826]}"
2_2_1379,0.2529999911785126,0.27149999141693115,0.18694999814033508,0.20260000228881836,0.08720000088214874,0.09489999711513519,0.20090000331401825,0.2175000011920929,0.03596752641839287,0.03546774287030343,Karkaraly,-4.997835494577885E-4,0,"{""type"":""Point"",""coordinates"":[75.43991369484581,49.230849931976266]}"
2_2_1390,0.12110000103712082,0.15189999341964722,0.06629999727010727,0.08630000054836273,0.028449999168515205,0.037300001829862595,0.16744999587535858,0.21490000188350677,0.43272727944981915,0.42695883232681237,Karkaraly,-0.005768447183072567,0,"{""type"":""Point"",""coordinates"":[75.323700954157,49.23686546981334]}"
2_2_1395,0.31755000352859497,0.3273000121116638,0.2395000010728836,0.24490000307559967,0.11129999905824661,0.11640000343322754,0.20385000109672546,0.22939999401569366,-0.08041051043577031,-0.03267975786414049,Karkaraly,0.04773075133562088,0,"{""type"":""Point"",""coordinates"":[75.35174311552696,49.17289829456382]}"
2_2_1400,0.12309999763965607,0.14970000088214874,0.07355000078678131,0.09130000323057175,0.0357000008225441,0.04580000042915344,0.15884999930858612,0.1770000010728836,0.3670395804079225,0.3194185481465091,Karkaraly,-0.04762103408575058,0,"{""type"":""Point"",""coordinates"":[75.31932674980254,49.23697825038417]}"
2_2_1442,0.1733500063419342,0.18610000610351562,0.10055000334978104,0.11259999871253967,0.05795000120997429,0.04699999839067459,0.2543500065803528,0.2768999934196472,0.4333615072618596,0.421822844739232,Karkaraly,-0.011538662947714329,0,"{""type"":""Point"",""coordinates"":[75.44342473727636,49.2347049574758]}"
2_2_1453,0.16380000114440918,0.1858000010251999,0.10464999824762344,0.12325000017881393,0.0697999969124794,0.07214999943971634,0.1764499992132187,0.19185000658035278,0.255425121359516,0.21770867956207424,Karkaraly,-0.03771644085645676,0,"{""type"":""Point"",""coordinates"":[75.30672653732006,49.23346894032398]}"
2_2_1480,0.291949987411499,0.2937999963760376,0.22450000047683716,0.22769999504089355,0.11159999668598175,0.10279999673366547,0.22675000131130219,0.23680000007152557,0.004986151413959209,0.019590969055725434,Karkaraly,0.01460481807589531,0,"{""type"":""Point"",""coordinates"":[75.41469190655974,49.2312607619465]}"
2_2_1481,0.3066500127315521,0.31610000133514404,0.24899999797344208,0.25279998779296875,0.10930000245571136,0.11540000140666962,0.18574999272823334,0.20640000700950623,-0.14548592661985993,-0.10104525546308311,Karkaraly,0.04444067180156708,0,"{""type"":""Point"",""coordinates"":[75.31125807613589,49.176943005630065]}"
2_2_1483,0.2818000018596649,0.2991499900817871,0.22030000388622284,0.2381500005722046,0.10980000346899033,0.10840000212192535,0.23270000517368317,0.24279999732971191,0.027373070727291123,0.009668357995201885,Karkaraly,-0.017704712226986885,0,"{""type"":""Point"",""coordinates"":[75.31344820229806,49.23864037850714]}"
2_2_1487,0.24744999408721924,0.2603999972343445,0.1837500035762787,0.19550000131130219,0.09870000183582306,0.10700000077486038,0.19280000030994415,0.2092999964952469,0.02403398390722095,0.03409089737826436,Karkaraly,0.010056913830339909,0,"{""type"":""Point"",""coordinates"":[75.45546788063687,49.22327402070192]}"
2_2_1490,0.3310000002384186,0.35420000553131104,0.2747499942779541,0.2896000146865845,0.15690000355243683,0.15719999372959137,0.22814999520778656,0.2443999946117401,-0.09266255725680195,-0.08464423087602027,Karkaraly,0.00801832601428032,0,"{""type"":""Point"",""coordinates"":[75.38124777230311,49.23546083082099]}"
2_2_1494,0.2975499927997589,0.3052999973297119,0.22859999537467957,0.23520000278949738,0.11190000176429749,0.11620000004768372,0.19460000097751617,0.2151000052690506,-0.08034025210356546,-0.04463690242224774,Karkaraly,0.035703349858522415,0,"{""type"":""Point"",""coordinates"":[75.31285877231572,49.19041519072487]}"
