system:index,B11_post,B11_pre,B12_post,B12_pre,B4_post,B4_pre,B8A_post,B8A_pre,NBR_post,NBR_pre,area,dNBR,label,.geo
1_2,0.1949000060558319,0.26159998774528503,0.21244999766349792,0.19020000100135803,0.05544999986886978,0.08229999989271164,0.08465000241994858,0.16680000722408295,-0.430158179763225,-0.06554619954657896,Karkaraly,0.36461198329925537,1,"{""type"":""Point"",""coordinates"":[75.34705593197664,49.196784760258865]}"
1_3,0.17835000157356262,0.2653000056743622,0.20444999635219574,0.1785999983549118,0.05139999836683273,0.07890000194311142,0.07644999772310257,0.164900004863739,-0.4556781820179796,-0.03988353235167868,Karkaraly,0.41579464077949524,1,"{""type"":""Point"",""coordinates"":[75.3683042809411,49.20383441328657]}"
1_8,0.19939999282360077,0.23589999973773956,0.2089499980211258,0.16040000319480896,0.08924999833106995,0.09600000083446503,0.1062999963760376,0.19609999656677246,-0.325614602599377,0.10014023392942158,Karkaraly,0.4257548451423645,1,"{""type"":""Point"",""coordinates"":[75.40461920675881,49.198914560310335]}"
1_11,0.2092999964952469,0.2554999887943268,0.20305000245571136,0.18050000071525574,0.06565000116825104,0.09070000052452087,0.10495000332593918,0.1851000040769577,-0.31850648470220455,0.012582065922882987,Karkaraly,0.3310885429382324,1,"{""type"":""Point"",""coordinates"":[75.39163160725259,49.22229753668202]}"
1_12,0.21205000579357147,0.2833000123500824,0.22374999523162842,0.2013999968767166,0.0710500031709671,0.09369999915361404,0.09809999912977219,0.17170000076293945,-0.3903992490388728,-0.07960331359332179,Karkaraly,0.31079593300819397,1,"{""type"":""Point"",""coordinates"":[75.36887967214355,49.195693563683015]}"
1_14,0.16654999554157257,0.24969999492168427,0.19085000455379486,0.15109999477863312,0.04149999842047691,0.07750000059604645,0.06870000064373016,0.2402999997138977,-0.4706222364245573,0.22789986252022498,Karkaraly,0.6985220909118652,1,"{""type"":""Point"",""coordinates"":[75.3626931805511,49.199269032171365]}"
1_18,0.22920000553131104,0.2337999939918518,0.22679999470710754,0.1468999981880188,0.07069999724626541,0.07909999787807465,0.10570000112056732,0.24410000443458557,-0.36421051159742823,0.2485933646920837,Karkaraly,0.6128038763999939,1,"{""type"":""Point"",""coordinates"":[75.4177373860343,49.19215078557589]}"
1_19,0.2032500058412552,0.2678999900817871,0.22210000455379486,0.1876000016927719,0.056299999356269836,0.07959999889135361,0.08415000140666962,0.16910000145435333,-0.45044898110119214,-0.051864311957373406,Karkaraly,0.39858466386795044,1,"{""type"":""Point"",""coordinates"":[75.33980077336246,49.192969188552176]}"
1_20,0.2614000141620636,0.2847999930381775,0.2442999929189682,0.20080000162124634,0.07415000349283218,0.09239999949932098,0.12094999849796295,0.19280000030994415,-0.3377138872542828,-0.020325206483867733,Karkaraly,0.3173886835575104,1,"{""type"":""Point"",""coordinates"":[75.32200514231369,49.18212779902731]}"
1_23,0.1732500046491623,0.2000499963760376,0.19020000100135803,0.09969999641180038,0.03999999910593033,0.040150001645088196,0.06920000165700912,0.3447999954223633,-0.46646105668590654,0.551406082144555,Karkaraly,1.017867088317871,1,"{""type"":""Point"",""coordinates"":[75.41563253672003,49.19059939443682]}"
1_25,0.2085999995470047,0.27619999647140503,0.2215999960899353,0.2004999965429306,0.05469999834895134,0.08560000360012054,0.09109999984502792,0.18310000002384186,-0.41733290035619114,-0.045359741070956874,Karkaraly,0.3719731569290161,1,"{""type"":""Point"",""coordinates"":[75.38379484974621,49.20941717677348]}"
1_26,0.2261500060558319,0.25429999828338623,0.22059999406337738,0.15369999408721924,0.05119999870657921,0.08250000327825546,0.1005999967455864,0.21979999542236328,-0.37359900607581875,0.17697457347170334,Karkaraly,0.5505735874176025,1,"{""type"":""Point"",""coordinates"":[75.37788786821602,49.223749770572326]}"
1_27,0.22265000641345978,0.27239999175071716,0.2357500046491623,0.19629999995231628,0.06520000100135803,0.0860000029206276,0.10209999978542328,0.17219999432563782,-0.3955897679723615,-0.0654002876550934,Karkaraly,0.33018946647644043,1,"{""type"":""Point"",""coordinates"":[75.38913703190559,49.19727966609336]}"
1_28,0.19939999282360077,0.27649998664855957,0.22505000233650208,0.19609999656677246,0.053300000727176666,0.08739999681711197,0.0831499993801117,0.17090000212192535,-0.4604153217587122,-0.06866483524492495,Karkaraly,0.3917504847049713,1,"{""type"":""Point"",""coordinates"":[75.40185979240458,49.198941618960184]}"
1_29,0.20065000653266907,0.26910001039505005,0.21250000596046448,0.17949999868869781,0.04749999940395355,0.07855000346899033,0.07720000296831131,0.19050000607967377,-0.46703485958613605,0.029729749322198542,Karkaraly,0.496764600276947,1,"{""type"":""Point"",""coordinates"":[75.41920459910982,49.18922178774752]}"
1_31,0.22495000064373016,0.2680000066757202,0.24169999361038208,0.16410000622272491,0.046300001442432404,0.08299999684095383,0.09059999883174896,0.20559999346733093,-0.45470959438841,0.11225314384473417,Karkaraly,0.566962718963623,1,"{""type"":""Point"",""coordinates"":[75.37738022974503,49.22133194170784]}"
1_32,0.1965000033378601,0.2745000123977661,0.2186499983072281,0.18320000171661377,0.05270000174641609,0.08410000056028366,0.08224999904632568,0.1834000051021576,-0.4533067479579739,5.455629618760342E-4,Karkaraly,0.4538523256778717,1,"{""type"":""Point"",""coordinates"":[75.34972249030739,49.20842105450544]}"
1_33,0.249549999833107,0.2687000036239624,0.2454500049352646,0.15049999952316284,0.05979999899864197,0.06840000301599503,0.10365000367164612,0.2578999996185303,-0.4061873324766553,0.2629774738518188,Karkaraly,0.669164776802063,1,"{""type"":""Point"",""coordinates"":[75.41271043036056,49.199783609342305]}"
1_34,0.19014999270439148,0.2678999900817871,0.21815000474452972,0.16060000658035278,0.04619999974966049,0.07620000094175339,0.07034999877214432,0.1981000006198883,-0.5123050404532948,0.10454416862780123,Karkaraly,0.6168491840362549,1,"{""type"":""Point"",""coordinates"":[75.38839165503603,49.20973502345003]}"
1_40,0.24095000326633453,0.27720001339912415,0.24165000021457672,0.15029999613761902,0.04904999956488609,0.07000000029802322,0.09009999781847,0.2921000123023987,-0.4568199044299929,0.32052444272049657,Karkaraly,0.7773443460464478,1,"{""type"":""Point"",""coordinates"":[75.41542534121292,49.20013725556574]}"
1_45,0.24250000715255737,0.28200000524520874,0.2520500123500824,0.21160000562667847,0.07580000162124634,0.08659999817609787,0.11625000089406967,0.17479999363422394,-0.36872116908122043,-0.09523812645663768,Karkaraly,0.2734830379486084,1,"{""type"":""Point"",""coordinates"":[75.35842514247928,49.1974550396293]}"
1_48,0.2526000142097473,0.275299996137619,0.24754999577999115,0.20479999482631683,0.08410000056028366,0.09019999951124191,0.1342500001192093,0.21040000021457672,-0.29675221811865693,0.01348748905381932,Karkaraly,0.31023970246315,1,"{""type"":""Point"",""coordinates"":[75.34313714799177,49.188488211497344]}"
1_50,0.2326499968767166,0.29789999127388,0.23899999260902405,0.21330000460147858,0.06665000319480896,0.09430000185966492,0.1075500026345253,0.1826000064611435,-0.37931032110422613,-0.07754482769003779,Karkaraly,0.301765501499176,1,"{""type"":""Point"",""coordinates"":[75.36676130409472,49.19399311492915]}"
1_51,0.2138500064611435,0.24729999899864197,0.23549999296665192,0.14239999651908875,0.05324999988079071,0.06379999965429306,0.09179999679327011,0.2498999983072281,-0.4390467481492659,0.27402498905393274,Karkaraly,0.7130717635154724,1,"{""type"":""Point"",""coordinates"":[75.3737870637914,49.21445264084709]}"
1_52,0.22529999911785126,0.28459998965263367,0.23770000040531158,0.20350000262260437,0.05714999884366989,0.09040000289678574,0.09565000236034393,0.17829999327659607,-0.42612868416511923,-0.06600316819453657,Karkaraly,0.36012551188468933,1,"{""type"":""Point"",""coordinates"":[75.41207630440792,49.204727542802196]}"
1_55,0.23019999265670776,0.2761000096797943,0.24124999344348907,0.18449999392032623,0.06239999830722809,0.08940000087022781,0.09995000064373016,0.19110000133514404,-0.41412659803164914,0.017571904947253022,Karkaraly,0.4316985011100769,1,"{""type"":""Point"",""coordinates"":[75.37678772660628,49.214660915071896]}"
1_57,0.1704999953508377,0.2563999891281128,0.1965000033378601,0.15199999511241913,0.03485000133514404,0.07090000063180923,0.06024999916553497,0.22360000014305115,-0.5306718708620984,0.1906283438101008,Karkaraly,0.7213002443313599,1,"{""type"":""Point"",""coordinates"":[75.36609312133328,49.199235431708196]}"
1_58,0.20045000314712524,0.2563999891281128,0.22089999914169312,0.17139999568462372,0.04989999905228615,0.07639999687671661,0.08139999955892563,0.17339999973773956,-0.46146212432147776,0.0058004758691076455,Karkaraly,0.4672625958919525,1,"{""type"":""Point"",""coordinates"":[75.41741319962203,49.20671117525967]}"
1_60,0.1903499960899353,0.2639000117778778,0.2176000028848648,0.1664000004529953,0.04540000110864639,0.08209999650716782,0.07079999893903732,0.22259999811649323,-0.5090152670507402,0.14447300223693627,Karkaraly,0.653488278388977,1,"{""type"":""Point"",""coordinates"":[75.40061161236216,49.2185170114548]}"
1_62,0.15205000340938568,0.24770000576972961,0.15870000422000885,0.14190000295639038,0.03384999930858612,0.08330000191926956,0.060350000858306885,0.22930000722408295,-0.44898425510896217,0.2354525912464271,Karkaraly,0.6844368577003479,1,"{""type"":""Point"",""coordinates"":[75.4211753481076,49.20104348259121]}"
1_63,0.1895499974489212,0.249099999666214,0.20235000550746918,0.1745000034570694,0.06334999948740005,0.08460000157356262,0.08980000019073486,0.18140000104904175,-0.3852473151515198,0.019387461378506027,Karkaraly,0.4046347737312317,1,"{""type"":""Point"",""coordinates"":[75.39955402127474,49.21527039313038]}"
1_65,0.24160000681877136,0.2770000100135803,0.24789999425411224,0.19349999725818634,0.0658000037074089,0.08420000225305557,0.10535000264644623,0.1860000044107437,-0.4035385502007365,-0.01976282691557273,Karkaraly,0.3837757110595703,1,"{""type"":""Point"",""coordinates"":[75.33767391097888,49.189781097109666]}"
1_76,0.009399999864399433,0.019200000911951065,0.010499999858438969,0.016499999910593033,0.00795000046491623,0.016599999740719795,0.004699999932199717,0.015300000086426735,-0.3815789477715212,-0.0377358435307786,Karkaraly,0.34384310245513916,1,"{""type"":""Point"",""coordinates"":[75.4263027287723,49.203942639432654]}"
1_97,0.21220000088214874,0.27410000562667847,0.23055000603199005,0.19099999964237213,0.06064999848604202,0.08500000089406967,0.09915000200271606,0.18119999766349792,-0.39854413353681833,-0.026329935652365594,Karkaraly,0.3722141981124878,1,"{""type"":""Point"",""coordinates"":[75.3796732358974,49.209028925212856]}"
1_98,0.21889999508857727,0.28360000252723694,0.22859999537467957,0.1964000016450882,0.05415000021457672,0.08540000021457672,0.09390000253915787,0.18170000612735748,-0.41767439909103377,-0.03887859089010573,Karkaraly,0.3787958025932312,1,"{""type"":""Point"",""coordinates"":[75.34070027203693,49.19115808105225]}"
1_99,0.21164999902248383,0.2937000095844269,0.227400004863739,0.20069999992847443,0.0515500009059906,0.08449999988079071,0.07980000227689743,0.17890000343322754,-0.48046874725256816,-0.057428862756027835,Karkaraly,0.42303988337516785,1,"{""type"":""Point"",""coordinates"":[75.36819729018406,49.187764141720066]}"
1_100,0.21105000376701355,0.2782000005245209,0.2252500057220459,0.19480000436306,0.07919999957084656,0.09880000352859497,0.10289999842643738,0.1940000057220459,-0.37284780054504235,-0.0020576096200177166,Karkaraly,0.37079018354415894,1,"{""type"":""Point"",""coordinates"":[75.38818208725364,49.216557695059265]}"
1_102,0.15700000524520874,0.24660000205039978,0.18440000712871552,0.17299999296665192,0.03265000134706497,0.06769999861717224,0.05790000036358833,0.14429999887943268,-0.5220800778107495,-0.09045066128189813,Karkaraly,0.4316294193267822,1,"{""type"":""Point"",""coordinates"":[75.4421536957623,49.21637957482118]}"
1_103,0.2533999979496002,0.2865000069141388,0.25270000100135803,0.19370000064373016,0.06769999861717224,0.08669999986886978,0.11114999651908875,0.1914999932050705,-0.3890339575289259,-0.005711338197796593,Karkaraly,0.3833226263523102,1,"{""type"":""Point"",""coordinates"":[75.36667025383,49.21525769080258]}"
1_108,0.18844999372959137,0.2517000138759613,0.21834999322891235,0.1671999990940094,0.042249999940395355,0.07599999755620956,0.06989999860525131,0.1906999945640564,-0.5150043324513517,0.0656607876123593,Karkaraly,0.580665111541748,1,"{""type"":""Point"",""coordinates"":[75.38532666246074,49.19011443406219]}"
1_109,0.3008500039577484,0.2599000036716461,0.22669999301433563,0.15530000627040863,0.10014999657869339,0.07779999822378159,0.19140000641345978,0.2540999948978424,-0.08442953037356331,0.24132874534807333,Karkaraly,0.32575827836990356,1,"{""type"":""Point"",""coordinates"":[75.4299961906768,49.19261527976632]}"
1_111,0.2641499936580658,0.2919999957084656,0.2547999918460846,0.20720000565052032,0.08264999836683273,0.09120000153779984,0.12460000067949295,0.18320000171661377,-0.3431734152124795,-0.06147541875258428,Karkaraly,0.28169798851013184,1,"{""type"":""Point"",""coordinates"":[75.33228800174697,49.18778014670231]}"
1_113,0.24490000307559967,0.2680000066757202,0.2284500002861023,0.2037999927997589,0.09290000051259995,0.09610000252723694,0.1302500069141388,0.20749999582767487,-0.2737663546160573,0.008995874374476371,Karkaraly,0.28276222944259644,1,"{""type"":""Point"",""coordinates"":[75.40836907573555,49.21001912043318]}"
1_115,0.1867000013589859,0.2662999927997589,0.21694999933242798,0.164000004529953,0.040950000286102295,0.07559999823570251,0.06989999860525131,0.21220000088214874,-0.5126372730848845,0.12812332710999272,Karkaraly,0.640760600566864,1,"{""type"":""Point"",""coordinates"":[75.37213902246506,49.20458544592945]}"
1_119,0.17409999668598175,0.25859999656677246,0.19699999690055847,0.1851000040769577,0.04500000178813934,0.0794999971985817,0.06965000182390213,0.15219999849796295,-0.4775923333427496,-0.09753929833334953,Karkaraly,0.3800530433654785,1,"{""type"":""Point"",""coordinates"":[75.43919880794192,49.216137779596615]}"
1_121,0.18649999797344208,0.2802000045776367,0.21199999749660492,0.18150000274181366,0.04324999824166298,0.08470000326633453,0.06920000165700912,0.19949999451637268,-0.5078235998200944,0.04724407323909046,Karkaraly,0.5550676584243774,1,"{""type"":""Point"",""coordinates"":[75.3795205746497,49.20587216961109]}"
1_123,0.1805499941110611,0.2736000120639801,0.20970000326633453,0.17599999904632568,0.04650000110268593,0.08760000020265579,0.06800000369548798,0.20589999854564667,-0.5102628592671483,0.0782927459749989,Karkaraly,0.588555634021759,1,"{""type"":""Point"",""coordinates"":[75.39461340426088,49.218254826614846]}"
1_124,0.26010000705718994,0.27709999680519104,0.2558000087738037,0.19795000553131104,0.1039000004529953,0.09440000355243683,0.13484999537467957,0.19859999418258667,-0.3096122158318266,0.001639108944003499,Karkaraly,0.31125131249427795,1,"{""type"":""Point"",""coordinates"":[75.400362852413,49.18357415417651]}"
1_125,0.2527500092983246,0.27390000224113464,0.2560499906539917,0.20579999685287476,0.08089999854564667,0.09009999781847,0.12004999816417694,0.17239999771118164,-0.3616059466451249,-0.08831306087191415,Karkaraly,0.2732928991317749,1,"{""type"":""Point"",""coordinates"":[75.39264827488655,49.19471562650894]}"
1_130,0.1899999976158142,0.272599995136261,0.21449999511241913,0.18719999492168427,0.05590000003576279,0.08410000056028366,0.08585000038146973,0.1597999930381775,-0.42833359967061163,-0.0789625441908551,Karkaraly,0.3493710458278656,1,"{""type"":""Point"",""coordinates"":[75.39899951499477,49.191843100301455]}"
1_131,0.2220499962568283,0.2802000045776367,0.23295000195503235,0.20739999413490295,0.061650000512599945,0.09369999915361404,0.10360000282526016,0.18240000307559967,-0.3843411002600187,-0.06413543160135686,Karkaraly,0.3202056586742401,1,"{""type"":""Point"",""coordinates"":[75.3818768368468,49.209443057736706]}"
1_137,0.23649999499320984,0.29670000076293945,0.23929999768733978,0.211899995803833,0.06925000250339508,0.09000000357627869,0.10830000042915344,0.18140000104904175,-0.3768699596318281,-0.07754893210996049,Karkaraly,0.2993210256099701,1,"{""type"":""Point"",""coordinates"":[75.31923397648478,49.186321919588366]}"
1_139,0.2439499944448471,0.3028999865055084,0.23739999532699585,0.21930000185966492,0.08344999700784683,0.10779999941587448,0.12585000693798065,0.21240000426769257,-0.3070887479517313,-0.015983315946344362,Karkaraly,0.2911054193973541,1,"{""type"":""Point"",""coordinates"":[75.40853573466279,49.20313174082324]}"
1_142,0.2358500063419342,0.2840000092983246,0.2460000067949295,0.20059999823570251,0.07119999825954437,0.0934000015258789,0.10499999672174454,0.17489999532699585,-0.40170942638320184,-0.06844208614990417,Karkaraly,0.33326733112335205,1,"{""type"":""Point"",""coordinates"":[75.32658337367148,49.18898955871528]}"
1_145,0.2382500022649765,0.2700999975204468,0.24435000121593475,0.19089999794960022,0.07509999722242355,0.08789999783039093,0.11495000123977661,0.19429999589920044,-0.3601447233279896,0.008826578410940455,Karkaraly,0.3689712882041931,1,"{""type"":""Point"",""coordinates"":[75.34615257684848,49.189039784334334]}"
1_148,0.21664999425411224,0.27619999647140503,0.2301499992609024,0.19429999589920044,0.06710000336170197,0.08410000056028366,0.09995000064373016,0.17149999737739563,-0.39442592746073196,-0.06232913871205245,Karkaraly,0.33209678530693054,1,"{""type"":""Point"",""coordinates"":[75.3514422544121,49.20463958259998]}"
1_152,0.23759999871253967,0.29159998893737793,0.24320000410079956,0.21150000393390656,0.07374999672174454,0.09269999712705612,0.11155000329017639,0.17910000681877136,-0.3711064075201822,-0.08294929908655427,Karkaraly,0.2881571054458618,1,"{""type"":""Point"",""coordinates"":[75.32167941125694,49.18668770363739]}"
1_156,0.2672500014305115,0.22499999403953552,0.1766500025987625,0.12630000710487366,0.0828000009059906,0.06480000168085098,0.1935500055551529,0.24879999458789825,0.045651006440183516,0.32657954393548366,Karkaraly,0.2809285521507263,1,"{""type"":""Point"",""coordinates"":[75.34002199951954,49.233972901321955]}"
1_158,0.1911499947309494,0.2567000091075897,0.2029999941587448,0.18649999797344208,0.05730000138282776,0.08669999986886978,0.08179999887943268,0.1704999953508377,-0.4255617915800484,-0.044817935355171895,Karkaraly,0.3807438611984253,1,"{""type"":""Point"",""coordinates"":[75.42139809094749,49.212176745865065]}"
1_162,0.2349500060081482,0.27720001339912415,0.2476000040769577,0.186599999666214,0.06970000267028809,0.09109999984502792,0.10440000146627426,0.19990000128746033,-0.4068181828283974,0.034411388327112755,Karkaraly,0.44122958183288574,1,"{""type"":""Point"",""coordinates"":[75.38335201328704,49.214261279860466]}"
1_164,0.23755000531673431,0.2637999951839447,0.24619999527931213,0.15549999475479126,0.06369999796152115,0.07320000231266022,0.10535000264644623,0.20739999413490295,-0.4006542268921052,0.14301460724455142,Karkaraly,0.543668806552887,1,"{""type"":""Point"",""coordinates"":[75.38898096384462,49.209155007281105]}"
1_168,0.23970000445842743,0.27469998598098755,0.24584999680519104,0.1842000037431717,0.07325000315904617,0.09799999743700027,0.11715000122785568,0.19259999692440033,-0.35454544428294676,0.02229297549455008,Karkaraly,0.37683841586112976,1,"{""type"":""Point"",""coordinates"":[75.37347672131582,49.21955419455516]}"
1_169,0.1984499990940094,0.2700499892234802,0.21044999361038208,0.19394999742507935,0.05999999865889549,0.08744999766349792,0.08735000342130661,0.16509999334812164,-0.41336464545356083,-0.08035093947455695,Karkaraly,0.33301371335983276,1,"{""type"":""Point"",""coordinates"":[75.40017389577287,49.1991314708537]}"
1_173,0.217849999666214,0.25450000166893005,0.22474999725818634,0.1860000044107437,0.08874999731779099,0.09080000221729279,0.11434999853372574,0.16689999401569366,-0.32556767942930703,-0.05412301071186171,Karkaraly,0.2714446783065796,1,"{""type"":""Point"",""coordinates"":[75.36597001619866,49.21358375655504]}"
1_174,0.22914999723434448,0.25600001215934753,0.21254999935626984,0.1762000024318695,0.06750000268220901,0.08640000224113464,0.14980000257492065,0.22110000252723694,-0.17317509713513202,0.11301283547678015,Karkaraly,0.28618794679641724,1,"{""type"":""Point"",""coordinates"":[75.37967385032304,49.224087876585834]}"
1_177,0.2013999968767166,0.2667999863624573,0.21809999644756317,0.17239999771118164,0.039650000631809235,0.08250000327825546,0.07225000113248825,0.19429999589920044,-0.5023247684886345,0.05972183956808982,Karkaraly,0.5620465874671936,1,"{""type"":""Point"",""coordinates"":[75.4051533738856,49.20703935779715]}"
1_178,0.2542000114917755,0.2076999992132187,0.15565000474452972,0.10790000110864639,0.08760000020265579,0.05400000140070915,0.23604999482631683,0.34470000863075256,0.2052591017867622,0.523199298335085,Karkaraly,0.31794020533561707,1,"{""type"":""Point"",""coordinates"":[75.34048923876242,49.21830986163633]}"
1_183,0.1873999983072281,0.2556999921798706,0.1927500069141388,0.18379999697208405,0.05000000074505806,0.08659999817609787,0.08905000239610672,0.1761000007390976,-0.3679914871963839,-0.0213948215669778,Karkaraly,0.3465966582298279,1,"{""type"":""Point"",""coordinates"":[75.41723456778497,49.212420505586394]}"
1_189,0.18770000338554382,0.27755001187324524,0.21089999377727509,0.17595000565052032,0.03920000046491623,0.0856499969959259,0.06764999777078629,0.20890000462532043,-0.5142703297543352,0.08561776820840732,Karkaraly,0.5998880863189697,1,"{""type"":""Point"",""coordinates"":[75.33751995328095,49.201034804609755]}"
1_197,0.26179999113082886,0.26089999079704285,0.2570500075817108,0.1679999977350235,0.07644999772310257,0.07739999890327454,0.1256999969482422,0.20839999616146088,-0.34317441953992067,0.10733262242705557,Karkaraly,0.4505070447921753,1,"{""type"":""Point"",""coordinates"":[75.40727687131655,49.190343723775555]}"
1_205,0.24985000491142273,0.29910001158714294,0.24815000593662262,0.21770000457763672,0.06915000081062317,0.09229999780654907,0.11415000259876251,0.19269999861717224,-0.36985923317960007,-0.06091619338657134,Karkaraly,0.3089430332183838,1,"{""type"":""Point"",""coordinates"":[75.32411870198123,49.19278878095246]}"
1_207,0.18950000405311584,0.26660001277923584,0.20514999330043793,0.19609999656677246,0.055399999022483826,0.08429999649524689,0.08335000276565552,0.1582999974489212,-0.42218368178722204,-0.10665914152407516,Karkaraly,0.31552454829216003,1,"{""type"":""Point"",""coordinates"":[75.428776478306,49.21422956935349]}"
1_208,0.2021999955177307,0.28700000047683716,0.23135000467300415,0.2061000019311905,0.052400000393390656,0.09120000153779984,0.08675000071525574,0.17309999465942383,-0.45457403806471347,-0.0870253364147405,Karkaraly,0.36754870414733887,1,"{""type"":""Point"",""coordinates"":[75.40213142709602,49.20144300425753]}"
1_210,0.23100000619888306,0.26170000433921814,0.23755000531673431,0.1809999942779541,0.07254999876022339,0.08240000158548355,0.10814999788999557,0.17409999668598175,-0.3743130061510501,-0.019431139869201287,Karkaraly,0.3548818528652191,1,"{""type"":""Point"",""coordinates"":[75.42879832552485,49.210416850186704]}"
1_212,0.22384999692440033,0.28220000863075256,0.2345999926328659,0.19740000367164612,0.06520000100135803,0.09139999747276306,0.0966000035405159,0.18019999563694,-0.4166666385470234,-0.04555086881938723,Karkaraly,0.3711157739162445,1,"{""type"":""Point"",""coordinates"":[75.41215244728131,49.20560600975544]}"
1_213,0.27355000376701355,0.2888999879360199,0.26829999685287476,0.2142000049352646,0.07355000078678131,0.08320000022649765,0.12835000455379486,0.19509999454021454,-0.35282993017210323,-0.04666506332647654,Karkaraly,0.30616486072540283,1,"{""type"":""Point"",""coordinates"":[75.34469864918519,49.1854836839162]}"
1_214,0.1858000010251999,0.2540999948978424,0.20100000500679016,0.18729999661445618,0.0625,0.0843999981880188,0.08950000256299973,0.15649999678134918,-0.3838209966896597,-0.0895869704035974,Karkaraly,0.294234037399292,1,"{""type"":""Point"",""coordinates"":[75.40914521042416,49.2080796819076]}"
1_216,0.291049987077713,0.2281000018119812,0.17659999430179596,0.1160999983549118,0.09929999709129333,0.060600001364946365,0.24044999480247498,0.3248000144958496,0.1530991539834694,0.47334998879117723,Karkaraly,0.32025083899497986,1,"{""type"":""Point"",""coordinates"":[75.30260440070211,49.17335088824813]}"
1_219,0.20055000483989716,0.26260000467300415,0.2131499946117401,0.17990000545978546,0.05460000038146973,0.08049999922513962,0.09619999676942825,0.1679999977350235,-0.3780507551338861,-0.03420525327819118,Karkaraly,0.34384551644325256,1,"{""type"":""Point"",""coordinates"":[75.37482342103614,49.19323253162233]}"
1_220,0.2203499972820282,0.2277500033378601,0.22155000269412994,0.1277499943971634,0.053050000220537186,0.06920000165700912,0.0953499972820282,0.25665000081062317,-0.39823289814325136,0.3353278044235749,Karkaraly,0.7335606813430786,1,"{""type"":""Point"",""coordinates"":[75.41869190989662,49.19034403514934]}"
1_221,0.25314998626708984,0.3091999888420105,0.23909999430179596,0.22110000252723694,0.08910000324249268,0.10170000046491623,0.12094999849796295,0.1996999979019165,-0.32814886312063307,-0.05085552424785079,Karkaraly,0.27729332447052,1,"{""type"":""Point"",""coordinates"":[75.4325236851616,49.20414714913438]}"
1_225,0.20855000615119934,0.28130000829696655,0.2349500060081482,0.20569999516010284,0.0632999986410141,0.0877000018954277,0.09565000236034393,0.1729000061750412,-0.42135511228583583,-0.08663494154620052,Karkaraly,0.3347201645374298,1,"{""type"":""Point"",""coordinates"":[75.38960240924874,49.19143499924155]}"
1_226,0.19349999725818634,0.2669000029563904,0.211899995803833,0.18970000743865967,0.05705000087618828,0.09350000321865082,0.08614999800920486,0.16279999911785126,-0.4219090770171569,-0.07631207892331186,Karkaraly,0.3455969989299774,1,"{""type"":""Point"",""coordinates"":[75.3981936614102,49.20870277374179]}"
1_229,0.25,0.2881999909877777,0.24480000138282776,0.1995999962091446,0.06644999980926514,0.08179999887943268,0.10819999873638153,0.17569999396800995,-0.3869688458932463,-0.06368239506175584,Karkaraly,0.3232864439487457,1,"{""type"":""Point"",""coordinates"":[75.31950282233288,49.18367836014098]}"
1_231,0.22705000638961792,0.2644999921321869,0.24044999480247498,0.1657000035047531,0.05299999937415123,0.08269999921321869,0.09144999831914902,0.20509999990463257,-0.4489303994312686,0.10625673149301315,Karkaraly,0.5551871061325073,1,"{""type"":""Point"",""coordinates"":[75.3763911304934,49.221225130271726]}"
1_233,0.23405000567436218,0.2678999900817871,0.23770000040531158,0.1834000051021576,0.07810000330209732,0.07779999822378159,0.1152999997138977,0.16099999845027924,-0.3467422114733116,-0.06504066905001593,Karkaraly,0.28170153498649597,1,"{""type"":""Point"",""coordinates"":[75.40117219493919,49.19101086024404]}"
1_234,0.2575500011444092,0.27880001068115234,0.2500999867916107,0.16779999434947968,0.06584999710321426,0.07540000230073929,0.11219999939203262,0.23469999432563782,-0.3806237721733698,0.1662111847415659,Karkaraly,0.5468349456787109,1,"{""type"":""Point"",""coordinates"":[75.41493323010013,49.19854894005687]}"
1_239,0.19470000267028809,0.2847999930381775,0.2168000042438507,0.19464999437332153,0.03974999859929085,0.08635000139474869,0.07509999722242355,0.20090000331401825,-0.485440240868923,0.01580080641445737,Karkaraly,0.5012410283088684,1,"{""type"":""Point"",""coordinates"":[75.43527098036384,49.2188633351739]}"
1_244,0.27320000529289246,0.2766000032424927,0.2386000007390976,0.18389999866485596,0.06639999896287918,0.07829999923706055,0.13955000042915344,0.21660000085830688,-0.26193309534296055,0.08164794564889813,Karkaraly,0.34358105063438416,1,"{""type"":""Point"",""coordinates"":[75.31264291707934,49.17886570921822]}"
1_249,0.22875000536441803,0.27059999108314514,0.22595000267028809,0.19300000369548798,0.08209999650716782,0.09239999949932098,0.11225000023841858,0.1704999953508377,-0.33619160690120264,-0.06189823494822841,Karkaraly,0.27429336309432983,1,"{""type"":""Point"",""coordinates"":[75.35196067866154,49.20653209046426]}"
1_254,0.19020000100135803,0.26910001039505005,0.2046000063419342,0.19030000269412994,0.05290000140666962,0.08950000256299973,0.08429999649524689,0.17820000648498535,-0.4164070912608688,-0.03283580979034168,Karkaraly,0.3835712671279907,1,"{""type"":""Point"",""coordinates"":[75.4335614901213,49.214447129951154]}"
1_261,0.19625000655651093,0.2802000045776367,0.21085000038146973,0.20029999315738678,0.05779999867081642,0.09390000253915787,0.09385000169277191,0.17389999330043793,-0.3839842398825787,-0.07055050992078093,Karkaraly,0.3134337365627289,1,"{""type"":""Point"",""coordinates"":[75.38234284799658,49.19727978178282]}"
1_262,0.2379000037908554,0.29679998755455017,0.23925000429153442,0.20550000667572021,0.08604999631643295,0.09849999845027924,0.11620000004768372,0.19329999387264252,-0.3461809051672422,-0.030591807387919487,Karkaraly,0.3155891001224518,1,"{""type"":""Point"",""coordinates"":[75.43083786410972,49.20515284591338]}"
1_263,0.24285000562667847,0.26089999079704285,0.24504999816417694,0.18629999458789825,0.08940000087022781,0.08749999850988388,0.12849999964237213,0.18299999833106995,-0.3120064227176431,-0.008935814568380978,Karkaraly,0.303070604801178,1,"{""type"":""Point"",""coordinates"":[75.40392368862913,49.19564612182148]}"
1_266,0.211899995803833,0.27250000834465027,0.22294999659061432,0.19529999792575836,0.06369999796152115,0.08829999715089798,0.0970500037074089,0.16290000081062317,-0.3934374773935997,-0.09045225357183789,Karkaraly,0.30298522114753723,1,"{""type"":""Point"",""coordinates"":[75.3762815851896,49.190176555300965]}"
1_269,0.19840000569820404,0.2680000066757202,0.2171500027179718,0.17579999566078186,0.059450000524520874,0.09210000187158585,0.09414999932050705,0.17720000445842743,-0.3951172585673838,0.003966030586891731,Karkaraly,0.39908328652381897,1,"{""type"":""Point"",""coordinates"":[75.3920670149927,49.208162211195166]}"
1_271,0.23765000700950623,0.2761000096797943,0.23849999904632568,0.19249999523162842,0.09064999967813492,0.09269999712705612,0.11874999850988388,0.17839999496936798,-0.33519944396248846,-0.038015639349624764,Karkaraly,0.2971838116645813,1,"{""type"":""Point"",""coordinates"":[75.35315834886858,49.213584918678436]}"
1_273,0.24560000002384186,0.2808000147342682,0.24824999272823334,0.17990000545978546,0.0674000009894371,0.08780000358819962,0.10824999958276749,0.20999999344348907,-0.3927068616128712,0.07719925126537573,Karkaraly,0.46990612149238586,1,"{""type"":""Point"",""coordinates"":[75.3763306826546,49.2158635031874]}"
1_275,0.16990000009536743,0.2581000030040741,0.19494999945163727,0.1518000066280365,0.03929999843239784,0.05950000137090683,0.06515000015497208,0.2644999921321869,-0.4990388292694441,0.27071819802973934,Karkaraly,0.7697570323944092,1,"{""type"":""Point"",""coordinates"":[75.42795460551766,49.18995948879121]}"
1_276,0.2531000077724457,0.27790001034736633,0.23489999771118164,0.17110000550746918,0.06350000202655792,0.0737999975681305,0.11159999668598175,0.22920000553131104,-0.3558441645568156,0.14514114019900254,Karkaraly,0.500985324382782,1,"{""type"":""Point"",""coordinates"":[75.32451020019856,49.184330197030306]}"
1_277,0.21404999494552612,0.27559998631477356,0.2290000021457672,0.1826999932527542,0.042500000447034836,0.08550000190734863,0.08295000344514847,0.20819999277591705,-0.468183991290404,0.06523407632276686,Karkaraly,0.5334180593490601,1,"{""type"":""Point"",""coordinates"":[75.43762102279683,49.21275911089297]}"
1_278,0.23989999294281006,0.27410000562667847,0.2308499962091446,0.2029000073671341,0.07419999688863754,0.09080000221729279,0.11810000240802765,0.2004999965429306,-0.3231121772400786,-0.005949456621072709,Karkaraly,0.31716272234916687,1,"{""type"":""Point"",""coordinates"":[75.4027512237138,49.210614250913636]}"
1_280,0.14305000007152557,0.2766000032424927,0.17350000143051147,0.16259999573230743,0.034699998795986176,0.09669999778270721,0.05299999937415123,0.23639999330043793,-0.5320088372109164,0.1849624050041611,Karkaraly,0.716971218585968,1,"{""type"":""Point"",""coordinates"":[75.39545753694605,49.22203585936079]}"
1_284,0.2357500046491623,0.22339999675750732,0.15164999663829803,0.11789999902248383,0.06790000200271606,0.06840000301599503,0.16015000641345978,0.29109999537467957,0.027261095869042594,0.42347187952283494,Karkaraly,0.39621078968048096,1,"{""type"":""Point"",""coordinates"":[75.39497728054096,49.22734713448829]}"
1_285,0.23340000212192535,0.27959999442100525,0.24175000190734863,0.20270000398159027,0.06840000301599503,0.09619999676942825,0.10890000313520432,0.19370000064373016,-0.37886780796145253,-0.02270434720697585,Karkaraly,0.35616347193717957,1,"{""type"":""Point"",""coordinates"":[75.3485438819262,49.19088851013589]}"
1_287,0.3086000084877014,0.2451999932527542,0.19460000097751617,0.12530000507831573,0.0929500013589859,0.06279999762773514,0.20995000004768372,0.3075999915599823,0.03794339149985906,0.42111339315621227,Karkaraly,0.3831700086593628,1,"{""type"":""Point"",""coordinates"":[75.35337258775385,49.23055358902103]}"
1_289,0.22904999554157257,0.2615000009536743,0.23909999430179596,0.17630000412464142,0.06210000067949295,0.07150000333786011,0.1023000031709671,0.2011999934911728,-0.4007029646851207,0.06596023714912008,Karkaraly,0.4666632115840912,1,"{""type"":""Point"",""coordinates"":[75.38555033542919,49.19696445469259]}"
1_292,0.23684999346733093,0.28209999203681946,0.23680000007152557,0.19769999384880066,0.06395000219345093,0.08820000290870667,0.10440000146627426,0.19040000438690186,-0.38804219814923824,-0.018809558090915897,Karkaraly,0.3692326545715332,1,"{""type"":""Point"",""coordinates"":[75.43370788258305,49.220142996482615]}"
1_296,0.19539999961853027,0.2750000059604645,0.2085999995470047,0.19670000672340393,0.05335000157356262,0.08950000256299973,0.08990000188350677,0.16769999265670776,-0.39765493164036175,-0.07958291469821263,Karkaraly,0.31807202100753784,1,"{""type"":""Point"",""coordinates"":[75.38171914839594,49.1973871978471]}"
1_300,0.1839500069618225,0.2669999897480011,0.19994999468326569,0.1858000010251999,0.03909999877214432,0.08789999783039093,0.07665000110864639,0.1728000044822693,-0.44577004862783387,-0.03625208126958556,Karkaraly,0.40951797366142273,1,"{""type"":""Point"",""coordinates"":[75.38312490609202,49.19896939263956]}"
1_303,0.2395000010728836,0.28040000796318054,0.250900000333786,0.19269999861717224,0.07665000110864639,0.0877000018954277,0.11890000104904175,0.1890999972820282,-0.35694969927297,-0.009429024027790939,Karkaraly,0.3475206792354584,1,"{""type"":""Point"",""coordinates"":[75.36618675140573,49.20939057426715]}"
1_304,0.21254999935626984,0.26910001039505005,0.22550000250339508,0.18850000202655792,0.06424999982118607,0.08309999853372574,0.0966000035405159,0.16869999468326569,-0.4001862668245545,-0.05543115208754341,Karkaraly,0.3447551131248474,1,"{""type"":""Point"",""coordinates"":[75.36167051857907,49.20449442135839]}"
1_305,0.2001499980688095,0.24950000643730164,0.22360000014305115,0.14110000431537628,0.03644999861717224,0.06710000336170197,0.0697999969124794,0.26269999146461487,-0.5241990619429443,0.30113914913335427,Karkaraly,0.8253381848335266,1,"{""type"":""Point"",""coordinates"":[75.37824620741235,49.21896151825942]}"
1_310,0.18754999339580536,0.2669000029563904,0.21164999902248383,0.16830000281333923,0.041450001299381256,0.0754999965429306,0.0706000030040741,0.21289999783039093,-0.49973426042752633,0.11699893741273859,Karkaraly,0.616733193397522,1,"{""type"":""Point"",""coordinates"":[75.3803830844559,49.209967080674446]}"
1_311,0.2791999876499176,0.19869999587535858,0.2632000148296356,0.16869999468326569,0.07540000230073929,0.053700000047683716,0.1287499964237213,0.17829999327659607,-0.34302848461715096,0.02766570295800943,Karkaraly,0.37069419026374817,1,"{""type"":""Point"",""coordinates"":[75.45618565592034,49.20773288700906]}"
1_313,0.22360000014305115,0.2768000066280365,0.23514999449253082,0.18690000474452972,0.07774999737739563,0.09309999644756317,0.1059499979019165,0.19539999961853027,-0.37877455136735305,0.022233834101472658,Karkaraly,0.40100839734077454,1,"{""type"":""Point"",""coordinates"":[75.37661487902929,49.20214247800926]}"
1_315,0.17955000698566437,0.2685999870300293,0.19920000433921814,0.19020000100135803,0.06224999949336052,0.08959999680519104,0.07985000312328339,0.1673000007867813,-0.42770112174955915,-0.06405594433576438,Karkaraly,0.36364516615867615,1,"{""type"":""Point"",""coordinates"":[75.39179052860904,49.20108178240611]}"
1_321,0.22190000116825104,0.25920000672340393,0.22405000030994415,0.19339999556541443,0.07190000265836716,0.08649999648332596,0.1080000028014183,0.16609999537467957,-0.34949554711976666,-0.0759388063386184,Karkaraly,0.27355673909187317,1,"{""type"":""Point"",""coordinates"":[75.34331034568238,49.203889755251]}"
1_325,0.29829999804496765,0.24969999492168427,0.2572000026702881,0.1273999959230423,0.07455000281333923,0.06750000268220901,0.14059999585151672,0.33660000562667847,-0.29311213487191634,0.450862088372685,Karkaraly,0.7439742088317871,1,"{""type"":""Point"",""coordinates"":[75.41821615400787,49.201981768080024]}"
1_327,0.21660000085830688,0.2768000066280365,0.23399999737739563,0.195700004696846,0.07069999724626541,0.09390000253915787,0.10930000245571136,0.17579999566078186,-0.3632391348159229,-0.053566646075120385,Karkaraly,0.309672474861145,1,"{""type"":""Point"",""coordinates"":[75.39384121451508,49.209038174706585]}"
1_329,0.24764999747276306,0.2517000138759613,0.23109999299049377,0.18359999358654022,0.08240000158548355,0.08179999887943268,0.17065000534057617,0.2558000087738037,-0.1504666780361816,0.16431500864684467,Karkaraly,0.31478169560432434,1,"{""type"":""Point"",""coordinates"":[75.35104668081917,49.199858224646604]}"
1_331,0.17329999804496765,0.29330000281333923,0.19949999451637268,0.16459999978542328,0.033649999648332596,0.08070000261068344,0.06174999848008156,0.34209999442100525,-0.5272727262356738,0.35030589434597237,Karkaraly,0.877578616142273,1,"{""type"":""Point"",""coordinates"":[75.381397649949,49.2215564782196]}"
1_340,0.15119999647140503,0.20990000665187836,0.1555500030517578,0.11169999837875366,0.03905000165104866,0.049400001764297485,0.06669999659061432,0.30630001425743103,-0.39977505783628436,0.46555026314808196,Karkaraly,0.8653253316879272,1,"{""type"":""Point"",""coordinates"":[75.42019362213,49.193759010521106]}"
1_341,0.251800000667572,0.296999990940094,0.25894999504089355,0.20149999856948853,0.06780000030994415,0.08860000222921371,0.11169999837875366,0.20069999992847443,-0.39727505537933333,-0.001989056797617444,Karkaraly,0.3952859938144684,1,"{""type"":""Point"",""coordinates"":[75.36921384724782,49.21519034340644]}"
1_347,0.2009499967098236,0.2630999982357025,0.20874999463558197,0.1932000070810318,0.0640999972820282,0.09749999642372131,0.0934000015258789,0.16990000009536743,-0.3817640065368828,-0.06416966820478438,Karkaraly,0.31759434938430786,1,"{""type"":""Point"",""coordinates"":[75.41950562235226,49.21317765061263]}"
1_348,0.22155000269412994,0.27090001106262207,0.23205000162124634,0.19519999623298645,0.07384999841451645,0.0892999991774559,0.10339999943971634,0.19210000336170197,-0.3835146870610679,-0.008004112766663166,Karkaraly,0.375510573387146,1,"{""type"":""Point"",""coordinates"":[75.39269605093826,49.18678708068949]}"
1_350,0.21975000202655792,0.274399995803833,0.23235000669956207,0.19290000200271606,0.06700000166893005,0.08489999920129776,0.10159999877214432,0.16990000009536743,-0.3915256948198955,-0.06339581525451742,Karkaraly,0.3281298875808716,1,"{""type"":""Point"",""coordinates"":[75.36088601218438,49.20448964547031]}"
1_353,0.21445000171661377,0.2709999978542328,0.225150004029274,0.1956000030040741,0.05950000137090683,0.08470000326633453,0.09574999660253525,0.1729000061750412,-0.4032409073604469,-0.06160107534216967,Karkaraly,0.34163984656333923,1,"{""type"":""Point"",""coordinates"":[75.33816661721218,49.19372352693071]}"
1_357,0.21604999899864197,0.27219998836517334,0.22939999401569366,0.1906999945640564,0.05754999816417694,0.08479999750852585,0.09475000202655792,0.17489999532699585,-0.41539408802455974,-0.04321662930507438,Karkaraly,0.37217745184898376,1,"{""type"":""Point"",""coordinates"":[75.341157712637,49.20325937475954]}"
1_364,0.18424999713897705,0.25769999623298645,0.20845000445842743,0.18080000579357147,0.05404999852180481,0.08330000191926956,0.08250000327825546,0.16529999673366547,-0.4328922420725965,-0.04478477014367027,Karkaraly,0.3881074786186218,1,"{""type"":""Point"",""coordinates"":[75.38971843244192,49.203551915548886]}"
1_365,0.16760000586509705,0.2768000066280365,0.1979999989271164,0.17329999804496765,0.040300000458955765,0.08269999921321869,0.06324999779462814,0.20640000700950623,-0.5157894844913988,0.08717410725288208,Karkaraly,0.6029635667800903,1,"{""type"":""Point"",""coordinates"":[75.38007952005982,49.20603820352932]}"
1_366,0.2337999939918518,0.2565000057220459,0.2423499971628189,0.18279999494552612,0.07195000350475311,0.0771000012755394,0.11845000088214874,0.15809999406337738,-0.3434035392240443,-0.07245527039751133,Karkaraly,0.27094826102256775,1,"{""type"":""Point"",""coordinates"":[75.40430574024079,49.194383670551915]}"
1_368,0.25940001010894775,0.21719999611377716,0.14569999277591705,0.09799999743700027,0.0640999972820282,0.04390000179409981,0.20550000667572021,0.35850000381469727,0.1702733883632538,0.5706462336548094,Karkaraly,0.40037283301353455,1,"{""type"":""Point"",""coordinates"":[75.3364520695205,49.21432403110167]}"
1_372,0.23669999837875366,0.29170000553131104,0.24764999747276306,0.20360000431537628,0.06909999996423721,0.08699999749660492,0.10970000177621841,0.17749999463558197,-0.38603608783115967,-0.06848598727798208,Karkaraly,0.31755009293556213,1,"{""type"":""Point"",""coordinates"":[75.32669393928597,49.187364192497576]}"
1_376,0.2442999929189682,0.27970001101493835,0.24740000069141388,0.18170000612735748,0.06615000218153,0.08110000193119049,0.1067499965429306,0.21150000393390656,-0.3971481159024655,0.07578839533067654,Karkaraly,0.4729365110397339,1,"{""type"":""Point"",""coordinates"":[75.3355901733888,49.18883905725333]}"
1_389,0.26625001430511475,0.24040000140666962,0.16329999268054962,0.12229999899864197,0.08815000206232071,0.05480000004172325,0.2113499939441681,0.32659998536109924,0.12825304411861507,0.4551124826922127,Karkaraly,0.3268594443798065,1,"{""type"":""Point"",""coordinates"":[75.44767161777813,49.233409122916754]}"
1_391,0.18389999866485596,0.2565999925136566,0.2012999951839447,0.18690000474452972,0.03994999825954437,0.07259999960660934,0.0726500004529953,0.1460999995470047,-0.4696112311731753,-0.12252253655169772,Karkaraly,0.34708869457244873,1,"{""type"":""Point"",""coordinates"":[75.44214992747773,49.216094719064145]}"
1_393,0.2484000027179718,0.26420000195503235,0.2503499984741211,0.18950000405311584,0.07405000180006027,0.08470000326633453,0.11375000327825546,0.16410000622272491,-0.3751716411382138,-0.07183257096224793,Karkaraly,0.30333906412124634,1,"{""type"":""Point"",""coordinates"":[75.42952815561728,49.20764930143054]}"
1_395,0.18885000050067902,0.2687999904155731,0.21789999306201935,0.17990000545978546,0.04735000059008598,0.08079999685287476,0.07999999821186066,0.17479999363422394,-0.4629070120494825,-0.014378381275974631,Karkaraly,0.44852861762046814,1,"{""type"":""Point"",""coordinates"":[75.38127005122293,49.20227918000654]}"
1_405,0.2094999998807907,0.25769999623298645,0.22865000367164612,0.1834000051021576,0.06650000065565109,0.07639999687671661,0.09324999898672104,0.15809999406337738,-0.4206275351560816,-0.07408495197833533,Karkaraly,0.3465425968170166,1,"{""type"":""Point"",""coordinates"":[75.39878033610734,49.18733327851593]}"
1_412,0.28235000371932983,0.21439999341964722,0.15600000321865082,0.1046999990940094,0.08560000360012054,0.05130000039935112,0.2917500138282776,0.39079999923706055,0.30318259171701806,0.5773965713555714,Karkaraly,0.274213969707489,1,"{""type"":""Point"",""coordinates"":[75.30170934196691,49.1717070603285]}"
1_413,0.18299999833106995,0.2556000053882599,0.20264999568462372,0.1776999980211258,0.03294999897480011,0.07240000367164612,0.07254999876022339,0.1632000058889389,-0.47274709139019877,-0.04253444401840558,Karkaraly,0.4302126467227936,1,"{""type"":""Point"",""coordinates"":[75.44085815327101,49.21598278395945]}"
1_418,0.18995000422000885,0.19769999384880066,0.10289999842643738,0.09769999980926514,0.05485000088810921,0.0502999983727932,0.16474999487400055,0.33489999175071716,0.23108536519982784,0.5483125209644462,Karkaraly,0.31722715497016907,1,"{""type"":""Point"",""coordinates"":[75.35333744750575,49.22972743788839]}"
1_420,0.23444999754428864,0.27070000767707825,0.24844999611377716,0.16750000417232513,0.06174999848008156,0.08429999649524689,0.10324999690055847,0.21299999952316284,-0.41285186834592913,0.11957948727709107,Karkaraly,0.5324313640594482,1,"{""type"":""Point"",""coordinates"":[75.37584707320167,49.218054838427896]}"
1_423,0.22920000553131104,0.2727999985218048,0.23489999771118164,0.19550000131130219,0.06894999742507935,0.08619999885559082,0.1091499999165535,0.17440000176429749,-0.3654991968076996,-0.057042442204825586,Karkaraly,0.30845674872398376,1,"{""type"":""Point"",""coordinates"":[75.35554609875524,49.209779857580074]}"
1_424,0.2110999971628189,0.26840001344680786,0.21780000627040863,0.19689999520778656,0.06650000065565109,0.09390000253915787,0.10400000214576721,0.17520000040531158,-0.35363580220130614,-0.05831764326339359,Karkaraly,0.2953181564807892,1,"{""type"":""Point"",""coordinates"":[75.41565339266378,49.210142766958796]}"
1_430,0.22724999487400055,0.2985999882221222,0.24255000054836273,0.20880000293254852,0.05689999833703041,0.09549999982118607,0.09969999641180038,0.18549999594688416,-0.41738496831364374,-0.05909207976637337,Karkaraly,0.3582928776741028,1,"{""type"":""Point"",""coordinates"":[75.40457339975286,49.201168645424666]}"
1_431,0.24070000648498535,0.3068999946117401,0.24390000104904175,0.21619999408721924,0.07045000046491623,0.09549999982118607,0.10445000231266022,0.18039999902248383,-0.4003157668742335,-0.0902672609347041,Karkaraly,0.31004852056503296,1,"{""type"":""Point"",""coordinates"":[75.37052751390281,49.184875564322844]}"
1_434,0.2138500064611435,0.26570001244544983,0.22689999639987946,0.17669999599456787,0.05925000086426735,0.0869000032544136,0.09040000289678574,0.20309999585151672,-0.43019222756275727,0.06951026967806664,Karkaraly,0.49970248341560364,1,"{""type"":""Point"",""coordinates"":[75.4017417687621,49.21677962180628]}"
1_441,0.16294999420642853,0.2671999931335449,0.20045000314712524,0.1606999933719635,0.0385500006377697,0.07850000262260437,0.06134999915957451,0.2094999998807907,-0.5313216301067657,0.13182065747772442,Karkaraly,0.6631422638893127,1,"{""type"":""Point"",""coordinates"":[75.37071461152307,49.20358473540154]}"
1_442,0.2611500024795532,0.24400000274181366,0.24230000376701355,0.12489999830722809,0.06639999896287918,0.066600002348423,0.11649999767541885,0.29840001463890076,-0.35061317052914964,0.409874819337067,Karkaraly,0.760487973690033,1,"{""type"":""Point"",""coordinates"":[75.41541112844999,49.19891221994777]}"
1_447,0.2754499912261963,0.29249998927116394,0.2572999894618988,0.2076999992132187,0.08195000141859055,0.08510000258684158,0.13044999539852142,0.19599999487400055,-0.3271437756703976,-0.028981928438399626,Karkaraly,0.2981618344783783,1,"{""type"":""Point"",""coordinates"":[75.32408442818532,49.18205030692599]}"
1_452,0.2199999988079071,0.2833000123500824,0.23119999468326569,0.19830000400543213,0.08609999716281891,0.10159999877214432,0.11015000194311142,0.17659999430179596,-0.3546213386158281,-0.05788212803845668,Karkaraly,0.29673922061920166,1,"{""type"":""Point"",""coordinates"":[75.38496902300838,49.20470408242443]}"
1_453,0.21150000393390656,0.2754000127315521,0.23549999296665192,0.1981000006198883,0.05460000038146973,0.08299999684095383,0.08974999934434891,0.17409999668598175,-0.4481168241902318,-0.06448147261587324,Karkaraly,0.38363534212112427,1,"{""type"":""Point"",""coordinates"":[75.35604081910455,49.21145610025967]}"
1_466,0.21649999916553497,0.2621999979019165,0.2069000005722046,0.18400000035762787,0.06525000184774399,0.08500000089406967,0.10485000163316727,0.19460000097751617,-0.3273456237918797,0.027997888490510017,Karkaraly,0.3553435206413269,1,"{""type"":""Point"",""coordinates"":[75.38870834881433,49.21494233453946]}"
1_468,0.17994999885559082,0.2581000030040741,0.19769999384880066,0.18299999833106995,0.04565000161528587,0.07689999788999557,0.07530000060796738,0.1509000062942505,-0.44835163269652156,-0.0961365426539597,Karkaraly,0.35221508145332336,1,"{""type"":""Point"",""coordinates"":[75.34510589180492,49.196947228567616]}"
1_471,0.24404999613761902,0.22699999809265137,0.1517000049352646,0.13130000233650208,0.07204999774694443,0.06120000034570694,0.1595499962568283,0.24199999868869781,0.025220855555014035,0.2965443237293826,Karkaraly,0.27132347226142883,1,"{""type"":""Point"",""coordinates"":[75.34058759352122,49.23421597381704]}"
1_473,0.1984499990940094,0.23070000112056732,0.21150000393390656,0.1316000074148178,0.04554999992251396,0.07079999893903732,0.07829999923706055,0.2531000077724457,-0.45962734037054115,0.3158305057474051,Karkaraly,0.7754578590393066,1,"{""type"":""Point"",""coordinates"":[75.41884897248866,49.19038528895795]}"
1_476,0.21539999544620514,0.20399999618530273,0.19339999556541443,0.1151999980211258,0.05889999866485596,0.05445000156760216,0.13099999725818634,0.28744998574256897,-0.19235511617646484,0.42779087214003814,Karkaraly,0.6201459765434265,1,"{""type"":""Point"",""coordinates"":[75.41954928194731,49.192611931324365]}"
1_478,0.2203499972820282,0.23409999907016754,0.20200000703334808,0.1193000003695488,0.05014999955892563,0.057500001043081284,0.11720000207424164,0.30709999799728394,-0.2656641683569743,0.44043151582324924,Karkaraly,0.7060956954956055,1,"{""type"":""Point"",""coordinates"":[75.42194256531621,49.202157408195475]}"
1_484,0.1704999953508377,0.2696000039577484,0.18205000460147858,0.17139999568462372,0.0377499982714653,0.09950000047683716,0.08470000326633453,0.22589999437332153,-0.3649484478492891,0.13717593771081926,Karkaraly,0.5021243691444397,1,"{""type"":""Point"",""coordinates"":[75.41842259789071,49.19504559056215]}"
1_489,0.19979999959468842,0.25780001282691956,0.21574999392032623,0.1696999967098236,0.04800000041723251,0.0828000009059906,0.08184999972581863,0.17479999363422394,-0.44993278579743057,0.014804055347888489,Karkaraly,0.46473684906959534,1,"{""type"":""Point"",""coordinates"":[75.36900335053588,49.215938879446256]}"
1_490,0.23884999752044678,0.2953999936580658,0.2398499995470047,0.20640000700950623,0.06469999998807907,0.08829999715089798,0.10700000077486038,0.1858000010251999,-0.3830185920393946,-0.05252423651782134,Karkaraly,0.33049434423446655,1,"{""type"":""Point"",""coordinates"":[75.33596317025058,49.189251732554325]}"
1_497,0.19439999759197235,0.2700999975204468,0.21774999797344208,0.17919999361038208,0.05204999819397926,0.08489999920129776,0.07885000109672546,0.19359999895095825,-0.4683074757658938,0.038626624538375766,Karkaraly,0.5069341063499451,1,"{""type"":""Point"",""coordinates"":[75.34377942685123,49.206347139069806]}"
1_498,0.21279999613761902,0.27559998631477356,0.22509999573230743,0.17960000038146973,0.05274999886751175,0.09040000289678574,0.08865000307559967,0.20730000734329224,-0.43490037665386266,0.07159474388413067,Karkaraly,0.5064951181411743,1,"{""type"":""Point"",""coordinates"":[75.37847699044636,49.21230189492931]}"
1_499,0.2480500042438507,0.29910001158714294,0.24089999496936798,0.2125999927520752,0.07569999992847443,0.09369999915361404,0.1172500029206276,0.18930000066757202,-0.34524638497057597,-0.057974601806410814,Karkaraly,0.28727179765701294,1,"{""type"":""Point"",""coordinates"":[75.33376554266925,49.190354460934586]}"
1_500,0.1776999980211258,0.2632000148296356,0.19965000450611115,0.17579999566078186,0.05635000020265579,0.0851999968290329,0.07495000213384628,0.1720999926328659,-0.4541150741331395,-0.010635249072767826,Karkaraly,0.44347983598709106,1,"{""type"":""Point"",""coordinates"":[75.3730668403449,49.20893816909106]}"
1_501,0.2370000034570694,0.295199990272522,0.241349995136261,0.2101999968290329,0.06414999812841415,0.08720000088214874,0.10320000350475311,0.17309999465942383,-0.4009577482989517,-0.09679103311622786,Karkaraly,0.304166704416275,1,"{""type"":""Point"",""coordinates"":[75.36894918111402,49.186568924084426]}"
1_503,0.2479500025510788,0.25224998593330383,0.2354000061750412,0.1545500010251999,0.06055000051856041,0.0742499977350235,0.10970000177621841,0.22294999659061432,-0.36424225297779794,0.18119204237724482,Karkaraly,0.545434296131134,1,"{""type"":""Point"",""coordinates"":[75.42237719998525,49.191428200777814]}"
1_506,0.20755000412464142,0.26919999718666077,0.2244500070810318,0.188400000333786,0.05939999967813492,0.08150000125169754,0.09130000323057175,0.1754000037908554,-0.4216943768871412,-0.03573390982831511,Karkaraly,0.3859604597091675,1,"{""type"":""Point"",""coordinates"":[75.34791423682628,49.20375065440664]}"
1_509,0.28060001134872437,0.29429998993873596,0.2563999891281128,0.20759999752044678,0.08654999732971191,0.09319999814033508,0.14560000598430634,0.21879999339580536,-0.27562185196748895,0.026266407396707325,Karkaraly,0.30188825726509094,1,"{""type"":""Point"",""coordinates"":[75.3416127507276,49.184517276264096]}"
1_515,0.22059999406337738,0.26460000872612,0.2219499945640564,0.1941000074148178,0.07580000162124634,0.08969999849796295,0.10670000314712524,0.16699999570846558,-0.35067698834494776,-0.07504849479909863,Karkaraly,0.2756285071372986,1,"{""type"":""Point"",""coordinates"":[75.35277283222777,49.21217473922146]}"
1_518,0.2227499932050705,0.23510000109672546,0.20145000517368317,0.1527000069618225,0.05665000155568123,0.07559999823570251,0.1120000034570694,0.22139999270439148,-0.28537246531706695,0.1836406998232175,Karkaraly,0.46901315450668335,1,"{""type"":""Point"",""coordinates"":[75.44146375329471,49.20431143420042]}"
1_519,0.23720000684261322,0.2890999913215637,0.23774999380111694,0.1973000019788742,0.07355000078678131,0.09220000356435776,0.11299999803304672,0.1859000027179718,-0.3556664252954641,-0.029749475785943887,Karkaraly,0.32591694593429565,1,"{""type"":""Point"",""coordinates"":[75.33552109058733,49.201532076888654]}"
1_526,0.22949999570846558,0.2870999872684479,0.23725000023841858,0.19040000438690186,0.05894999951124191,0.09160000085830688,0.10634999722242355,0.1915999948978424,-0.3809662514066603,0.0031413364219565723,Karkaraly,0.3841075897216797,1,"{""type"":""Point"",""coordinates"":[75.33721086385775,49.19969340589027]}"
1_528,0.18674999475479126,0.2531000077724457,0.19425000250339508,0.1808999925851822,0.05404999852180481,0.0892999991774559,0.08784999698400497,0.15950000286102295,-0.37717123613161313,-0.0628671856946049,Karkaraly,0.31430405378341675,1,"{""type"":""Point"",""coordinates"":[75.38296665268648,49.20005506682884]}"
1_529,0.15074999630451202,0.2653000056743622,0.17980000376701355,0.1704999953508377,0.03914999961853027,0.08320000022649765,0.05849999934434891,0.1960500031709671,-0.5090222527860341,0.06970401834174203,Karkaraly,0.5787262916564941,1,"{""type"":""Point"",""coordinates"":[75.43219974175706,49.221055764395366]}"
1_532,0.19304999709129333,0.2858000099658966,0.2163500040769577,0.1941000074148178,0.05025000125169754,0.09149999916553497,0.08079999685287476,0.1678999960422516,-0.45616694194825547,-0.07237572133248157,Karkaraly,0.3837912082672119,1,"{""type"":""Point"",""coordinates"":[75.4025212705601,49.19682434324091]}"
1_533,0.16619999706745148,0.2624000012874603,0.18970000743865967,0.17100000381469727,0.03864999860525131,0.09049999713897705,0.06615000218153,0.19020000100135803,-0.48290013918912933,0.053156137681777044,Karkaraly,0.5360562801361084,1,"{""type"":""Point"",""coordinates"":[75.39206741257772,49.22103615547196]}"
1_542,0.258899986743927,0.26409998536109924,0.24214999377727509,0.1826999932527542,0.06669999659061432,0.08190000057220459,0.11420000344514847,0.1858000010251999,-0.3590570824454472,0.008412504262096103,Karkaraly,0.36746957898139954,1,"{""type"":""Point"",""coordinates"":[75.43943395155239,49.21288184544991]}"
1_544,0.25554999709129333,0.20774999260902405,0.1695999950170517,0.10405000299215317,0.05624999850988388,0.041850000619888306,0.210999995470047,0.37165001034736633,0.10877562135514202,0.56253941528528,Karkaraly,0.45376378297805786,1,"{""type"":""Point"",""coordinates"":[75.44393089978536,49.20466854434909]}"
1_548,0.24244999885559082,0.2768000066280365,0.25529998540878296,0.2029000073671341,0.07985000312328339,0.08370000123977661,0.12144999951124191,0.18729999661445618,-0.3552753583412996,-0.03997952484237783,Karkaraly,0.31529584527015686,1,"{""type"":""Point"",""coordinates"":[75.36274054497392,49.20143744132829]}"
1_550,0.3138999938964844,0.24779999256134033,0.20065000653266907,0.12929999828338623,0.0925000011920929,0.06509999930858612,0.21085000038146973,0.302700012922287,0.024787347940261228,0.4013889123635828,Karkaraly,0.37660157680511475,1,"{""type"":""Point"",""coordinates"":[75.35323586636363,49.23083540043536]}"
1_558,0.24355000257492065,0.25290000438690186,0.24905000627040863,0.17569999396800995,0.07164999842643738,0.08330000191926956,0.10885000228881836,0.17309999465942383,-0.391729535145818,-0.007454126701142976,Karkaraly,0.3842754065990448,1,"{""type"":""Point"",""coordinates"":[75.43000361368274,49.20754236836821]}"
1_561,0.20340000092983246,0.2791999876499176,0.22450000047683716,0.19020000100135803,0.05130000039935112,0.08349999785423279,0.08784999698400497,0.18150000274181366,-0.4374900099365724,-0.023405967640386917,Karkaraly,0.4140840470790863,1,"{""type"":""Point"",""coordinates"":[75.37103548346941,49.193786137841734]}"
1_562,0.2293500006198883,0.2793000042438507,0.24295000731945038,0.1882999986410141,0.05914999917149544,0.08749999850988388,0.09825000166893005,0.18529999256134033,-0.42409144735822113,-0.008029995049033237,Karkaraly,0.4160614609718323,1,"{""type"":""Point"",""coordinates"":[75.32417132196142,49.19506425341067]}"
1_566,0.2545500099658966,0.24979999661445618,0.25040000677108765,0.14605000615119934,0.06419999897480011,0.07485000044107437,0.11309999972581863,0.23935000598430634,-0.3777166563721576,0.24208613620983216,Karkaraly,0.6198027729988098,1,"{""type"":""Point"",""coordinates"":[75.41985125295336,49.19098602928744]}"
1_567,0.19740000367164612,0.25029999017715454,0.19789999723434448,0.16949999332427979,0.06539999693632126,0.08510000258684158,0.0989999994635582,0.19269999861717224,-0.33310878703517655,0.06405302542536398,Karkaraly,0.3971618115901947,1,"{""type"":""Point"",""coordinates"":[75.40015526094119,49.21491308722598]}"
1_572,0.1826999932527542,0.27489998936653137,0.20634999871253967,0.18469999730587006,0.045499999076128006,0.08829999715089798,0.07124999910593033,0.1834000051021576,-0.4866714721480467,-0.003531627805509932,Karkaraly,0.48313984274864197,1,"{""type"":""Point"",""coordinates"":[75.43604360283375,49.208612656901785]}"
1_575,0.21694999933242798,0.2859500050544739,0.23280000686645508,0.20440000295639038,0.05584999918937683,0.09025000035762787,0.09555000066757202,0.18549999594688416,-0.4179990956286479,-0.048473985798073556,Karkaraly,0.36952510476112366,1,"{""type"":""Point"",""coordinates"":[75.4211552874503,49.20738060492086]}"
1_576,0.1868000030517578,0.27390000224113464,0.21199999749660492,0.19519999623298645,0.052549999207258224,0.08550000190734863,0.08765000104904175,0.1800999939441681,-0.41498413833170944,-0.04023448623510658,Karkaraly,0.37474966049194336,1,"{""type"":""Point"",""coordinates"":[75.43850855321386,49.21549012510861]}"
1_583,0.2304999977350235,0.2611500024795532,0.24334999918937683,0.16574999690055847,0.05115000158548355,0.07779999822378159,0.09470000118017197,0.21400000154972076,-0.4397278445398727,0.12705728728391208,Karkaraly,0.5667851567268372,1,"{""type"":""Point"",""coordinates"":[75.42189087940666,49.20423415817096]}"
1_585,0.23074999451637268,0.29580000042915344,0.2349500060081482,0.2094999998807907,0.06019999831914902,0.0860000029206276,0.10085000097751617,0.18729999661445618,-0.39934485479732845,-0.05594758937101064,Karkaraly,0.34339725971221924,1,"{""type"":""Point"",""coordinates"":[75.35304065509456,49.195021625307554]}"
1_586,0.24244999885559082,0.25999999046325684,0.24740000069141388,0.17910000681877136,0.07039999961853027,0.08209999650716782,0.11599999666213989,0.22010000050067902,-0.36158504399061464,0.10270539311162481,Karkaraly,0.46429044008255005,1,"{""type"":""Point"",""coordinates"":[75.33925457881311,49.18765174701857]}"
1_587,0.226500004529953,0.29420000314712524,0.23389999568462372,0.21379999816417694,0.0628499984741211,0.08649999648332596,0.09965000301599503,0.1665000021457672,-0.40248836213945294,-0.12437548246084743,Karkaraly,0.27811288833618164,1,"{""type"":""Point"",""coordinates"":[75.36602621708414,49.1896916661042]}"
1_591,0.25314998626708984,0.2272000014781952,0.14139999449253082,0.11289999634027481,0.07474999874830246,0.04839999973773956,0.2434999942779541,0.38499999046325684,0.2652637120400263,0.5464952828575813,Karkaraly,0.2812315821647644,1,"{""type"":""Point"",""coordinates"":[75.34764171400423,49.22714322403859]}"
1_595,0.17820000648498535,0.2574000060558319,0.20065000653266907,0.1882999986410141,0.05249999836087227,0.0828000009059906,0.0767500028014183,0.15700000524520874,-0.446647438940896,-0.09064579508698407,Karkaraly,0.3560016453266144,1,"{""type"":""Point"",""coordinates"":[75.43586325219218,49.21732777416343]}"
1_597,0.22345000505447388,0.26899999380111694,0.2381500005722046,0.195700004696846,0.06909999996423721,0.08240000158548355,0.10610000044107437,0.1704999953508377,-0.3835875083295543,-0.06881488078297912,Karkaraly,0.3147726356983185,1,"{""type"":""Point"",""coordinates"":[75.36131437229726,49.2041240790003]}"
1_607,0.22484999895095825,0.23520000278949738,0.1813499927520752,0.1376499980688095,0.04935000091791153,0.0677499994635582,0.12269999831914902,0.24469999969005585,-0.19289589263361406,0.27997908264343446,Karkaraly,0.4728749692440033,1,"{""type"":""Point"",""coordinates"":[75.43282273825861,49.196106698993994]}"
1_609,0.19014999270439148,0.2632000148296356,0.21324999630451202,0.17419999837875366,0.04910000041127205,0.08330000191926956,0.07980000227689743,0.18529999256134033,-0.4553830222611044,0.030876201564178453,Karkaraly,0.48625922203063965,1,"{""type"":""Point"",""coordinates"":[75.37075830071062,49.20531872713614]}"
1_610,0.21074999868869781,0.259799987077713,0.2244500070810318,0.18389999866485596,0.06639999896287918,0.08179999887943268,0.10409999638795853,0.16609999537467957,-0.3663065269285024,-0.050857153123738986,Karkaraly,0.31544938683509827,1,"{""type"":""Point"",""coordinates"":[75.36992855287349,49.21025452638938]}"
1_612,0.25255000591278076,0.2921000123023987,0.25870001316070557,0.21199999749660492,0.07774999737739563,0.09099999815225601,0.11954999715089798,0.1875,-0.3678784196071148,-0.06132665244087549,Karkaraly,0.3065517544746399,1,"{""type"":""Point"",""coordinates"":[75.34304517432822,49.19032282549421]}"
1_613,0.21164999902248383,0.2619999945163727,0.2069000005722046,0.17990000545978546,0.07365000247955322,0.09880000352859497,0.10589999705553055,0.19750000536441803,-0.32289003926679904,0.046634868574052094,Karkaraly,0.36952489614486694,1,"{""type"":""Point"",""coordinates"":[75.39155927537058,49.222109648709086]}"
1_617,0.1785999983549118,0.2655999958515167,0.20350000262260437,0.17990000545978546,0.05544999986886978,0.08320000022649765,0.07569999992847443,0.16940000653266907,-0.4577363951518923,-0.03006011613690758,Karkaraly,0.4276762902736664,1,"{""type"":""Point"",""coordinates"":[75.37858341266241,49.198325141736426]}"
1_618,0.20024999976158142,0.2556999921798706,0.22824999690055847,0.155799999833107,0.04129999876022339,0.08190000057220459,0.0726500004529953,0.20819999277591705,-0.517115313446597,0.14395602749116923,Karkaraly,0.6610713601112366,1,"{""type"":""Point"",""coordinates"":[75.3944305704942,49.20534012463343]}"
1_619,0.29144999384880066,0.24699999392032623,0.24214999377727509,0.12720000743865967,0.07050000131130219,0.06539999693632126,0.1501999944448471,0.33719998598098755,-0.23435708447217302,0.45219634263122166,Karkaraly,0.686553418636322,1,"{""type"":""Point"",""coordinates"":[75.4175737877362,49.20196925268655]}"
1_620,0.20640000700950623,0.25049999356269836,0.20624999701976776,0.17249999940395355,0.059450000524520874,0.0868000015616417,0.09364999830722809,0.16940000653266907,-0.37545848771943563,-0.009066957640998477,Karkaraly,0.36639153957366943,1,"{""type"":""Point"",""coordinates"":[75.38680968662652,49.20646464387447]}"
1_629,0.19769999384880066,0.26460000872612,0.21310000121593475,0.1793999969959259,0.055399999022483826,0.07890000194311142,0.0868000015616417,0.17730000615119934,-0.42114037507350277,-0.005887274533777887,Karkaraly,0.4152531027793884,1,"{""type"":""Point"",""coordinates"":[75.37577600626436,49.193607980276425]}"
1_632,0.23454999923706055,0.2653000056743622,0.24365000426769257,0.17520000040531158,0.04964999854564667,0.07159999758005142,0.08874999731779099,0.1914999932050705,-0.4660048321632328,0.04445048563888882,Karkaraly,0.510455310344696,1,"{""type"":""Point"",""coordinates"":[75.44072600046633,49.2112285579549]}"
1_642,0.23964999616146088,0.28029999136924744,0.2561500072479248,0.21299999952316284,0.07339999824762344,0.08659999817609787,0.11559999734163284,0.17419999837875366,-0.3780766864050766,-0.10020661506883012,Karkaraly,0.2778700590133667,1,"{""type"":""Point"",""coordinates"":[75.39003670027223,49.19203581023118]}"
1_647,0.23755000531673431,0.2727000117301941,0.25279998779296875,0.20579999685287476,0.08055000007152557,0.08619999885559082,0.11919999867677689,0.17399999499320984,-0.3591397687511943,-0.08372828473506654,Karkaraly,0.2754114866256714,1,"{""type"":""Point"",""coordinates"":[75.36386963628317,49.20231053576117]}"
1_651,0.24824999272823334,0.2784000039100647,0.25450000166893005,0.20260000228881836,0.07069999724626541,0.08179999887943268,0.10984999686479568,0.1843000054359436,-0.3970083858549679,-0.04729903460196685,Karkaraly,0.3497093617916107,1,"{""type"":""Point"",""coordinates"":[75.36090519679223,49.192990963558096]}"
1_653,0.2567000091075897,0.2402999997138977,0.24690000712871552,0.11869999766349792,0.06015000119805336,0.052299998700618744,0.1091499999165535,0.3296999931335449,-0.38688387722640366,0.4705619977712063,Karkaraly,0.8574458956718445,1,"{""type"":""Point"",""coordinates"":[75.41693568029038,49.198709379337885]}"
1_656,0.24459999799728394,0.2768999934196472,0.2492000013589859,0.1890999972820282,0.06469999998807907,0.09030000120401382,0.10740000009536743,0.186599999666214,-0.3976444214394363,-0.006654239116639167,Karkaraly,0.39099016785621643,1,"{""type"":""Point"",""coordinates"":[75.40470013822187,49.20718314780589]}"
1_670,0.21334999799728394,0.2840000092983246,0.23205000162124634,0.19820000231266022,0.06525000184774399,0.09589999914169312,0.09920000284910202,0.17820000648498535,-0.4010565946544351,-0.05313495047877897,Karkaraly,0.3479216396808624,1,"{""type"":""Point"",""coordinates"":[75.37737615264432,49.19860513405358]}"
1_672,0.1809999942779541,0.23549999296665192,0.19249999523162842,0.1589999943971634,0.03830000013113022,0.07410000264644623,0.07034999877214432,0.18860000371932983,-0.46471371217809826,0.08515537825821971,Karkaraly,0.5498691201210022,1,"{""type"":""Point"",""coordinates"":[75.39301857248996,49.22257816316762]}"
1_675,0.2644999921321869,0.30149999260902405,0.2617500126361847,0.2142000049352646,0.08789999783039093,0.09759999811649323,0.12484999746084213,0.18700000643730164,-0.3541128080699846,-0.06779660450384242,Karkaraly,0.2863162159919739,1,"{""type"":""Point"",""coordinates"":[75.3261362994212,49.185180127343536]}"
1_677,0.22654999792575836,0.27889999747276306,0.24214999377727509,0.18729999661445618,0.052949998527765274,0.07859999686479568,0.09364999830722809,0.18790000677108765,-0.4422275133129764,0.0015991741770186446,Karkaraly,0.44382667541503906,1,"{""type"":""Point"",""coordinates"":[75.32593165403856,49.19958669120697]}"
1_681,0.17329999804496765,0.26785001158714294,0.19155000150203705,0.1889999955892563,0.03545000031590462,0.08250000327825546,0.06655000150203705,0.17624999582767487,-0.4843084019569999,-0.034907597703479086,Karkaraly,0.44940081238746643,1,"{""type"":""Point"",""coordinates"":[75.41941878968166,49.211184543652976]}"
1_685,0.23845000565052032,0.25529998540878296,0.241799995303154,0.1687999963760376,0.06445000320672989,0.0737999975681305,0.10525000095367432,0.17270000278949738,-0.3934591437033995,0.011420223786206603,Karkaraly,0.4048793613910675,1,"{""type"":""Point"",""coordinates"":[75.43079050176704,49.20808832054862]}"
1_686,0.19050000607967377,0.2655999958515167,0.20514999330043793,0.193900004029274,0.06094999983906746,0.09179999679327011,0.08720000088214874,0.17399999499320984,-0.4034547452209755,-0.05409081024446532,Karkaraly,0.34936392307281494,1,"{""type"":""Point"",""coordinates"":[75.41937307153911,49.21495722597707]}"
1_691,0.2147500067949295,0.2847999930381775,0.23109999299049377,0.19290000200271606,0.058400001376867294,0.08919999748468399,0.09839999675750732,0.18809999525547028,-0.4027314123271273,-0.012598442996819873,Karkaraly,0.39013296365737915,1,"{""type"":""Point"",""coordinates"":[75.33726900197256,49.20155857850073]}"
1_694,0.21799999475479126,0.2630000114440918,0.22450000047683716,0.18469999730587006,0.06319999694824219,0.0828000009059906,0.10244999825954437,0.1648000031709671,-0.37329867774583236,-0.056938466688848575,Karkaraly,0.316360205411911,1,"{""type"":""Point"",""coordinates"":[75.34099559078372,49.205588082418394]}"
1_696,0.21960000693798065,0.2728999853134155,0.23070000112056732,0.1881999969482422,0.06530000269412994,0.08560000360012054,0.09515000134706497,0.1754000037908554,-0.41598894812642195,-0.03520350146140802,Karkaraly,0.38078543543815613,1,"{""type"":""Point"",""coordinates"":[75.34224422912305,49.203492887474354]}"
1_697,0.2463500052690506,0.30169999599456787,0.24944999814033508,0.2134000062942505,0.0723000019788742,0.09239999949932098,0.11264999955892563,0.1898999959230423,-0.3777961873808892,-0.05826930384827197,Karkaraly,0.31952688097953796,1,"{""type"":""Point"",""coordinates"":[75.32341076738716,49.192536439318175]}"
1_704,0.20999999344348907,0.27390000224113464,0.2195499986410141,0.2029000073671341,0.06804999709129333,0.093299999833107,0.09264999628067017,0.16259999573230743,-0.40647022557504187,-0.11025994881828288,Karkaraly,0.29621028900146484,1,"{""type"":""Point"",""coordinates"":[75.4314981322274,49.21120579773368]}"
1_707,0.2062000036239624,0.26330000162124634,0.2214999943971634,0.1889999955892563,0.059950001537799835,0.08129999786615372,0.09430000185966492,0.17239999771118164,-0.40278655492462856,-0.04593247976148906,Karkaraly,0.35685408115386963,1,"{""type"":""Point"",""coordinates"":[75.34325875818091,49.201370592395186]}"
1_711,0.2537499964237213,0.2976999878883362,0.26159998774528503,0.2168000042438507,0.07769999653100967,0.09719999879598618,0.11829999834299088,0.18219999969005585,-0.377204513424215,-0.08671680253799263,Karkaraly,0.29048770666122437,1,"{""type"":""Point"",""coordinates"":[75.32601753552972,49.1897513668264]}"
1_712,0.2069000005722046,0.26660001277923584,0.21580000221729279,0.18129999935626984,0.053950000554323196,0.0869000032544136,0.08974999934434891,0.19830000400543213,-0.412534780653616,0.04478399499107442,Karkaraly,0.4573187828063965,1,"{""type"":""Point"",""coordinates"":[75.41160773046856,49.211481187667076]}"
1_724,0.2126999944448471,0.27459999918937683,0.2264000028371811,0.19979999959468842,0.058800000697374344,0.08569999784231186,0.094200000166893,0.1671999990940094,-0.4123518447646681,-0.08882833955629377,Karkaraly,0.32352349162101746,1,"{""type"":""Point"",""coordinates"":[75.39137049697024,49.199128739569666]}"
1_727,0.21044999361038208,0.2671000063419342,0.22724999487400055,0.1876000016927719,0.06804999709129333,0.09099999815225601,0.09764999896287918,0.16820000112056732,-0.3988919617406602,-0.05452501522992475,Karkaraly,0.3443669378757477,1,"{""type"":""Point"",""coordinates"":[75.39278258076986,49.20905141002496]}"
1_744,0.2632499933242798,0.29045000672340393,0.2691499888896942,0.2134000062942505,0.07699999958276749,0.09115000069141388,0.11840000003576279,0.1847500056028366,-0.38898204918521445,-0.07195780443382045,Karkaraly,0.31702423095703125,1,"{""type"":""Point"",""coordinates"":[75.3616350620829,49.19081142828125]}"
1_745,0.21780000627040863,0.26649999618530273,0.2253500074148178,0.17980000376701355,0.08914999663829803,0.09650000184774399,0.10795000195503235,0.2084999978542328,-0.3522352300011825,0.07391190823432868,Karkaraly,0.42614713311195374,1,"{""type"":""Point"",""coordinates"":[75.37558914460419,49.20192467856505]}"
1_755,0.2073500007390976,0.260699987411499,0.20749999582767487,0.188400000333786,0.0669500008225441,0.09210000187158585,0.1018500030040741,0.18700000643730164,-0.34152252536798067,-0.0037293390283236376,Karkaraly,0.3377932012081146,1,"{""type"":""Point"",""coordinates"":[75.41788553257645,49.21509196335457]}"
1_762,0.21144999563694,0.2603999972343445,0.23090000450611115,0.17810000479221344,0.058800000697374344,0.08100000023841858,0.09324999898672104,0.1850000023841858,-0.4246490946665497,0.01900302246102747,Karkaraly,0.44365212321281433,1,"{""type"":""Point"",""coordinates"":[75.40647856369561,49.21360256933416]}"
1_765,0.2423499971628189,0.27230000495910645,0.23569999635219574,0.18299999833106995,0.06785000115633011,0.08829999715089798,0.11784999817609787,0.18479999899864197,-0.3333333333333333,0.004893965961501687,Karkaraly,0.3382273018360138,1,"{""type"":""Point"",""coordinates"":[75.37128733104416,49.2187203850264]}"
1_767,0.21154999732971191,0.27300000190734863,0.23045000433921814,0.18619999289512634,0.056699998676776886,0.08179999887943268,0.09245000034570694,0.1754000037908554,-0.42737690303896697,-0.0298672267789034,Karkaraly,0.3975096642971039,1,"{""type"":""Point"",""coordinates"":[75.34595900730345,49.20834142111414]}"
1_768,0.15344999730587006,0.25519999861717224,0.180649995803833,0.17880000174045563,0.032099999487400055,0.08309999853372574,0.055399999022483826,0.16850000619888306,-0.5306079200446788,-0.029657343236720063,Karkaraly,0.5009505748748779,1,"{""type"":""Point"",""coordinates"":[75.42993335650422,49.212573356799076]}"
1_771,0.2517000138759613,0.30059999227523804,0.24539999663829803,0.21299999952316284,0.07235000282526016,0.09189999848604202,0.11469999700784683,0.19050000607967377,-0.3629547401738768,-0.0557620647609996,Karkaraly,0.30719268321990967,1,"{""type"":""Point"",""coordinates"":[75.33283371358286,49.18890862899993]}"
1_774,0.2037999927997589,0.27230000495910645,0.22210000455379486,0.18379999697208405,0.06040000170469284,0.08550000190734863,0.09189999848604202,0.17309999465942383,-0.4146496968384885,-0.029980393845757656,Karkaraly,0.38466930389404297,1,"{""type"":""Point"",""coordinates"":[75.36375885085026,49.20662457056126]}"
1_775,0.22589999437332153,0.27559998631477356,0.2402999997138977,0.17440000176429749,0.06644999980926514,0.0860000029206276,0.0957999974489212,0.19769999384880066,-0.4299315783539728,0.06261755538618717,Karkaraly,0.4925491213798523,1,"{""type"":""Point"",""coordinates"":[75.3854008792075,49.20688550487274]}"
1_778,0.3499000072479248,0.24060000479221344,0.24934999644756317,0.13930000364780426,0.12800000607967377,0.06729999929666519,0.21469999849796295,0.2264000028371811,-0.07466867433899597,0.23817335970693487,Karkaraly,0.3128420412540436,1,"{""type"":""Point"",""coordinates"":[75.33522266215982,49.23523991450853]}"
1_790,0.1991499960422516,0.2621999979019165,0.2097499966621399,0.19419999420642853,0.06780000030994415,0.09130000323057175,0.0925000011920929,0.1623000055551529,-0.3879238918194917,-0.0894810341447674,Karkaraly,0.29844287037849426,1,"{""type"":""Point"",""coordinates"":[75.38817305918379,49.20434329206596]}"
1_792,0.2535000145435333,0.28540000319480896,0.2581999897956848,0.20489999651908875,0.07339999824762344,0.08959999680519104,0.11514999717473984,0.1843000054359436,-0.3831525314403636,-0.052929062126585595,Karkaraly,0.3302234709262848,1,"{""type"":""Point"",""coordinates"":[75.34375899698102,49.18996349262628]}"
1_795,0.19059999287128448,0.22585000097751617,0.19805000722408295,0.1181500032544136,0.04295000061392784,0.05130000039935112,0.08174999803304672,0.3264000117778778,-0.41565406363791607,0.46845124616256567,Karkaraly,0.8841053247451782,1,"{""type"":""Point"",""coordinates"":[75.42259063793598,49.18927181551296]}"
1_804,0.25565001368522644,0.2987000048160553,0.25714999437332153,0.21080000698566437,0.0799499973654747,0.0966000035405159,0.12770000100135803,0.19200000166893005,-0.33636480428156035,-0.04667329918767587,Karkaraly,0.2896915078163147,1,"{""type"":""Point"",""coordinates"":[75.33095247457887,49.1904041219609]}"
1_807,0.21619999408721924,0.24619999527931213,0.2292499989271164,0.1639000028371811,0.04704999923706055,0.07670000195503235,0.08569999784231186,0.16019999980926514,-0.45578664091841875,-0.011416238808094701,Karkaraly,0.4443703889846802,1,"{""type"":""Point"",""coordinates"":[75.40287329040814,49.19059222593986]}"
1_808,0.23454999923706055,0.2921000123023987,0.24414999783039093,0.20810000598430634,0.06880000233650208,0.09099999815225601,0.10585000365972519,0.1826999932527542,-0.3951428388053058,-0.06499491499779762,Karkaraly,0.330147922039032,1,"{""type"":""Point"",""coordinates"":[75.33755492779524,49.19090788627326]}"
1_809,0.2131499946117401,0.2976999878883362,0.23325000703334808,0.2167000025510788,0.06145000085234642,0.08950000256299973,0.09175000339746475,0.17509999871253967,-0.43538461259836286,-0.106176630179613,Karkaraly,0.32920798659324646,1,"{""type"":""Point"",""coordinates"":[75.39486269163532,49.18822268282029]}"
1_814,0.19625000655651093,0.2669999897480011,0.218299999833107,0.1842000037431717,0.05550000071525574,0.08129999786615372,0.08105000108480453,0.17810000479221344,-0.45849339678452006,-0.016836872225363134,Karkaraly,0.44165652990341187,1,"{""type"":""Point"",""coordinates"":[75.35663837676415,49.19981918192783]}"
1_816,0.219650000333786,0.26759999990463257,0.22759999334812164,0.19130000472068787,0.060600001364946365,0.0851999968290329,0.09889999777078629,0.16590000689029694,-0.3941807016174287,-0.07110861423502209,Karkaraly,0.32307207584381104,1,"{""type"":""Point"",""coordinates"":[75.35823846952822,49.20886879509283]}"
1_829,0.19664999842643738,0.27900001406669617,0.22785000503063202,0.1932000070810318,0.05014999955892563,0.08720000088214874,0.07810000330209732,0.1736000031232834,-0.4894590542572475,-0.05343512380719621,Karkaraly,0.43602392077445984,1,"{""type"":""Point"",""coordinates"":[75.38282713606613,49.19287249461897]}"
1_834,0.2373500019311905,0.2818000018596649,0.241349995136261,0.20080000162124634,0.0714000016450882,0.08760000020265579,0.11249999701976776,0.1745000034570694,-0.36413734908231205,-0.07007726567626554,Karkaraly,0.294060081243515,1,"{""type"":""Point"",""coordinates"":[75.33398702716401,49.19473484443635]}"
1_849,0.2089499980211258,0.27059999108314514,0.23180000483989716,0.17960000038146973,0.04969999939203262,0.08070000261068344,0.08150000125169754,0.2110999971628189,-0.4797318884962253,0.08062451236073641,Karkaraly,0.5603563785552979,1,"{""type"":""Point"",""coordinates"":[75.38109944680967,49.20617093818659]}"
1_851,0.20035000145435333,0.25060001015663147,0.2102999985218048,0.17229999601840973,0.0502999983727932,0.0771000012755394,0.08720000088214874,0.16339999437332153,-0.4137815055001313,-0.026511772117427546,Karkaraly,0.3872697353363037,1,"{""type"":""Point"",""coordinates"":[75.36903498594737,49.20809722357823]}"
1_852,0.21664999425411224,0.2814500033855438,0.22785000503063202,0.20489999651908875,0.06350000202655792,0.090549997985363,0.09830000251531601,0.1753000020980835,-0.39720987128005814,-0.07785374678764748,Karkaraly,0.31935611367225647,1,"{""type"":""Point"",""coordinates"":[75.42538511698916,49.209388408970234]}"
1_854,0.22585000097751617,0.2553499937057495,0.24320000410079956,0.17319999635219574,0.06674999743700027,0.0718500018119812,0.09655000269412994,0.17790000140666962,-0.43164090794319376,0.013386514054328844,Karkaraly,0.4450274109840393,1,"{""type"":""Point"",""coordinates"":[75.39768250731913,49.199658754494536]}"
1_855,0.194350004196167,0.2718000113964081,0.212349995970726,0.19480000436306,0.06379999965429306,0.09319999814033508,0.0957999974489212,0.16259999573230743,-0.3782248937551778,-0.09009515562999558,Karkaraly,0.2881297469139099,1,"{""type"":""Point"",""coordinates"":[75.3722611781118,49.195707565406316]}"
1_856,0.19529999792575836,0.25589999556541443,0.2097499966621399,0.18440000712871552,0.05624999850988388,0.0820000022649765,0.08810000121593475,0.16050000488758087,-0.4084270482217789,-0.06929545203960555,Karkaraly,0.33913159370422363,1,"{""type"":""Point"",""coordinates"":[75.34649897052948,49.19723948775379]}"
1_859,0.22550000250339508,0.21424999833106995,0.22669999301433563,0.11214999854564667,0.06705000251531601,0.05754999816417694,0.1034500002861023,0.3110499978065491,-0.3733151453257045,0.4699905505088278,Karkaraly,0.8433057069778442,1,"{""type"":""Point"",""coordinates"":[75.41834533089732,49.191416793239334]}"
1_866,0.21565000712871552,0.2768000066280365,0.23090000450611115,0.19259999692440033,0.058150000870227814,0.0843999981880188,0.09835000336170197,0.17710000276565552,-0.4025816187607357,-0.04192587008855691,Karkaraly,0.3606557548046112,1,"{""type"":""Point"",""coordinates"":[75.34476025483363,49.202796296608696]}"
1_869,0.23544999957084656,0.2840999960899353,0.24060000479221344,0.19990000128746033,0.08145000040531158,0.09120000153779984,0.12049999833106995,0.18629999458789825,-0.3325948640884948,-0.03521493227553351,Karkaraly,0.2973799407482147,1,"{""type"":""Point"",""coordinates"":[75.39094524714392,49.18752122560917]}"
1_870,0.2358500063419342,0.2997500002384186,0.2506999969482422,0.22014999389648438,0.0824500024318695,0.09995000064373016,0.1120000034570694,0.1821500062942505,-0.38240968661752883,-0.0944568421183636,Karkaraly,0.28795284032821655,1,"{""type"":""Point"",""coordinates"":[75.39787862125849,49.18524447731848]}"
1_875,0.2610499858856201,0.2888000011444092,0.25665000081062317,0.1673000007867813,0.0640999972820282,0.08299999684095383,0.10625000298023224,0.24609999358654022,-0.4144392291521404,0.19061440220678486,Karkaraly,0.6050536036491394,1,"{""type"":""Point"",""coordinates"":[75.41452642593147,49.199264126315086]}"
1_877,0.20919999480247498,0.26980000734329224,0.22460000216960907,0.18150000274181366,0.06030000001192093,0.07970000058412552,0.09390000253915787,0.16740000247955322,-0.4103610602767868,-0.04041272585626474,Karkaraly,0.3699483275413513,1,"{""type"":""Point"",""coordinates"":[75.39451223545862,49.208738294891226]}"
1_889,0.2289000004529953,0.28380000591278076,0.25220000743865967,0.2073500007390976,0.0625,0.0851999968290329,0.09939999878406525,0.18105000257492065,-0.43458477232734055,-0.06771369191496532,Karkaraly,0.36687108874320984,1,"{""type"":""Point"",""coordinates"":[75.39787276484483,49.201469381371766]}"
1_892,0.20395000278949738,0.26829999685287476,0.22955000400543213,0.17980000376701355,0.04735000059008598,0.07370000332593918,0.08824999630451202,0.21610000729560852,-0.44461928119292937,0.09168982701254122,Karkaraly,0.5363091230392456,1,"{""type"":""Point"",""coordinates"":[75.40546334358777,49.20079154694236]}"
1_895,0.25060001015663147,0.27559998631477356,0.24889999628067017,0.15860000252723694,0.05914999917149544,0.07000000029802322,0.10125000029802322,0.24690000712871552,-0.4216764170365022,0.21775586312907105,Karkaraly,0.6394322514533997,1,"{""type"":""Point"",""coordinates"":[75.41203635072766,49.19821143233126]}"
1_898,0.21295000612735748,0.2782999873161316,0.22595000267028809,0.20059999823570251,0.05869999900460243,0.08799999952316284,0.09875000268220901,0.16930000483989716,-0.39174622079229615,-0.08461744562194098,Karkaraly,0.30712878704071045,1,"{""type"":""Point"",""coordinates"":[75.43668978754724,49.20937642248124]}"
1_899,0.16750000417232513,0.260699987411499,0.19509999454021454,0.17180000245571136,0.033900000154972076,0.07919999957084656,0.05925000086426735,0.18719999492168427,-0.5341065308843854,0.04289691526037476,Karkaraly,0.5770034193992615,1,"{""type"":""Point"",""coordinates"":[75.33913287530282,49.193445774846275]}"
1_900,0.2248000055551529,0.265500009059906,0.2370000034570694,0.1868000030517578,0.07604999840259552,0.08070000261068344,0.11434999853372574,0.1696999967098236,-0.3490821238889787,-0.04796635723245519,Karkaraly,0.3011157810688019,1,"{""type"":""Point"",""coordinates"":[75.37030972857653,49.2114923727885]}"
1_904,0.22349999845027924,0.2757999897003174,0.23645000159740448,0.18850000202655792,0.06040000170469284,0.08479999750852585,0.09754999727010727,0.1784999966621399,-0.41586827783911123,-0.027247971117570446,Karkaraly,0.3886203169822693,1,"{""type"":""Point"",""coordinates"":[75.32152342878561,49.19482034887293]}"
1_909,0.2236499935388565,0.27000001072883606,0.2479500025510788,0.20010000467300415,0.0726500004529953,0.08579999953508377,0.10774999856948853,0.1704999953508377,-0.39415238554938425,-0.07987050545132807,Karkaraly,0.3142818808555603,1,"{""type"":""Point"",""coordinates"":[75.38931664818183,49.19088288082349]}"
1_911,0.21449999511241913,0.26899999380111694,0.22754999995231628,0.18930000066757202,0.06655000150203705,0.08579999953508377,0.10890000313520432,0.17260000109672546,-0.35265268458400817,-0.04614534260688711,Karkaraly,0.3065073490142822,1,"{""type"":""Point"",""coordinates"":[75.37403026366349,49.20519677339431]}"
1_916,0.24034999310970306,0.2612000107765198,0.2480500042438507,0.18549999594688416,0.05950000137090683,0.07429999858140945,0.09674999862909317,0.2079000025987625,-0.4388051170362386,0.05693951889854737,Karkaraly,0.49574464559555054,1,"{""type"":""Point"",""coordinates"":[75.43915912719504,49.210811539595994]}"
1_930,0.2061000019311905,0.262800008058548,0.20819999277591705,0.17880000174045563,0.06665000319480896,0.08820000290870667,0.09754999727010727,0.19519999623298645,-0.3618969717354814,0.043850252891432885,Karkaraly,0.4057472348213196,1,"{""type"":""Point"",""coordinates"":[75.41043432052,49.21158373011828]}"
1_932,0.24034999310970306,0.27379998564720154,0.23684999346733093,0.1899999976158142,0.07524999976158142,0.08649999648332596,0.11755000054836273,0.17839999496936798,-0.33662526787087166,-0.031487521389577805,Karkaraly,0.3051377534866333,1,"{""type"":""Point"",""coordinates"":[75.35954686884143,49.2145959297354]}"
1_934,0.210099995136261,0.2833999991416931,0.22384999692440033,0.19840000569820404,0.058649998158216476,0.09529999643564224,0.08874999731779099,0.17180000245571136,-0.43218170855735427,-0.07185305958025097,Karkaraly,0.36032864451408386,1,"{""type"":""Point"",""coordinates"":[75.4382957299199,49.206441242870014]}"
1_942,0.2101999968290329,0.28360000252723694,0.21870000660419464,0.19949999451637268,0.05954999849200249,0.0917000025510788,0.0921500027179718,0.1736000031232834,-0.4071095386555572,-0.06941836386207588,Karkaraly,0.33769118785858154,1,"{""type"":""Point"",""coordinates"":[75.36622846204546,49.195587681571205]}"
1_943,0.2341500073671341,0.2896000146865845,0.23774999380111694,0.2037000060081482,0.06324999779462814,0.08990000188350677,0.0997999981045723,0.1875,-0.4086801925774822,-0.041411057667035844,Karkaraly,0.3672691285610199,1,"{""type"":""Point"",""coordinates"":[75.3205363738113,49.19427499460281]}"
1_947,0.25804999470710754,0.29829999804496765,0.26635000109672546,0.2013999968767166,0.06319999694824219,0.07989999651908875,0.11339999735355377,0.21770000457763672,-0.4027649884591046,0.03889288390445266,Karkaraly,0.4416578710079193,1,"{""type"":""Point"",""coordinates"":[75.41616117626737,49.19699580312804]}"
1_952,0.22875000536441803,0.28760001063346863,0.24095000326633453,0.1979999989271164,0.07864999771118164,0.09669999778270721,0.11334999650716782,0.19009999930858612,-0.36014678758323204,-0.020355577568780127,Karkaraly,0.3397912085056305,1,"{""type"":""Point"",""coordinates"":[75.3644274955953,49.211625334346955]}"
1_955,0.2001499980688095,0.26269999146461487,0.21789999306201935,0.1695999950170517,0.042500000447034836,0.07240000367164612,0.07365000247955322,0.17970000207424164,-0.49476931157043114,0.028914993247338032,Karkaraly,0.5236843228340149,1,"{""type"":""Point"",""coordinates"":[75.36102150728235,49.19563497825611]}"
1_958,0.16949999332427979,0.2605000138282776,0.19200000166893005,0.18140000104904175,0.04774999991059303,0.08749999850988388,0.07315000146627426,0.1720999926328659,-0.44823684253193175,-0.026308369398570154,Karkaraly,0.4219284653663635,1,"{""type"":""Point"",""coordinates"":[75.43573866176538,49.21520027955182]}"
1_960,0.23285000026226044,0.29319998621940613,0.2459000051021576,0.20479999482631683,0.06385000050067902,0.08799999952316284,0.10260000079870224,0.19480000436306,-0.4111908231766885,-0.02502500121006677,Karkaraly,0.3861658275127411,1,"{""type"":""Point"",""coordinates"":[75.35284029823052,49.193940825385944]}"
1_969,0.22065000236034393,0.2705000042915344,0.23499999940395355,0.18729999661445618,0.06129999831318855,0.07940000295639038,0.09745000302791595,0.18440000712871552,-0.4137464141069644,-0.00780196248731928,Karkaraly,0.40594443678855896,1,"{""type"":""Point"",""coordinates"":[75.3634873136747,49.20094624538083]}"
1_975,0.3441999852657318,0.26269999146461487,0.24605000019073486,0.1551000028848648,0.13349999487400055,0.08219999819993973,0.22374999523162842,0.2847000062465668,-0.04746701825541339,0.29467940125251746,Karkaraly,0.3421464264392853,1,"{""type"":""Point"",""coordinates"":[75.42948636126181,49.19296073958577]}"
1_985,0.179299995303154,0.26330000162124634,0.1993499994277954,0.17900000512599945,0.04464999958872795,0.08169999718666077,0.06615000218153,0.17329999804496765,-0.5016949018413374,-0.01617941251696683,Karkaraly,0.4855154752731323,1,"{""type"":""Point"",""coordinates"":[75.41473827398092,49.21166408726373]}"
1_988,0.18035000562667847,0.2754000127315521,0.21105000376701355,0.17100000381469727,0.03849999979138374,0.08380000293254852,0.06499999761581421,0.18629999458789825,-0.5290708401361547,0.04282113305794475,Karkaraly,0.5718919634819031,1,"{""type"":""Point"",""coordinates"":[75.39374549613866,49.21182145092829]}"
1_992,0.16384999454021454,0.23389999568462372,0.16210000216960907,0.11585000157356262,0.026350000873208046,0.04904999956488609,0.05530000105500221,0.3704499900341034,-0.4912603474263257,0.523545122052861,Karkaraly,1.0148054361343384,1,"{""type"":""Point"",""coordinates"":[75.42996702139764,49.19855091300303]}"
1_999,0.2106499969959259,0.275299996137619,0.23389999568462372,0.20059999823570251,0.05620000138878822,0.08780000358819962,0.09144999831914902,0.17069999873638153,-0.4378361763972335,-0.08052787434191387,Karkaraly,0.3573082983493805,1,"{""type"":""Point"",""coordinates"":[75.39198786225317,49.19909682819083]}"
1_1004,0.16859999299049377,0.26919999718666077,0.19609999656677246,0.14329999685287476,0.03435000032186508,0.07970000058412552,0.06364999711513519,0.33799999952316284,-0.5099133885402007,0.40452940813689475,Karkaraly,0.914442777633667,1,"{""type"":""Point"",""coordinates"":[75.37500892452073,49.216005063948124]}"
1_1005,0.25949999690055847,0.2703000009059906,0.24574999511241913,0.17440000176429749,0.06835000216960907,0.0738999992609024,0.12325000017881393,0.23000000417232513,-0.331978310289468,0.1374876399401964,Karkaraly,0.4694659411907196,1,"{""type"":""Point"",""coordinates"":[75.34084767253573,49.18657722740309]}"
1_1007,0.22419999539852142,0.27630001306533813,0.22709999978542328,0.1858000010251999,0.06199999898672104,0.08749999850988388,0.09950000047683716,0.18379999697208405,-0.3906919755239531,-0.005411266406799445,Karkaraly,0.38528069853782654,1,"{""type"":""Point"",""coordinates"":[75.3686782443551,49.21306287072287]}"
1_1013,0.19050000607967377,0.27149999141693115,0.21070000529289246,0.18709999322891235,0.05180000141263008,0.08879999816417694,0.08449999988079071,0.17270000278949738,-0.4275067859089332,-0.04002220844571155,Karkaraly,0.3874845802783966,1,"{""type"":""Point"",""coordinates"":[75.37853939386993,49.19890899825161]}"
1_1016,0.24740000069141388,0.2215999960899353,0.15094999969005585,0.11739999800920486,0.07145000249147415,0.05000000074505806,0.19724999368190765,0.2870999872684479,0.13296954300166225,0.4195302730178328,Karkaraly,0.2865607440471649,1,"{""type"":""Point"",""coordinates"":[75.4034755512067,49.2170822691591]}"
1_1022,0.2543500065803528,0.28870001435279846,0.26570001244544983,0.20649999380111694,0.09380000084638596,0.09610000252723694,0.12839999794960022,0.18469999730587006,-0.3483887614167242,-0.055725963677961676,Karkaraly,0.2926627993583679,1,"{""type"":""Point"",""coordinates"":[75.34962850484487,49.194868774581096]}"
1_1029,0.22030000388622284,0.2840000092983246,0.23420000076293945,0.19939999282360077,0.06920000165700912,0.08940000087022781,0.1006999984383583,0.17560000717639923,-0.39862646355020903,-0.06346662839253743,Karkaraly,0.3351598381996155,1,"{""type"":""Point"",""coordinates"":[75.34193503741665,49.19288953912495]}"
1_1031,0.2616499960422516,0.2948000133037567,0.26260000467300415,0.20440000295639038,0.08275000005960464,0.09099999815225601,0.12929999828338623,0.20440000295639038,-0.3401378039909104,0.0,Karkaraly,0.3401378095149994,1,"{""type"":""Point"",""coordinates"":[75.36570498089328,49.21474524357942]}"
1_1032,0.2519499957561493,0.2759999930858612,0.2480500042438507,0.20399999618530273,0.06790000200271606,0.08449999988079071,0.11214999854564667,0.18539999425411224,-0.3772904071231356,-0.04776579966065608,Karkaraly,0.32952460646629333,1,"{""type"":""Point"",""coordinates"":[75.43554911988377,49.219941401703274]}"
1_1033,0.19394999742507935,0.2671000063419342,0.21854999661445618,0.18410000205039978,0.06154999881982803,0.08669999986886978,0.08844999969005585,0.17489999532699585,-0.4237784967116243,-0.02562675986243115,Karkaraly,0.3981517255306244,1,"{""type"":""Point"",""coordinates"":[75.39640382223106,49.205870520312146]}"
1_1035,0.195700004696846,0.27469998598098755,0.21815000474452972,0.18060000240802765,0.04410000145435333,0.08900000154972076,0.07225000113248825,0.1899999976158142,-0.5024104705901037,0.025364261217436127,Karkaraly,0.5277747511863708,1,"{""type"":""Point"",""coordinates"":[75.4355419926136,49.20859477959522]}"
1_1042,0.21870000660419464,0.25699999928474426,0.21150000393390656,0.188400000333786,0.0640999972820282,0.08659999817609787,0.11365000158548355,0.18060000240802765,-0.3009380307163728,-0.021138205603797672,Karkaraly,0.27979981899261475,1,"{""type"":""Point"",""coordinates"":[75.4019474528194,49.213001074307876]}"
1_1044,0.20239999890327454,0.2770000100135803,0.22920000553131104,0.18230000138282776,0.05685000121593475,0.08990000188350677,0.08550000190734863,0.19509999454021454,-0.4566253582055347,0.033916251445845,Karkaraly,0.49054160714149475,1,"{""type"":""Point"",""coordinates"":[75.37692197748005,49.20196387001223]}"
1_1045,0.2617500126361847,0.2809000015258789,0.25690001249313354,0.2037000060081482,0.06710000336170197,0.0868000015616417,0.11225000023841858,0.19179999828338623,-0.3918461526910612,-0.030088514780369318,Karkaraly,0.36175763607025146,1,"{""type"":""Point"",""coordinates"":[75.4435336502166,49.208464768881214]}"
1_1050,0.2393999993801117,0.28519999980926514,0.2386000007390976,0.20100000500679016,0.07254999876022339,0.09269999712705612,0.11840000003576279,0.18359999358654022,-0.33669467911048584,-0.04524183953169594,Karkaraly,0.2914528250694275,1,"{""type"":""Point"",""coordinates"":[75.35282393505757,49.21325916795527]}"
1_1051,0.1676499992609024,0.2531000077724457,0.18610000610351562,0.17430000007152557,0.03869999945163727,0.07840000092983246,0.0681999996304512,0.16140000522136688,-0.46362565400963546,-0.03842715116701791,Karkaraly,0.425198495388031,1,"{""type"":""Point"",""coordinates"":[75.34312216871571,49.19729432948632]}"
1_1053,0.2612000107765198,0.2596000134944916,0.2615000009536743,0.19050000607967377,0.06790000200271606,0.07959999889135361,0.11455000191926956,0.18250000476837158,-0.39077249810327697,-0.021447724071410997,Karkaraly,0.36932477355003357,1,"{""type"":""Point"",""coordinates"":[75.43531843240869,49.21116827740623]}"
1_1054,0.20964999496936798,0.2786000072956085,0.2244500070810318,0.19169999659061432,0.05959999933838844,0.09220000356435776,0.08259999752044678,0.19050000607967377,-0.46197690094384697,-0.0031396925760247725,Karkaraly,0.45883721113204956,1,"{""type"":""Point"",""coordinates"":[75.41463107409967,49.20668368622731]}"
1_1061,0.23704999685287476,0.2718999981880188,0.2488500028848648,0.2013999968767166,0.06710000336170197,0.0828000009059906,0.10535000264644623,0.16419999301433563,-0.40513833426728524,-0.10175056042388425,Karkaraly,0.30338776111602783,1,"{""type"":""Point"",""coordinates"":[75.3961507903819,49.200553445599]}"
1_1066,0.20440000295639038,0.27410000562667847,0.22259999811649323,0.193900004029274,0.05575000122189522,0.09149999916553497,0.0913499966263771,0.16670000553131104,-0.4180602124157123,-0.0754298329917072,Karkaraly,0.34263038635253906,1,"{""type"":""Point"",""coordinates"":[75.41065221703735,49.20433443364274]}"
1_1069,0.2328999936580658,0.27730000019073486,0.2455500066280365,0.20600000023841858,0.07240000367164612,0.09449999779462814,0.10715000331401825,0.17739999294281006,-0.3924014726757622,-0.07459574283844506,Karkaraly,0.3178057372570038,1,"{""type"":""Point"",""coordinates"":[75.38532213659148,49.210915989748614]}"
1_1070,0.20424999296665192,0.267300009727478,0.22075000405311584,0.17440000176429749,0.04324999824166298,0.07450000196695328,0.07509999722242355,0.18889999389648438,-0.49231031334369135,0.039911897344820584,Karkaraly,0.5322222113609314,1,"{""type"":""Point"",""coordinates"":[75.43867583442785,49.20530140819539]}"
1_1072,0.20659999549388885,0.24789999425411224,0.20424999296665192,0.18459999561309814,0.06520000100135803,0.08810000121593475,0.10194999724626541,0.18019999563694,-0.33409535921033773,-0.01206140373271646,Karkaraly,0.32203394174575806,1,"{""type"":""Point"",""coordinates"":[75.40237703422693,49.2138491074291]}"
1_1073,0.18469999730587006,0.27434998750686646,0.20270000398159027,0.19439999759197235,0.05719999969005585,0.0843999981880188,0.07824999839067459,0.17730000615119934,-0.44296139718844607,-0.046004819124479616,Karkaraly,0.39695659279823303,1,"{""type"":""Point"",""coordinates"":[75.41987350624406,49.21113143333555]}"
1_1074,0.22714999318122864,0.28690001368522644,0.23649999499320984,0.20100000500679016,0.061000000685453415,0.08320000022649765,0.09709999710321426,0.17960000038146973,-0.41786571100907954,-0.05622702134092126,Karkaraly,0.3616386950016022,1,"{""type"":""Point"",""coordinates"":[75.31907403925713,49.18863504583414]}"
1_1076,0.23964999616146088,0.2721000015735626,0.25060001015663147,0.17409999668598175,0.05974999815225601,0.09009999781847,0.10159999877214432,0.21570000052452087,-0.4230551039384525,0.10672140619866138,Karkaraly,0.5297765135765076,1,"{""type"":""Point"",""coordinates"":[75.37803722595713,49.2174763291003]}"
1_1079,0.23364999890327454,0.27129998803138733,0.24594999849796295,0.1639000028371811,0.05874999985098839,0.07970000058412552,0.09594999998807907,0.20250000059604645,-0.4387247709098998,0.10534933787439167,Karkaraly,0.5440741181373596,1,"{""type"":""Point"",""coordinates"":[75.38808555120842,49.20798257425646]}"
1_1081,0.21400000154972076,0.26989999413490295,0.2292499989271164,0.18469999730587006,0.06520000100135803,0.08309999853372574,0.09775000065565109,0.17960000038146973,-0.4021406680099433,-0.01399944264830163,Karkaraly,0.3881412148475647,1,"{""type"":""Point"",""coordinates"":[75.34744029329549,49.19970380414922]}"
1_1082,0.20915000140666962,0.2655999958515167,0.2152000069618225,0.19269999861717224,0.07374999672174454,0.0934000015258789,0.1043500006198883,0.1712999939918518,-0.34689408140160727,-0.05879122269188172,Karkaraly,0.2881028652191162,1,"{""type"":""Point"",""coordinates"":[75.39944889394525,49.208248587055685]}"
1_1087,0.21170000731945038,0.26820001006126404,0.22859999537467957,0.1858000010251999,0.06689999997615814,0.0869000032544136,0.09989999979734421,0.1777999997138977,-0.39178081421261435,-0.0220022037817393,Karkaraly,0.3697786033153534,1,"{""type"":""Point"",""coordinates"":[75.37621143122507,49.21348905802458]}"
1_1091,0.2529500126838684,0.26809999346733093,0.2570500075817108,0.1867000013589859,0.06984999775886536,0.08380000293254852,0.11375000327825546,0.17419999837875366,-0.38646170471007085,-0.03463564142232141,Karkaraly,0.3518260717391968,1,"{""type"":""Point"",""coordinates"":[75.42798451232557,49.21092375881908]}"
1_1096,0.23340000212192535,0.28870001435279846,0.24300000071525574,0.21070000529289246,0.06835000216960907,0.09149999916553497,0.1043500006198883,0.1704999953508377,-0.3991651059807817,-0.1054564792082089,Karkaraly,0.2937086224555969,1,"{""type"":""Point"",""coordinates"":[75.39661906800983,49.18531112091774]}"
1_1100,0.24664999544620514,0.28529998660087585,0.26100000739097595,0.21070000529289246,0.07095000147819519,0.08569999784231186,0.11755000054836273,0.1761000007390976,-0.3789459882024374,-0.08945192351143161,Karkaraly,0.2894940674304962,1,"{""type"":""Point"",""coordinates"":[75.39671606929272,49.20089839461807]}"
1_1107,0.20514999330043793,0.2597000002861023,0.2284500002861023,0.15119999647140503,0.032349999994039536,0.07850000262260437,0.06655000150203705,0.23589999973773956,-0.5488135518735937,0.21880652052647484,Karkaraly,0.7676200866699219,1,"{""type"":""Point"",""coordinates"":[75.38051319377438,49.22289946201487]}"
1_1108,0.21789999306201935,0.2361000031232834,0.19415000081062317,0.14419999718666077,0.05355000123381615,0.07580000162124634,0.12680000066757202,0.2937999963760376,-0.2098457698484441,0.3415525145845968,Karkaraly,0.5513982772827148,1,"{""type"":""Point"",""coordinates"":[75.3794346412393,49.22042033047925]}"
1_1110,0.19689999520778656,0.28769999742507935,0.22224999964237213,0.19930000603199005,0.05609999969601631,0.0892999991774559,0.08479999750852585,0.1745000034570694,-0.44764697413853827,-0.06634564458363533,Karkaraly,0.3813013434410095,1,"{""type"":""Point"",""coordinates"":[75.39295342545398,49.18869686402799]}"
1_1111,0.19930000603199005,0.2508000135421753,0.193900004029274,0.18119999766349792,0.06909999996423721,0.08659999817609787,0.10684999823570251,0.17589999735355377,-0.28944307610304143,-0.014841782088770612,Karkaraly,0.2746012806892395,1,"{""type"":""Point"",""coordinates"":[75.39087770765676,49.213141163165396]}"
1_1113,0.22949999570846558,0.27469998598098755,0.23499999940395355,0.19699999690055847,0.07055000215768814,0.0885000005364418,0.10779999941587448,0.17720000445842743,-0.3710618448833018,-0.0529128604228306,Karkaraly,0.31814897060394287,1,"{""type"":""Point"",""coordinates"":[75.34073906136058,49.20270265656634]}"
1_1116,0.20250000059604645,0.26649999618530273,0.22245000302791595,0.17010000348091125,0.05620000138878822,0.08139999955892563,0.08820000290870667,0.20059999823570251,-0.43215836972041893,0.08227675914095992,Karkaraly,0.5144351124763489,1,"{""type"":""Point"",""coordinates"":[75.36914975856205,49.20666639572337]}"
1_1134,0.2085999995470047,0.2759000062942505,0.23100000619888306,0.18979999423027039,0.04910000041127205,0.07940000295639038,0.09194999933242798,0.1761000007390976,-0.4305620203897898,-0.037441906749191706,Karkaraly,0.3931201100349426,1,"{""type"":""Point"",""coordinates"":[75.36567868960167,49.2014497017975]}"
1_1135,0.19584999978542328,0.27320000529289246,0.21330000460147858,0.1907999962568283,0.04794999957084656,0.08569999784231186,0.07970000058412552,0.16979999840259552,-0.45597270188689126,-0.05823626779048256,Karkaraly,0.39773643016815186,1,"{""type"":""Point"",""coordinates"":[75.43389042646966,49.20882469063429]}"
1_1139,0.1784999966621399,0.2515999972820282,0.1951500028371811,0.18199999630451202,0.05784999951720238,0.08489999920129776,0.08304999768733978,0.1598999947309494,-0.4029475375215202,-0.06463878956718205,Karkaraly,0.33830875158309937,1,"{""type"":""Point"",""coordinates"":[75.40890104112555,49.20810794325021]}"
1_1143,0.2138500064611435,0.24729999899864197,0.23549999296665192,0.14239999651908875,0.05404999852180481,0.0746999979019165,0.09179999679327011,0.2498999983072281,-0.4390467481492659,0.27402498905393274,Karkaraly,0.7130717635154724,1,"{""type"":""Point"",""coordinates"":[75.37388785175817,49.21452446980059]}"
1_1151,0.21205000579357147,0.2711000144481659,0.23104999959468842,0.18449999392032623,0.05640000104904175,0.0828000009059906,0.09589999914169312,0.17100000381469727,-0.41336596108069174,-0.037974655953982195,Karkaraly,0.37539130449295044,1,"{""type"":""Point"",""coordinates"":[75.35834751339668,49.212092299693666]}"
1_1157,0.17270000278949738,0.2000499963760376,0.17184999585151672,0.09920000284910202,0.043049998581409454,0.03959999978542328,0.08330000191926956,0.3365499973297119,-0.34705073370918055,0.5446930450561358,Karkaraly,0.8917437791824341,1,"{""type"":""Point"",""coordinates"":[75.43315116816635,49.199400156884025]}"
1_1159,0.2373500019311905,0.2818000018596649,0.241349995136261,0.20080000162124634,0.07195000350475311,0.08649999648332596,0.11249999701976776,0.1745000034570694,-0.36413734908231205,-0.07007726567626554,Karkaraly,0.294060081243515,1,"{""type"":""Point"",""coordinates"":[75.33395085415414,49.19471637728053]}"
1_1168,0.22370000183582306,0.2840999960899353,0.23749999701976776,0.2029000073671341,0.06560000032186508,0.09290000051259995,0.10175000131130219,0.18080000579357147,-0.4001473732535993,-0.0575970831783799,Karkaraly,0.34255027770996094,1,"{""type"":""Point"",""coordinates"":[75.41137679432234,49.204831987669294]}"
1_1170,0.26284998655319214,0.273499995470047,0.24719999730587006,0.18940000236034393,0.07620000094175339,0.08579999953508377,0.1290999948978424,0.2168000042438507,-0.313845349069509,0.06745445947322598,Karkaraly,0.38129979372024536,1,"{""type"":""Point"",""coordinates"":[75.3398172986247,49.18492924681133]}"
1_1174,0.28584998846054077,0.2662000060081482,0.18140000104904175,0.1550000011920929,0.08990000188350677,0.06480000168085098,0.19805000722408295,0.34869998693466187,0.04387931430233802,0.38455427895270244,Karkaraly,0.3406749665737152,1,"{""type"":""Point"",""coordinates"":[75.42204766087798,49.22302928542453]}"
1_1178,0.2142000049352646,0.2766000032424927,0.2298000007867813,0.18619999289512634,0.05550000071525574,0.07940000295639038,0.09189999848604202,0.18240000307559967,-0.4286602505826889,-0.010309250843910657,Karkaraly,0.4183509945869446,1,"{""type"":""Point"",""coordinates"":[75.34896790794262,49.21136011633565]}"
1_1184,0.21889999508857727,0.2639999985694885,0.22814999520778656,0.19110000133514404,0.07214999943971634,0.08780000358819962,0.10660000145435333,0.16699999570846558,-0.3631067810767225,-0.06729965324111285,Karkaraly,0.2958071231842041,1,"{""type"":""Point"",""coordinates"":[75.36203534047232,49.20579411365311]}"
1_1192,0.2289000004529953,0.27459999918937683,0.2382500022649765,0.20399999618530273,0.07445000112056732,0.09740000218153,0.11145000159740448,0.18209999799728394,-0.3625965091995601,-0.056721052882643376,Karkaraly,0.3058754503726959,1,"{""type"":""Point"",""coordinates"":[75.38412960305801,49.21366463830858]}"
1_1194,0.1981000006198883,0.21459999680519104,0.17835000157356262,0.1307000070810318,0.06724999845027924,0.04899999871850014,0.1205499991774559,0.28049999475479126,-0.1933757184706523,0.36429957929224194,Karkaraly,0.557675302028656,1,"{""type"":""Point"",""coordinates"":[75.39114102159714,49.185291260450214]}"
1_1197,0.1988999992609024,0.26350000500679016,0.20399999618530273,0.18520000576972961,0.06430000066757202,0.09040000289678574,0.09809999912977219,0.17499999701976776,-0.35054617245221154,-0.02831762540524684,Karkaraly,0.3222285509109497,1,"{""type"":""Point"",""coordinates"":[75.38954857025561,49.21773342827816]}"
1_1198,0.2264000028371811,0.29190000891685486,0.24289999902248383,0.20329999923706055,0.06185000017285347,0.08699999749660492,0.09735000133514404,0.17299999296665192,-0.4277736885653372,-0.08052087934672485,Karkaraly,0.34725281596183777,1,"{""type"":""Point"",""coordinates"":[75.35875681877027,49.19573567315198]}"
1_1200,0.20810000598430634,0.2630999982357025,0.21915000677108765,0.17990000545978546,0.05494999885559082,0.07490000128746033,0.09080000221729279,0.1809999942779541,-0.41409905091697063,0.0030479047352950537,Karkaraly,0.4171469509601593,1,"{""type"":""Point"",""coordinates"":[75.34706592714056,49.204508877970966]}"
1_1204,0.23819999396800995,0.2867000102996826,0.2454500049352646,0.20010000467300415,0.06464999914169312,0.08290000259876251,0.10379999876022339,0.19059999287128448,-0.40558340637426654,-0.02431536181579518,Karkaraly,0.38126805424690247,1,"{""type"":""Point"",""coordinates"":[75.44443625570628,49.21475955239459]}"
1_1206,0.2117999941110611,0.3037000000476837,0.2304999977350235,0.21089999377727509,0.05665000155568123,0.10140000283718109,0.09149999916553497,0.19920000433921814,-0.4316770183461062,-0.02852960129673895,Karkaraly,0.403147429227829,1,"{""type"":""Point"",""coordinates"":[75.43219831068377,49.21617852852926]}"
1_1215,0.19830000400543213,0.24570000171661377,0.1895499974489212,0.17599999904632568,0.06355000287294388,0.08879999816417694,0.10209999978542328,0.17329999804496765,-0.2998457003009355,-0.007729748135819073,Karkaraly,0.2921159565448761,1,"{""type"":""Point"",""coordinates"":[75.41632102921375,49.21548559798017]}"
1_1216,0.2681500017642975,0.27970001101493835,0.26155000925064087,0.20890000462532043,0.07384999841451645,0.08449999988079071,0.12174999713897705,0.20569999516010284,-0.36472739311556257,-0.007718305515855665,Karkaraly,0.35700908303260803,1,"{""type"":""Point"",""coordinates"":[75.44344345355674,49.21015812813532]}"
1_1218,0.24220000207424164,0.31150001287460327,0.24779999256134033,0.20489999651908875,0.0625,0.09239999949932098,0.1046999990940094,0.2087000012397766,-0.4059574378862518,0.009187632353188074,Karkaraly,0.41514506936073303,1,"{""type"":""Point"",""coordinates"":[75.4392376079164,49.20799689324224]}"
1_1219,0.27639999985694885,0.2386000007390976,0.1665000021457672,0.1281999945640564,0.07654999941587448,0.06019999831914902,0.1919499933719635,0.31470000743865967,0.07100011590023135,0.4210883089439669,Karkaraly,0.3500881791114807,1,"{""type"":""Point"",""coordinates"":[75.31759377849302,49.227198982787584]}"
1_1221,0.1944500058889389,0.272599995136261,0.21410000324249268,0.19300000369548798,0.04830000177025795,0.08540000021457672,0.07944999635219574,0.16120000183582306,-0.4586953059996984,-0.08977978928025121,Karkaraly,0.36891552805900574,1,"{""type"":""Point"",""coordinates"":[75.40187498893327,49.19758130807469]}"
1_1228,0.2316499948501587,0.27320000529289246,0.23804999887943268,0.19189999997615814,0.06759999692440033,0.08500000089406967,0.1075500026345253,0.17350000143051147,-0.37760415414707915,-0.05035577031968455,Karkaraly,0.32724839448928833,1,"{""type"":""Point"",""coordinates"":[75.36010605025292,49.21350079763671]}"
1_1229,0.2365500032901764,0.2676999866962433,0.24445000290870667,0.17470000684261322,0.06414999812841415,0.09239999949932098,0.10350000113248825,0.20350000262260437,-0.40508693817842545,0.07615017202330301,Karkaraly,0.48123711347579956,1,"{""type"":""Point"",""coordinates"":[75.37907416502296,49.22284521357263]}"
1_1235,0.24719999730587006,0.22540000081062317,0.14835000038146973,0.11999999731779099,0.08945000171661377,0.0551999993622303,0.21819999814033508,0.3303000032901764,0.19056062758300685,0.46702199797568567,Karkaraly,0.2764613628387451,1,"{""type"":""Point"",""coordinates"":[75.44950134754984,49.22892944675245]}"
1_1236,0.22609999775886536,0.2655999958515167,0.23649999499320984,0.17579999566078186,0.06129999831318855,0.07739999890327454,0.10220000147819519,0.17919999361038208,-0.3965160759201632,0.009577459302409044,Karkaraly,0.4060935378074646,1,"{""type"":""Point"",""coordinates"":[75.35745909907013,49.2043894490374]}"
1_1238,0.1695999950170517,0.24480000138282776,0.18240000307559967,0.17159999907016754,0.042249999940395355,0.08009999990463257,0.0746999979019165,0.1728000044822693,-0.4189031690556147,0.0034843362361320013,Karkaraly,0.4223875105381012,1,"{""type"":""Point"",""coordinates"":[75.42071926387474,49.21492918682272]}"
1_1240,0.1700499951839447,0.2621999979019165,0.18880000710487366,0.1867000013589859,0.042149998247623444,0.08030000329017639,0.07000000029802322,0.1582999974489212,-0.4590417442372942,-0.08231885219767077,Karkaraly,0.37672290205955505,1,"{""type"":""Point"",""coordinates"":[75.42923009375868,49.213602887030625]}"
1_1244,0.21594999730587006,0.2718999981880188,0.22744999825954437,0.1914999932050705,0.06129999831318855,0.08320000022649765,0.09655000269412994,0.1768999993801117,-0.4040123308028341,-0.03963082008364308,Karkaraly,0.3643815219402313,1,"{""type"":""Point"",""coordinates"":[75.351199837699,49.204786214109674]}"
1_1247,0.20685000717639923,0.26910001039505005,0.21359999477863312,0.19850000739097595,0.07135000079870224,0.09290000051259995,0.10454999655485153,0.1728000044822693,-0.34276285146736163,-0.06921627278988657,Karkaraly,0.27354657649993896,1,"{""type"":""Point"",""coordinates"":[75.41528706628836,49.210157818928735]}"
1_1248,0.2303999960422516,0.29030001163482666,0.24605000019073486,0.19259999692440033,0.06239999830722809,0.08749999850988388,0.0966000035405159,0.20280000567436218,-0.43615933174609406,0.02579668356834193,Karkaraly,0.4619560241699219,1,"{""type"":""Point"",""coordinates"":[75.36309750061102,49.20866896349033]}"
1_1249,0.2625499963760376,0.3005000054836273,0.2639999985694885,0.20239999890327454,0.07445000112056732,0.08569999784231186,0.11869999766349792,0.19910000264644623,-0.37967076649128695,-0.008219168727499107,Karkaraly,0.37145158648490906,1,"{""type"":""Point"",""coordinates"":[75.41363528571131,49.195797233512074]}"
1_1254,0.16124999523162842,0.2502000033855438,0.1843000054359436,0.15479999780654907,0.039400000125169754,0.07660000026226044,0.0604499988257885,0.21369999647140503,-0.5060265759085001,0.1598371766063816,Karkaraly,0.6658637523651123,1,"{""type"":""Point"",""coordinates"":[75.42314351131601,49.204691782634285]}"
1_1259,0.2430499941110611,0.22210000455379486,0.14474999904632568,0.11659999936819077,0.06859999895095825,0.053599998354911804,0.19384999573230743,0.3109000027179718,0.14500885246050257,0.4545029295944188,Karkaraly,0.3094940781593323,1,"{""type"":""Point"",""coordinates"":[75.36144111223419,49.23280588999154]}"
1_1261,0.2827000021934509,0.21400000154972076,0.1586499959230423,0.1031000018119812,0.08254999667406082,0.05040000006556511,0.26339998841285706,0.34630000591278076,0.2481933334380763,0.5411659989328461,Karkaraly,0.2929726541042328,1,"{""type"":""Point"",""coordinates"":[75.3021222607779,49.171104517246995]}"
1_1263,0.20559999346733093,0.2874000072479248,0.217849999666214,0.20059999823570251,0.06174999848008156,0.08969999849796295,0.09354999661445618,0.17139999568462372,-0.3991650755824804,-0.07849463179650686,Karkaraly,0.3206704556941986,1,"{""type"":""Point"",""coordinates"":[75.36820470217954,49.19402784914881]}"
1_1264,0.2513499855995178,0.28290000557899475,0.2549000084400177,0.19419999420642853,0.0677499994635582,0.0869000032544136,0.11554999649524689,0.19089999794960022,-0.3761641519457449,-0.008569193259010163,Karkaraly,0.36759495735168457,1,"{""type"":""Point"",""coordinates"":[75.32809340409766,49.18661390510941]}"
1_1267,0.24140000343322754,0.2872999906539917,0.249549999833107,0.20010000467300415,0.07119999825954437,0.08879999816417694,0.11490000039339066,0.19689999520778656,-0.36946082962281335,-0.00806047724478205,Karkaraly,0.3614003658294678,1,"{""type"":""Point"",""coordinates"":[75.36880898279752,49.21403496732406]}"
1_1269,0.23755000531673431,0.2637999951839447,0.24619999527931213,0.15549999475479126,0.06369999796152115,0.07320000231266022,0.10535000264644623,0.20739999413490295,-0.4006542268921052,0.14301460724455142,Karkaraly,0.543668806552887,1,"{""type"":""Point"",""coordinates"":[75.38912454625124,49.20916503597267]}"
1_1271,0.25999999046325684,0.26330000162124634,0.25334998965263367,0.19519999623298645,0.07649999856948853,0.08160000294446945,0.10769999772310257,0.19339999556541443,-0.4034067221222655,-0.0046320141676838514,Karkaraly,0.3987747132778168,1,"{""type"":""Point"",""coordinates"":[75.45007986781165,49.20671905330452]}"
1_1272,0.1992499977350235,0.2750000059604645,0.21619999408721924,0.19249999523162842,0.0494999997317791,0.08609999716281891,0.07980000227689743,0.17309999465942383,-0.46081078880329757,-0.053063460362747096,Karkaraly,0.4077473282814026,1,"{""type"":""Point"",""coordinates"":[75.34012316885587,49.19343793587162]}"
1_1279,0.2366500049829483,0.28290000557899475,0.24484999477863312,0.15919999778270721,0.048500001430511475,0.07970000058412552,0.08250000327825546,0.2890999913215637,-0.4959523215642837,0.2897613131742522,Karkaraly,0.7857136130332947,1,"{""type"":""Point"",""coordinates"":[75.4106349107182,49.198633195563914]}"
1_1282,0.22214999794960022,0.2605000138282776,0.2280000001192093,0.15970000624656677,0.04919999837875366,0.0746999979019165,0.08540000021457672,0.23409999907016754,-0.4550095716424912,0.1889283692715054,Karkaraly,0.6439379453659058,1,"{""type"":""Point"",""coordinates"":[75.35182447655787,49.19336343890075]}"
1_1287,0.21834999322891235,0.27309998869895935,0.22759999334812164,0.1981000006198883,0.06080000102519989,0.08089999854564667,0.09884999692440033,0.16689999401569366,-0.3943942418752723,-0.08547947140477331,Karkaraly,0.30891478061676025,1,"{""type"":""Point"",""coordinates"":[75.34675259146806,49.206746061609216]}"
1_1288,0.21119999885559082,0.27799999713897705,0.23285000026226044,0.19760000705718994,0.06004999950528145,0.09210000187158585,0.09520000219345093,0.1671999990940094,-0.4196006616015589,-0.08333335375707367,Karkaraly,0.3362673223018646,1,"{""type"":""Point"",""coordinates"":[75.39335317043796,49.203527667232194]}"
1_1289,0.23559999465942383,0.30379998683929443,0.23960000276565552,0.21559999883174896,0.0734499990940094,0.10360000282526016,0.10575000196695328,0.19830000400543213,-0.38757781660474316,-0.0417975228502771,Karkaraly,0.34578028321266174,1,"{""type"":""Point"",""coordinates"":[75.43181413945611,49.216211572768515]}"
1_1290,0.26409998536109924,0.28859999775886536,0.26019999384880066,0.20329999923706055,0.08560000360012054,0.09769999980926514,0.13179999589920044,0.2037000060081482,-0.3275510237440126,9.82817606713914E-4,Karkaraly,0.3285338282585144,1,"{""type"":""Point"",""coordinates"":[75.37155042057238,49.21581544283702]}"
1_1294,0.2070000022649765,0.26669999957084656,0.21924999356269836,0.18379999697208405,0.05654999986290932,0.08139999955892563,0.09130000323057175,0.17739999294281006,-0.41201092144045837,-0.017718727043104166,Karkaraly,0.3942922055721283,1,"{""type"":""Point"",""coordinates"":[75.3375379103454,49.19758225939638]}"
1_1296,0.18610000610351562,0.25850000977516174,0.21089999377727509,0.1598999947309494,0.042500000447034836,0.07750000059604645,0.07535000145435333,0.2152000069618225,-0.4735370989726554,0.1474273846475931,Karkaraly,0.6209644675254822,1,"{""type"":""Point"",""coordinates"":[75.36952552578512,49.20671516066546]}"
1_1300,0.23714999854564667,0.26570001244544983,0.2232999950647354,0.19290000200271606,0.08569999784231186,0.09690000116825104,0.12250000238418579,0.19220000505447388,-0.2914979566922611,-0.0018177017279000808,Karkaraly,0.28968024253845215,1,"{""type"":""Point"",""coordinates"":[75.38517070550522,49.21655968888347]}"
1_1301,0.20749999582767487,0.27149999141693115,0.22484999895095825,0.179299995303154,0.06159999966621399,0.0851999968290329,0.09700000286102295,0.15620000660419464,-0.3972347222934704,-0.06885242494078621,Karkaraly,0.328382283449173,1,"{""type"":""Point"",""coordinates"":[75.40838417054414,49.19437671520916]}"
1_1302,0.17880000174045563,0.2646999955177307,0.21025000512599945,0.16660000383853912,0.04280000180006027,0.08020000159740448,0.06915000081062317,0.18970000743865967,-0.5050107420090125,0.06483301394607285,Karkaraly,0.5698437690734863,1,"{""type"":""Point"",""coordinates"":[75.36977669638662,49.20417350871387]}"
1_1303,0.22939999401569366,0.2800999879837036,0.23720000684261322,0.1876000016927719,0.07545000314712524,0.08730000257492065,0.10374999791383743,0.19679999351501465,-0.39140638529717153,0.023933381729803877,Karkaraly,0.41533976793289185,1,"{""type"":""Point"",""coordinates"":[75.43854962513147,49.20553725100161]}"
1_1305,0.24050000309944153,0.2574999928474426,0.2423499971628189,0.19089999794960022,0.07365000247955322,0.07890000194311142,0.1216999962925911,0.17499999701976776,-0.3314105288811258,-0.04345449890253089,Karkaraly,0.28795602917671204,1,"{""type"":""Point"",""coordinates"":[75.39252815037521,49.19252733871238]}"
1_1308,0.2017499953508377,0.22179999947547913,0.18735000491142273,0.1216999962925911,0.06120000034570694,0.07329999655485153,0.11720000207424164,0.31630000472068787,-0.23033984970646598,0.44429225565731684,Karkaraly,0.6746321320533752,1,"{""type"":""Point"",""coordinates"":[75.3702750384636,49.21327388620382]}"
1_1309,0.19474999606609344,0.26969999074935913,0.21085000038146973,0.18359999358654022,0.06224999949336052,0.09229999780654907,0.08510000258684158,0.17470000684261322,-0.42490284349851065,-0.024839482928459538,Karkaraly,0.4000633656978607,1,"{""type"":""Point"",""coordinates"":[75.40792305957125,49.205564340806504]}"
1_1319,0.2535000145435333,0.22750000655651093,0.15209999680519104,0.12020000070333481,0.051899999380111694,0.04179999977350235,0.2207999974489212,0.34119999408721924,0.1842317020710776,0.4789770175099465,Karkaraly,0.2947453260421753,1,"{""type"":""Point"",""coordinates"":[75.3637493575058,49.23351794868895]}"
1_1322,0.20329999923706055,0.26750001311302185,0.21940000355243683,0.19020000100135803,0.05974999815225601,0.0843999981880188,0.0864500030875206,0.16060000658035278,-0.43469019970113393,-0.08437854555664628,Karkaraly,0.35031166672706604,1,"{""type"":""Point"",""coordinates"":[75.40898717837167,49.206016847404406]}"
1_1325,0.24199999868869781,0.29179999232292175,0.24605000019073486,0.2061000019311905,0.07384999841451645,0.0885000005364418,0.1151999980211258,0.1770000010728836,-0.3622145406707243,-0.07595928120626358,Karkaraly,0.28625527024269104,1,"{""type"":""Point"",""coordinates"":[75.32848332883282,49.188200836313804]}"
1_1328,0.25369998812675476,0.25679999589920044,0.2619999945163727,0.17910000681877136,0.0723000019788742,0.07840000092983246,0.11559999734163284,0.16660000383853912,-0.38771186528466023,-0.03615852645322417,Karkaraly,0.351553350687027,1,"{""type"":""Point"",""coordinates"":[75.42779779647609,49.21005966527939]}"
1_1331,0.2682499885559082,0.2222999930381775,0.164900004863739,0.12039999663829803,0.08275000005960464,0.05649999901652336,0.2150000035762787,0.3122999966144562,0.131876803367984,0.44349434473890337,Karkaraly,0.31161755323410034,1,"{""type"":""Point"",""coordinates"":[75.44636277183444,49.191658595502346]}"
1_1333,0.22885000705718994,0.28049999475479126,0.23350000381469727,0.19699999690055847,0.07005000114440918,0.0892999991774559,0.10279999673366547,0.1753000020980835,-0.38864111468306717,-0.058286314426109175,Karkaraly,0.33035480976104736,1,"{""type"":""Point"",""coordinates"":[75.36804383390349,49.19718635795671]}"
1_1338,0.22945000231266022,0.2872999906539917,0.23770000040531158,0.2053000032901764,0.06669999659061432,0.09290000051259995,0.10575000196695328,0.17980000376701355,-0.3841898312038383,-0.066216564673747,Karkaraly,0.317973256111145,1,"{""type"":""Point"",""coordinates"":[75.34467580556493,49.192383148783165]}"
1_1339,0.23454999923706055,0.28139999508857727,0.24564999341964722,0.2085999995470047,0.07349999994039536,0.09179999679327011,0.11315000057220459,0.17569999396800995,-0.3692864968399404,-0.08561021632624446,Karkaraly,0.28367626667022705,1,"{""type"":""Point"",""coordinates"":[75.35614438292112,49.21154562655955]}"
1_1344,0.21449999511241913,0.22370000183582306,0.21085000038146973,0.10689999908208847,0.043049998581409454,0.05270000174641609,0.0856499969959259,0.375900000333786,-0.4222597116120202,0.5571665318499435,Karkaraly,0.9794262647628784,1,"{""type"":""Point"",""coordinates"":[75.41483051704061,49.2016484016475]}"
1_1347,0.20614999532699585,0.26739999651908875,0.22460000216960907,0.18050000071525574,0.06355000287294388,0.08129999786615372,0.09390000253915787,0.17509999871253967,-0.4103610602767868,-0.015185607456145497,Karkaraly,0.3951754570007324,1,"{""type"":""Point"",""coordinates"":[75.36337371933232,49.206114712472186]}"
1_1351,0.26965001225471497,0.2906000018119812,0.26260000467300415,0.2134000062942505,0.07479999959468842,0.09109999984502792,0.12825000286102295,0.20600000023841858,-0.34373800491812656,-0.01764426786019968,Karkaraly,0.32609373331069946,1,"{""type"":""Point"",""coordinates"":[75.34226272737145,49.18651408858607]}"
1_1353,0.24185000360012054,0.2921999990940094,0.24320000410079956,0.21240000426769257,0.0718500018119812,0.09300000220537186,0.12290000170469284,0.19329999387264252,-0.3285987448468429,-0.04707914834262137,Karkaraly,0.2815195918083191,1,"{""type"":""Point"",""coordinates"":[75.39063307340554,49.1853077678945]}"
1_1356,0.21250000596046448,0.28679999709129333,0.22709999978542328,0.20270000398159027,0.04924999922513962,0.09269999712705612,0.09059999883174896,0.1761000007390976,-0.42965061865850523,-0.07022176058869499,Karkaraly,0.35942885279655457,1,"{""type"":""Point"",""coordinates"":[75.43838078162658,49.20808015187895]}"
1_1359,0.318450003862381,0.22689999639987946,0.22519999742507935,0.1251000016927719,0.11339999735355377,0.06319999694824219,0.20645000040531158,0.24390000104904175,-0.04343796389206802,0.3219512153754461,Karkaraly,0.3653891682624817,1,"{""type"":""Point"",""coordinates"":[75.3346046387012,49.23574580475339]}"
1_1360,0.2584500014781952,0.28690001368522644,0.2562499940395355,0.20679999887943268,0.07284999638795853,0.0869000032544136,0.12020000070333481,0.17499999701976776,-0.36140256404872056,-0.08328968622634685,Karkaraly,0.27811288833618164,1,"{""type"":""Point"",""coordinates"":[75.36308754207275,49.186573265468994]}"
1_1361,0.20115000009536743,0.26179999113082886,0.21125000715255737,0.19050000607967377,0.07154999673366547,0.08810000121593475,0.09714999794960022,0.17170000076293945,-0.36997408338291526,-0.05190503854657154,Karkaraly,0.3180690407752991,1,"{""type"":""Point"",""coordinates"":[75.41498475212369,49.21226178565343]}"
1_1365,0.26875001192092896,0.28999999165534973,0.27355000376701355,0.21150000393390656,0.07540000230073929,0.08169999718666077,0.12404999881982803,0.18000000715255737,-0.37600604621357503,-0.08045975961515954,Karkaraly,0.295546293258667,1,"{""type"":""Point"",""coordinates"":[75.34815939829923,49.18705924153968]}"
1_1367,0.19814999401569366,0.2782000005245209,0.21729999780654907,0.19189999997615814,0.052149999886751175,0.08720000088214874,0.0824500024318695,0.17569999396800995,-0.44987487995803516,-0.044069657984294436,Karkaraly,0.40580523014068604,1,"{""type"":""Point"",""coordinates"":[75.36664747957653,49.19796710446401]}"
1_1369,0.21209999918937683,0.2734000086784363,0.2324499934911728,0.17910000681877136,0.049949999898672104,0.07760000228881836,0.08649999648332596,0.22050000727176666,-0.4575952393650054,0.10360360108399605,Karkaraly,0.5611988306045532,1,"{""type"":""Point"",""coordinates"":[75.38265145203604,49.20687138396679]}"
1_1372,0.24594999849796295,0.2883000075817108,0.2528499960899353,0.19519999623298645,0.06504999846220016,0.08990000188350677,0.11230000108480453,0.20280000567436218,-0.38491030013036426,0.019095501017472247,Karkaraly,0.4040057957172394,1,"{""type"":""Point"",""coordinates"":[75.350164307485,49.193098538052105]}"
1_1374,0.26750001311302185,0.2888999879360199,0.26365000009536743,0.19460000097751617,0.07329999655485153,0.08309999853372574,0.12620000541210175,0.19990000128746033,-0.3525714832409622,0.01343472821169787,Karkaraly,0.3660062253475189,1,"{""type"":""Point"",""coordinates"":[75.3677247721362,49.21581059105406]}"
1_1388,0.2547999918460846,0.2791000008583069,0.25255000591278076,0.18700000643730164,0.06315000355243683,0.07779999822378159,0.12084999680519104,0.20970000326633453,-0.35270489595326127,0.05722207278490225,Karkaraly,0.40992698073387146,1,"{""type"":""Point"",""coordinates"":[75.36368697616858,49.210455958006044]}"
1_1391,0.19005000591278076,0.251800000667572,0.20010000467300415,0.18164999783039093,0.05810000002384186,0.08254999667406082,0.09115000069141388,0.1485999971628189,-0.3740772599995999,-0.10007570376572315,Karkaraly,0.2740015685558319,1,"{""type"":""Point"",""coordinates"":[75.3976240340641,49.21045830484745]}"
1_1394,0.1996999979019165,0.25200000405311584,0.2009499967098236,0.18389999866485596,0.07455000281333923,0.09889999777078629,0.10740000009536743,0.1738000065088272,-0.30338899816353515,-0.028235929577704762,Karkaraly,0.2751530706882477,1,"{""type"":""Point"",""coordinates"":[75.38898015029558,49.22165053445047]}"
1_1397,0.17765000462532043,0.21889999508857727,0.19014999270439148,0.12460000067949295,0.04540000110864639,0.061900001019239426,0.08115000277757645,0.31299999356269836,-0.401769228684192,0.43053015393536487,Karkaraly,0.8322994112968445,1,"{""type"":""Point"",""coordinates"":[75.40721106737276,49.20763115273629]}"
1_1398,0.19535000622272491,0.26660001277923584,0.21870000660419464,0.18170000612735748,0.06185000017285347,0.08250000327825546,0.08879999816417694,0.16680000722408295,-0.42243904528673615,-0.042754658055776947,Karkaraly,0.3796843886375427,1,"{""type"":""Point"",""coordinates"":[75.37419056978703,49.19597338719834]}"
1_1399,0.16699999570846558,0.2831999957561493,0.20074999332427979,0.18559999763965607,0.03720000013709068,0.09019999951124191,0.06400000303983688,0.18860000371932983,-0.5165249940036545,0.008017119371401964,Karkaraly,0.5245420932769775,1,"{""type"":""Point"",""coordinates"":[75.4034814157809,49.19654421930081]}"
1_1401,0.23465000092983246,0.28529998660087585,0.24265000224113464,0.19339999556541443,0.0572500005364418,0.08389999717473984,0.10225000232458115,0.1956000030040741,-0.40707450872127277,0.005655546135604091,Karkaraly,0.41273006796836853,1,"{""type"":""Point"",""coordinates"":[75.34478885054678,49.18830452402735]}"
1_1406,0.24684999883174896,0.2896000146865845,0.2536500096321106,0.1860000044107437,0.061149999499320984,0.08429999649524689,0.10585000365972519,0.2054000049829483,-0.4111265660855594,0.04956566199948908,Karkaraly,0.46069222688674927,1,"{""type"":""Point"",""coordinates"":[75.4124811473556,49.19919625127571]}"
1_1408,0.22505000233650208,0.28220000863075256,0.24619999527931213,0.2020999938249588,0.060600001364946365,0.07909999787807465,0.09780000150203705,0.18019999563694,-0.43139533478426173,-0.05728485166542601,Karkaraly,0.37411049008369446,1,"{""type"":""Point"",""coordinates"":[75.36432203529999,49.19600198632653]}"
1_1411,0.2358500063419342,0.25949999690055847,0.23819999396800995,0.18289999663829803,0.06255000084638596,0.07890000194311142,0.10010000318288803,0.17319999635219574,-0.4082175345792945,-0.027239540794827367,Karkaraly,0.380977988243103,1,"{""type"":""Point"",""coordinates"":[75.42842766686307,49.20807113875215]}"
1_1412,0.2694999873638153,0.2978000044822693,0.2653999924659729,0.21549999713897705,0.08465000241994858,0.09849999845027924,0.1344500035047531,0.1931000053882599,-0.3274977873722599,-0.0548213206367369,Karkaraly,0.2726764678955078,1,"{""type"":""Point"",""coordinates"":[75.33550238034562,49.185482459990126]}"
1_1415,0.2097499966621399,0.2680000066757202,0.21879999339580536,0.19609999656677246,0.07415000349283218,0.09070000052452087,0.1010499969124794,0.16619999706745148,-0.36814131640220965,-0.08252829153927024,Karkaraly,0.2856130301952362,1,"{""type"":""Point"",""coordinates"":[75.41000520676059,49.20452957040282]}"
1_1416,0.21035000681877136,0.2639000117778778,0.21979999542236328,0.18230000138282776,0.053950000554323196,0.08250000327825546,0.09245000034570694,0.17329999804496765,-0.40784626678185143,-0.025309345760242494,Karkaraly,0.382536917924881,1,"{""type"":""Point"",""coordinates"":[75.34448118725867,49.20591272156016]}"
1_1418,0.18809999525547028,0.2728999853134155,0.20900000631809235,0.17649999260902405,0.04749999940395355,0.09269999712705612,0.07859999686479568,0.1923000067472458,-0.45340753828286245,0.042841687000542916,Karkaraly,0.4962492287158966,1,"{""type"":""Point"",""coordinates"":[75.41736998504402,49.20837865343715]}"
1_1420,0.14730000495910645,0.27140000462532043,0.17425000667572021,0.17430000007152557,0.03485000133514404,0.09000000357627869,0.052549999207258224,0.20430000126361847,-0.5365961389403813,0.07923930556338354,Karkaraly,0.615835428237915,1,"{""type"":""Point"",""coordinates"":[75.42403884360517,49.217215607195115]}"
1_1423,0.19875000417232513,0.2549999952316284,0.2207999974489212,0.1720000058412552,0.045049998909235,0.08110000193119049,0.07779999822378159,0.1761000007390976,-0.47890154486767894,0.011778209768278172,Karkaraly,0.4906797409057617,1,"{""type"":""Point"",""coordinates"":[75.41659616767961,49.20646899115248]}"
1_1426,0.1829500049352646,0.2678000032901764,0.21080000698566437,0.16030000150203705,0.038100000470876694,0.07199999690055847,0.06599999964237213,0.2176000028848648,-0.5231214012862156,0.15162741655901868,Karkaraly,0.6747488379478455,1,"{""type"":""Point"",""coordinates"":[75.43876162220809,49.20488802267549]}"
1_1427,0.2667999863624573,0.298799991607666,0.2640500068664551,0.21449999511241913,0.08534999936819077,0.09220000356435776,0.13339999318122864,0.19910000264644623,-0.3287206281785176,-0.037234024539215094,Karkaraly,0.29148659110069275,1,"{""type"":""Point"",""coordinates"":[75.36352150692937,49.21143421931583]}"
1_1435,0.22605000436306,0.2696000039577484,0.23794999718666077,0.17720000445842743,0.052799999713897705,0.07850000262260437,0.08959999680519104,0.20029999315738678,-0.45290796245644294,0.06119202343007286,Karkaraly,0.5141000151634216,1,"{""type"":""Point"",""coordinates"":[75.3446465856874,49.1884735331963]}"
1_1436,0.24684999883174896,0.22050000727176666,0.1481499969959259,0.12780000269412994,0.07084999978542328,0.06610000133514404,0.19040000438690186,0.31290000677108765,0.12479694939714449,0.42001361493405365,Karkaraly,0.2952166795730591,1,"{""type"":""Point"",""coordinates"":[75.45077003730408,49.191178740928116]}"
1_1437,0.20954999327659607,0.2700999975204468,0.227400004863739,0.1843000054359436,0.061500001698732376,0.0869000032544136,0.09849999845027924,0.1673000007867813,-0.3955201138468822,-0.04835041054690269,Karkaraly,0.3471696972846985,1,"{""type"":""Point"",""coordinates"":[75.40280087744227,49.19428898058056]}"
1_1441,0.21940000355243683,0.28279998898506165,0.23225000500679016,0.20559999346733093,0.07564999908208847,0.09319999814033508,0.10779999941587448,0.17149999737739563,-0.36597560350633235,-0.09042693428220264,Karkaraly,0.27554866671562195,1,"{""type"":""Point"",""coordinates"":[75.37810192027466,49.18984561164921]}"
1_1444,0.20074999332427979,0.27160000801086426,0.2147500067949295,0.1868000030517578,0.0523499995470047,0.08579999953508377,0.08524999767541885,0.17110000550746918,-0.4316666906327006,-0.043866994045322925,Karkaraly,0.3877997100353241,1,"{""type"":""Point"",""coordinates"":[75.38019345839608,49.20044591137067]}"
1_1448,0.22214999794960022,0.27149999141693115,0.24105000495910645,0.1915999948978424,0.07594999670982361,0.0835999995470047,0.10080000013113022,0.1647000014781952,-0.41026766926902647,-0.07549815799396492,Karkaraly,0.33476951718330383,1,"{""type"":""Point"",""coordinates"":[75.38622958512669,49.18696114135431]}"
1_1451,0.20340000092983246,0.250900000333786,0.21130000054836273,0.17880000174045563,0.06129999831318855,0.08250000327825546,0.09600000083446503,0.16500000655651093,-0.37520338169559403,-0.04013960107884751,Karkaraly,0.33506378531455994,1,"{""type"":""Point"",""coordinates"":[75.39542604122894,49.211108979464136]}"
1_1457,0.26374998688697815,0.27309998869895935,0.25929999351501465,0.1843000054359436,0.07729999721050262,0.07940000295639038,0.12524999678134918,0.20469999313354492,-0.34858926047652794,0.05244212795018094,Karkaraly,0.40103137493133545,1,"{""type"":""Point"",""coordinates"":[75.33312271724047,49.186545527034646]}"
1_1465,0.2147500067949295,0.2779499888420105,0.23019999265670776,0.19335000216960907,0.055149998515844345,0.08209999650716782,0.08664999902248383,0.18029999732971191,-0.4530534871516339,-0.03492574563731766,Karkaraly,0.41812774538993835,1,"{""type"":""Point"",""coordinates"":[75.36449628120081,49.191248417353215]}"
1_1469,0.23720000684261322,0.28380000591278076,0.24914999306201935,0.20720000565052032,0.06515000015497208,0.08720000088214874,0.11105000227689743,0.17499999701976776,-0.38339809153851284,-0.08424910624223751,Karkaraly,0.2991489768028259,1,"{""type"":""Point"",""coordinates"":[75.35605803853923,49.19776125246848]}"
1_1472,0.22840000689029694,0.2558000087738037,0.2406499981880188,0.18700000643730164,0.07164999842643738,0.08049999922513962,0.1039000004529953,0.15680000185966492,-0.39689449506427954,-0.0878417796649692,Karkaraly,0.3090527057647705,1,"{""type"":""Point"",""coordinates"":[75.39484741963413,49.191981749905054]}"
1_1473,0.2765499949455261,0.22949999570846558,0.1648000031709671,0.1136000007390976,0.07859999686479568,0.052299998700618744,0.2130499929189682,0.30959999561309814,0.12769614992007755,0.46313798809885937,Karkaraly,0.33544182777404785,1,"{""type"":""Point"",""coordinates"":[75.31489980945565,49.2231695735467]}"
1_1477,0.2212499976158142,0.27250000834465027,0.2342499941587448,0.19529999792575836,0.07440000027418137,0.08609999716281891,0.1080000028014183,0.16699999570846558,-0.3688823739332907,-0.07811206931972599,Karkaraly,0.2907702922821045,1,"{""type"":""Point"",""coordinates"":[75.3817643569934,49.18929657338005]}"
1_1478,0.242249995470047,0.19539999961853027,0.1407500058412552,0.10080000013113022,0.07495000213384628,0.048900000751018524,0.2240999937057495,0.3073999881744385,0.22845001498692916,0.5061244340081962,Karkaraly,0.2776744067668915,1,"{""type"":""Point"",""coordinates"":[75.34052837726226,49.218910878681896]}"
1_1479,0.2692500054836273,0.2438499927520752,0.16760000586509705,0.13570000231266022,0.0737999975681305,0.059950001537799835,0.19155000150203705,0.27584999799728394,0.06668521549675924,0.34054184322457726,Karkaraly,0.27385663986206055,1,"{""type"":""Point"",""coordinates"":[75.43422290945594,49.19400146465509]}"
1_1482,0.20080000162124634,0.2651999890804291,0.21199999749660492,0.19304999709129333,0.05855000019073486,0.0856499969959259,0.09560000151395798,0.1688999980688095,-0.37841351221412,-0.06672192110902352,Karkaraly,0.3116915822029114,1,"{""type"":""Point"",""coordinates"":[75.41487559489353,49.209903766849564]}"
1_1488,0.20624999701976776,0.24469999969005585,0.21244999766349792,0.1762000024318695,0.06904999911785126,0.07800000160932541,0.10485000163316727,0.15410000085830688,-0.33911123942275256,-0.06690887482113418,Karkaraly,0.27220237255096436,1,"{""type"":""Point"",""coordinates"":[75.36992195128002,49.20912411500905]}"
1_1491,0.23649999499320984,0.2632000148296356,0.24330000579357147,0.1712999939918518,0.0807500034570694,0.0860000029206276,0.11590000241994858,0.21320000290870667,-0.35467706141557837,0.10897271587674752,Karkaraly,0.46364977955818176,1,"{""type"":""Point"",""coordinates"":[75.36197060259707,49.21075962009281]}"
1_1496,0.1919499933719635,0.2565999925136566,0.20915000140666962,0.1753000020980835,0.06094999983906746,0.08079999685287476,0.08340000361204147,0.16769999265670776,-0.4298410378990947,-0.022157462267044452,Karkaraly,0.4076835811138153,1,"{""type"":""Point"",""coordinates"":[75.36165366615992,49.20675475820989]}"
1_1498,0.16865000128746033,0.19769999384880066,0.15809999406337738,0.09799999743700027,0.0369499996304512,0.04800000041723251,0.0994499996304512,0.36149999499320984,-0.2277227562375652,0.5734494056520154,Karkaraly,0.801172137260437,1,"{""type"":""Point"",""coordinates"":[75.44834917482964,49.209185782203626]}"
1_1499,0.19830000400543213,0.2492000013589859,0.19580000638961792,0.17829999327659607,0.06755000352859497,0.08609999716281891,0.10204999893903732,0.17159999907016754,-0.3147557689217916,-0.019148311954773036,Karkaraly,0.29560744762420654,1,"{""type"":""Point"",""coordinates"":[75.39061338653944,49.213011571929314]}"
2_10,0.2551499903202057,0.27790001034736633,0.194350004196167,0.2198999971151352,0.09179999679327011,0.10019999742507935,0.20399999618530273,0.21529999375343323,0.024224907693974326,-0.010569860887453876,Karkaraly,-0.03479477018117905,0,"{""type"":""Point"",""coordinates"":[75.39561782512277,49.23719344167695]}"
2_13,0.3098500072956085,0.322299987077713,0.25049999356269836,0.2563999891281128,0.10339999943971634,0.1080000028014183,0.18005000054836273,0.19840000569820404,-0.1636279037926614,-0.1275285490098968,Karkaraly,0.036099355667829514,0,"{""type"":""Point"",""coordinates"":[75.31315245451013,49.1758237137101]}"
2_17,0.2353000044822693,0.2578999996185303,0.17659999430179596,0.1859000027179718,0.0856499969959259,0.09070000052452087,0.1886499971151352,0.19990000128746033,0.0329911104627083,0.03628822816002719,Karkaraly,0.0032971177715808153,0,"{""type"":""Point"",""coordinates"":[75.41664230877697,49.23955605683359]}"
2_24,0.20385000109672546,0.22550000250339508,0.15354999899864197,0.1656000018119812,0.07095000147819519,0.07859999686479568,0.1919499933719635,0.2076999992132187,0.11114325679096176,0.1127779193292729,Karkaraly,0.0016346625052392483,0,"{""type"":""Point"",""coordinates"":[75.45347642797823,49.23455969134295]}"
2_43,0.3016499876976013,0.31369999051094055,0.2252500057220459,0.23180000483989716,0.09960000216960907,0.0997999981045723,0.16795000433921814,0.18940000236034393,-0.14572736499650626,-0.10066477149748955,Karkaraly,0.0450625941157341,0,"{""type"":""Point"",""coordinates"":[75.37866698562233,49.17622178202648]}"
2_47,0.19214999675750732,0.21160000562667847,0.1303499937057495,0.1467999964952469,0.05950000137090683,0.05820000171661377,0.1969500035047531,0.2094999998807907,0.20348307475288452,0.17597531300384997,Karkaraly,-0.027507761493325233,0,"{""type"":""Point"",""coordinates"":[75.39244356452996,49.231898606868604]}"
2_70,0.3296000063419342,0.3391000032424927,0.26739999651908875,0.27480000257492065,0.13570000231266022,0.1388999968767166,0.22634999454021454,0.23395000398159027,-0.08313924601963947,-0.08029483649508877,Karkaraly,0.002844409551471472,0,"{""type"":""Point"",""coordinates"":[75.3815568117568,49.238175521463205]}"
2_80,0.21895000338554382,0.23765000700950623,0.15625,0.1683499962091446,0.0697999969124794,0.0783500000834465,0.18870000541210175,0.211899995803833,0.09407161879396021,0.11452991586966843,Karkaraly,0.020458297803997993,0,"{""type"":""Point"",""coordinates"":[75.31329345540762,49.235389627987026]}"
2_86,0.21815000474452972,0.2517000138759613,0.15995000302791595,0.18729999661445618,0.09610000252723694,0.10719999670982361,0.2312999963760376,0.2606000006198883,0.18236420052861133,0.1636526109802163,Karkaraly,-0.01871158927679062,0,"{""type"":""Point"",""coordinates"":[75.43296334517922,49.238992205301436]}"
2_110,0.25780001282691956,0.2773999869823456,0.20080000162124634,0.21619999408721924,0.09194999933242798,0.09929999709129333,0.22120000422000885,0.22789999842643738,0.048341237716561625,0.026345427913643457,Karkaraly,-0.02199580892920494,0,"{""type"":""Point"",""coordinates"":[75.45750024149034,49.23553953314143]}"
2_114,0.31825000047683716,0.3285999894142151,0.24255000054836273,0.2502000033855438,0.11680000275373459,0.12780000269412994,0.1988999992609024,0.22110000252723694,-0.09887869816812762,-0.06174411307707931,Karkaraly,0.03713458403944969,0,"{""type"":""Point"",""coordinates"":[75.33572494546564,49.17184974523515]}"
2_117,0.12635000050067902,0.15449999272823334,0.07580000162124634,0.09610000252723694,0.026750000193715096,0.03375000134110451,0.17104999721050262,0.1855500042438507,0.3858618433868332,0.31759275542753557,Karkaraly,-0.06826908886432648,0,"{""type"":""Point"",""coordinates"":[75.30697766290378,49.23530871123037]}"
2_120,0.1728000044822693,0.19910000264644623,0.1099499985575676,0.12890000641345978,0.05790000036358833,0.06289999932050705,0.1839500069618225,0.2020999938249588,0.2517863457453142,0.221147998062759,Karkaraly,-0.030638348311185837,0,"{""type"":""Point"",""coordinates"":[75.44024993522073,49.231708336427296]}"
2_126,0.24789999425411224,0.26570001244544983,0.19020000100135803,0.21459999680519104,0.10130000114440918,0.10639999806880951,0.20469999313354492,0.21780000627040863,0.03671813711709883,0.007400576878946297,Karkaraly,-0.02931755967438221,0,"{""type"":""Point"",""coordinates"":[75.39092840790853,49.23415889370426]}"
2_127,0.1453000009059906,0.16269999742507935,0.06830000132322311,0.07609999924898148,0.04859999939799309,0.030700000002980232,0.2639999985694885,0.3359000086784363,0.5889256614789355,0.6305825350256399,Karkaraly,0.04165687412023544,0,"{""type"":""Point"",""coordinates"":[75.44625880170446,49.23972987765122]}"
2_132,0.21699999272823334,0.23125000298023224,0.15520000457763672,0.17035000026226044,0.08550000190734863,0.09735000133514404,0.20489999651908875,0.22139999270439148,0.13801719464061388,0.1303126824726624,Karkaraly,-0.007704512216150761,0,"{""type"":""Point"",""coordinates"":[75.3008669860135,49.238176893043544]}"
2_163,0.29725000262260437,0.29499998688697815,0.24525000154972076,0.24210000038146973,0.11249999701976776,0.10999999940395355,0.19789999723434448,0.21160000562667847,-0.10684870686065065,-0.06722502612054958,Karkaraly,0.0396236814558506,0,"{""type"":""Point"",""coordinates"":[75.3492430920841,49.218798152645235]}"
2_175,0.21389999985694885,0.24300000071525574,0.15060000121593475,0.17749999463558197,0.07500000298023224,0.0820000022649765,0.196150004863739,0.2084999978542328,0.13136266142512512,0.08031089073005307,Karkaraly,-0.05105176940560341,0,"{""type"":""Point"",""coordinates"":[75.39718715286708,49.23806751846473]}"
2_180,0.2584500014781952,0.28040000796318054,0.2049500048160553,0.22065000236034393,0.11069999635219574,0.11270000040531158,0.21690000593662262,0.23624999821186066,0.028327606533056045,0.03414312941996032,Karkaraly,0.005815522745251656,0,"{""type"":""Point"",""coordinates"":[75.30013959085677,49.23746619940361]}"
2_184,0.18105000257492065,0.20270000398159027,0.1185000017285347,0.13860000669956207,0.07769999653100967,0.0738999992609024,0.22619999945163727,0.241799995303154,0.3124455971986163,0.27129334400701466,Karkaraly,-0.04115225374698639,0,"{""type"":""Point"",""coordinates"":[75.43630622681427,49.23773958211875]}"
2_198,0.23285000026226044,0.257999986410141,0.17505000531673431,0.1987999975681305,0.10869999974966049,0.11819999665021896,0.19439999759197235,0.21330000460147858,0.05237513093218066,0.03518565143656631,Karkaraly,-0.017189480364322662,0,"{""type"":""Point"",""coordinates"":[75.38980070783485,49.23368790223078]}"
2_206,0.24195000529289246,0.25540000200271606,0.17614999413490295,0.1889999955892563,0.0970500037074089,0.09960000216960907,0.20045000314712524,0.21330000460147858,0.06452471903239154,0.06040270693686649,Karkaraly,-0.004122012294828892,0,"{""type"":""Point"",""coordinates"":[75.31367225386752,49.233230459979175]}"
2_209,0.3068999946117401,0.31290000677108765,0.2366500049829483,0.25110000371932983,0.10625000298023224,0.11699999868869781,0.22574999928474426,0.2296999990940094,-0.02357267646540464,-0.04450916077392069,Karkaraly,-0.02093648351728916,0,"{""type"":""Point"",""coordinates"":[75.44597080450154,49.23416249344742]}"
2_224,0.2154500037431717,0.23600000143051147,0.15160000324249268,0.17024999856948853,0.07519999891519547,0.07545000314712524,0.21484999358654022,0.22875000536441803,0.1726019672298068,0.1466165569377285,Karkaraly,-0.025985410436987877,0,"{""type"":""Point"",""coordinates"":[75.39484045310793,49.23646692052745]}"
2_235,0.1756500005722046,0.19059999287128448,0.10100000351667404,0.11159999668598175,0.05584999918937683,0.05270000174641609,0.23559999465942383,0.2759000062942505,0.39988114043996986,0.42400002153458116,Karkaraly,0.024118881672620773,0,"{""type"":""Point"",""coordinates"":[75.39745833589811,49.23571384524409]}"
2_240,0.35624998807907104,0.3589000105857849,0.3071500062942505,0.3102000057697296,0.17720000445842743,0.18219999969005585,0.2446500062942505,0.2531000077724457,-0.11326567338556535,-0.1013669387973639,Karkaraly,0.011898734606802464,0,"{""type"":""Point"",""coordinates"":[75.38838001220627,49.23472660726019]}"
2_248,0.18324999511241913,0.20890000462532043,0.12610000371932983,0.1445000022649765,0.05445000156760216,0.06340000033378601,0.1835000067949295,0.19945000112056732,0.1854005204336257,0.15976158835502532,Karkaraly,-0.02563893236219883,0,"{""type"":""Point"",""coordinates"":[75.31468857798997,49.23376329889319]}"
2_255,0.2844499945640564,0.30799999833106995,0.22875000536441803,0.24940000474452972,0.11219999939203262,0.12939999997615814,0.22095000743865967,0.23389999568462372,-0.017344891491417318,-0.03207119604002181,Karkaraly,-0.014726304449141026,0,"{""type"":""Point"",""coordinates"":[75.45538114679957,49.23826419760253]}"
2_256,0.263700008392334,0.2912999987602234,0.20669999718666077,0.22869999706745148,0.07609999924898148,0.0835999995470047,0.18355000019073486,0.210099995136261,-0.059320940811021815,-0.04238833696823645,Karkaraly,0.01693260297179222,0,"{""type"":""Point"",""coordinates"":[75.38714610840555,49.23395380349392]}"
2_274,0.21799999475479126,0.24979999661445618,0.15584999322891235,0.1851000040769577,0.10580000281333923,0.1143999993801117,0.23145000636577606,0.2574999928474426,0.1951975554246825,0.1635788280017802,Karkaraly,-0.03161872923374176,0,"{""type"":""Point"",""coordinates"":[75.44114006507442,49.238613163494485]}"
2_290,0.3140000104904175,0.3160000145435333,0.25380000472068787,0.25450000166893005,0.10320000350475311,0.10360000282526016,0.17425000667572021,0.1898999959230423,-0.1858427658615294,-0.14536455017085873,Karkaraly,0.040478214621543884,0,"{""type"":""Point"",""coordinates"":[75.32748128816127,49.177444720910515]}"
2_294,0.3097499907016754,0.3107999861240387,0.249549999833107,0.2524000108242035,0.11060000211000443,0.1151999980211258,0.17759999632835388,0.19689999520778656,-0.16844200901632764,-0.12352551718520419,Karkaraly,0.04491649195551872,0,"{""type"":""Point"",""coordinates"":[75.32848343537476,49.17711071048496]}"
2_302,0.17194999754428864,0.18209999799728394,0.08585000038146973,0.09120000153779984,0.04270000010728836,0.02800000086426735,0.26100000739097595,0.3179999887943268,0.5049733403045361,0.5542521813659992,Karkaraly,0.04927884042263031,0,"{""type"":""Point"",""coordinates"":[75.43305135662055,49.225882489322075]}"
2_336,0.15530000627040863,0.18115000426769257,0.1005999967455864,0.11869999766349792,0.045099999755620956,0.05685000121593475,0.1692499965429306,0.186599999666214,0.25440059849823793,0.22240420110252,Karkaraly,-0.03199639916419983,0,"{""type"":""Point"",""coordinates"":[75.30387649427566,49.238291859708234]}"
2_342,0.3425999879837036,0.3506999909877777,0.2846499979496002,0.2937000095844269,0.18610000610351562,0.19480000436306,0.265500009059906,0.28299999237060547,-0.03480866790094091,-0.01855387060438355,Karkaraly,0.01625479757785797,0,"{""type"":""Point"",""coordinates"":[75.37371242297131,49.173011389673675]}"
2_356,0.2925499975681305,0.30160000920295715,0.2282000035047531,0.22849999368190765,0.11909999698400497,0.11580000072717667,0.21355000138282776,0.23250000178813934,-0.033163558482933286,0.008676807257130626,Karkaraly,0.04184036701917648,0,"{""type"":""Point"",""coordinates"":[75.45120361296738,49.22342558655976]}"
2_374,0.20679999887943268,0.23600000143051147,0.1451999992132187,0.17030000686645508,0.08569999784231186,0.09549999982118607,0.195250004529953,0.21119999885559082,0.14701132256262503,0.10720836533600145,Karkaraly,-0.03980295732617378,0,"{""type"":""Point"",""coordinates"":[75.43778416283273,49.23260924346762]}"
2_377,0.23019999265670776,0.2720000147819519,0.16410000622272491,0.20479999482631683,0.08420000225305557,0.09149999916553497,0.20829999446868896,0.22110000252723694,0.1186895493122998,0.038271913130323236,Karkaraly,-0.08041763305664062,0,"{""type"":""Point"",""coordinates"":[75.40194644727079,49.232889441612045]}"
2_382,0.2290000021457672,0.23489999771118164,0.1573999971151352,0.15870000422000885,0.06984999775886536,0.06750000268220901,0.24699999392032623,0.2603999972343445,0.22156280611127438,0.24266283145172546,Karkaraly,0.02110002562403679,0,"{""type"":""Point"",""coordinates"":[75.45884096517824,49.233721137494186]}"
2_383,0.32179999351501465,0.328900009393692,0.2552500069141388,0.26089999079704285,0.12759999930858612,0.13199999928474426,0.20444999635219574,0.22869999706745148,-0.11050687448551368,-0.06576796267916432,Karkaraly,0.04473891109228134,0,"{""type"":""Point"",""coordinates"":[75.31674971643602,49.17048556268126]}"
2_387,0.30125001072883606,0.31610000133514404,0.2545500099658966,0.2644999921321869,0.1437000036239624,0.14339999854564667,0.22165000438690186,0.2533999979496002,-0.06908862786093994,-0.021432698194942524,Karkaraly,0.04765592887997627,0,"{""type"":""Point"",""coordinates"":[75.4500592042465,49.18315827715632]}"
2_400,0.3266499936580658,0.3269999921321869,0.2503499984741211,0.2488500028848648,0.12639999389648438,0.11900000274181366,0.1984499990940094,0.21424999833106995,-0.11564171047535036,-0.07471389432724604,Karkaraly,0.040927816182374954,0,"{""type"":""Point"",""coordinates"":[75.43368867082717,49.193089671742946]}"
2_402,0.2863999903202057,0.33500000834465027,0.23604999482631683,0.2777999937534332,0.19529999792575836,0.21879999339580536,0.24490000307559967,0.2784000039100647,0.018401098425802846,0.0010787669168500734,Karkaraly,-0.01732233166694641,0,"{""type"":""Point"",""coordinates"":[75.37499289837186,49.17245155696075]}"
2_408,0.2268500030040741,0.24549999833106995,0.16359999775886536,0.1728000044822693,0.0689999982714653,0.07880000025033951,0.18095000088214874,0.20479999482631683,0.050355545470079414,0.08474573729513221,Karkaraly,0.03439019247889519,0,"{""type"":""Point"",""coordinates"":[75.43412270233236,49.226250883255226]}"
2_411,0.2554500102996826,0.2806999981403351,0.1967500001192093,0.21529999375343323,0.08184999972581863,0.0908999964594841,0.20675000548362732,0.21660000085830688,0.024783160410314822,0.003009972496161545,Karkaraly,-0.021773187443614006,0,"{""type"":""Point"",""coordinates"":[75.45487525642477,49.23868268758935]}"
2_428,0.30169999599456787,0.31709998846054077,0.23225000500679016,0.24445000290870667,0.11230000108480453,0.12389999628067017,0.2395000010728836,0.2646999955177307,0.015368300948933097,0.03977215490839247,Karkaraly,0.024403853341937065,0,"{""type"":""Point"",""coordinates"":[75.37930901078097,49.235780113768]}"
2_440,0.24770000576972961,0.27309998869895935,0.1959500014781952,0.21089999377727509,0.10114999860525131,0.12439999729394913,0.1995999962091446,0.21719999611377716,0.009227644424952112,0.014716193611930174,Karkaraly,0.00548854935914278,0,"{""type"":""Point"",""coordinates"":[75.45799236926445,49.2347985381993]}"
2_448,0.2998499870300293,0.22280000150203705,0.2713499963283539,0.2138500064611435,0.10830000042915344,0.08555000275373459,0.15125000476837158,0.11429999768733978,-0.2841930696836264,-0.30336738538866126,Karkaraly,-0.01917431503534317,0,"{""type"":""Point"",""coordinates"":[75.44491577526391,49.2036289767299]}"
2_449,0.25270000100135803,0.2671000063419342,0.19144999980926514,0.20499999821186066,0.09440000355243683,0.09910000115633011,0.20315000414848328,0.2160000056028366,0.029650289462417014,0.026128283352267127,Karkaraly,-0.003522006096318364,0,"{""type"":""Point"",""coordinates"":[75.43124764002046,49.232118395820216]}"
2_455,0.3005000054836273,0.3077000081539154,0.24719999730587006,0.25220000743865967,0.11349999904632568,0.121799997985363,0.18469999730587006,0.20319999754428864,-0.14470942528300992,-0.10759773684281307,Karkaraly,0.037111688405275345,0,"{""type"":""Point"",""coordinates"":[75.33273219558511,49.17666489954816]}"
2_462,0.22554999589920044,0.25540000200271606,0.16535000503063202,0.19269999861717224,0.0786999985575676,0.09549999982118607,0.19689999520778656,0.21230000257492065,0.08709452079058548,0.04839507135816541,Karkaraly,-0.038699448108673096,0,"{""type"":""Point"",""coordinates"":[75.30814750899204,49.23064578465676]}"
2_465,0.3034000098705292,0.3070000112056732,0.23025000095367432,0.2328999936580658,0.11050000041723251,0.1080000028014183,0.18700000643730164,0.20829999446868896,-0.10365486818516967,-0.05575702595510806,Karkaraly,0.04789784178137779,0,"{""type"":""Point"",""coordinates"":[75.31094466643655,49.18879859815587]}"
2_483,0.30820000171661377,0.32010000944137573,0.25200000405311584,0.2558000087738037,0.10580000281333923,0.11100000143051147,0.17694999277591705,0.19539999961853027,-0.17496214438045926,-0.13386526602799517,Karkaraly,0.04109687730669975,0,"{""type"":""Point"",""coordinates"":[75.31813328010425,49.177248129246536]}"
2_502,0.3246000111103058,0.2946999967098236,0.28380000591278076,0.24379999935626984,0.2696000039577484,0.23100000619888306,0.31769999861717224,0.287200003862381,0.056359089690918455,0.0817325880283286,Karkaraly,0.02537349797785282,0,"{""type"":""Point"",""coordinates"":[75.370830955443,49.17016867444689]}"
2_510,0.19014999270439148,0.2134000062942505,0.13455000519752502,0.15530000627040863,0.08084999769926071,0.08630000054836273,0.1863500028848648,0.20100000500679016,0.16142099215541414,0.12826269236580873,Karkaraly,-0.03315829858183861,0,"{""type"":""Point"",""coordinates"":[75.44884344510602,49.23824290711026]}"
2_516,0.257099986076355,0.2843500077724457,0.20340000092983246,0.21870000660419464,0.11330000311136246,0.10660000145435333,0.24490000307559967,0.26315000653266907,0.09257194239343426,0.09224862242734637,Karkaraly,-3.2331995316781104E-4,0,"{""type"":""Point"",""coordinates"":[75.3825798902472,49.237328624488605]}"
2_538,0.24500000476837158,0.25244998931884766,0.1777999997138977,0.1813499927520752,0.07569999992847443,0.08370000123977661,0.20145000517368317,0.21565000712871552,0.06235993448911335,0.08639802112579287,Karkaraly,0.024038085713982582,0,"{""type"":""Point"",""coordinates"":[75.3158442984594,49.232021968439085]}"
2_578,0.1619500070810318,0.17759999632835388,0.0856499969959259,0.09520000219345093,0.03970000147819519,0.03319999948143959,0.3072499930858612,0.3441999852657318,0.5640112030641855,0.5666818165201046,Karkaraly,0.0026706133503466845,0,"{""type"":""Point"",""coordinates"":[75.40138438036988,49.23988993734865]}"
2_594,0.3041999936103821,0.3095000088214874,0.24940000474452972,0.251800000667572,0.10890000313520432,0.1096000000834465,0.178849995136261,0.19900000095367432,-0.16474024431502,-0.11712510985805025,Karkaraly,0.047615133225917816,0,"{""type"":""Point"",""coordinates"":[75.33357332031531,49.17672601635217]}"
2_604,0.20374999940395355,0.23229999840259552,0.13985000550746918,0.15700000524520874,0.07810000330209732,0.08560000360012054,0.188400000333786,0.20029999315738678,0.14790554139333686,0.12118664457252205,Karkaraly,-0.026718897745013237,0,"{""type"":""Point"",""coordinates"":[75.44161458619827,49.232655838039186]}"
2_616,0.288100004196167,0.3079499900341034,0.23395000398159027,0.249099999666214,0.11990000307559967,0.12770000100135803,0.22050000727176666,0.2389499992132187,-0.029596207232406038,-0.020797050458559153,Karkaraly,0.008799157105386257,0,"{""type"":""Point"",""coordinates"":[75.37897804861757,49.23898367684594]}"
2_621,0.2845500111579895,0.296099990606308,0.2186499983072281,0.23929999768733978,0.10305000096559525,0.11680000275373459,0.22294999659061432,0.22859999537467957,0.009737315065823248,-0.022868139498437544,Karkaraly,-0.032605454325675964,0,"{""type"":""Point"",""coordinates"":[75.45798515811344,49.23797591846981]}"
2_626,0.3063499927520752,0.325300008058548,0.24799999594688416,0.2572999894618988,0.13940000534057617,0.13979999721050262,0.2389499992132187,0.2515000104904175,-0.01858506381274312,-0.011399329740614948,Karkaraly,0.007185733877122402,0,"{""type"":""Point"",""coordinates"":[75.40875111566108,49.238450520149385]}"
2_627,0.20430000126361847,0.2206999957561493,0.13854999840259552,0.14990000426769257,0.0632999986410141,0.060100000351667404,0.2092999964952469,0.22949999570846558,0.20339226428170404,0.20980493264569094,Karkaraly,0.006412668153643608,0,"{""type"":""Point"",""coordinates"":[75.4152962751181,49.23421411005691]}"
2_644,0.3095499873161316,0.3219499886035919,0.2524000108242035,0.2599000036716461,0.12210000306367874,0.12939999997615814,0.19949999451637268,0.21985000371932983,-0.11706133145088704,-0.08348097829142341,Karkaraly,0.03358035162091255,0,"{""type"":""Point"",""coordinates"":[75.31290942880098,49.17049393872385]}"
2_646,0.32179999351501465,0.328900009393692,0.2552500069141388,0.26089999079704285,0.12759999930858612,0.13199999928474426,0.20444999635219574,0.22869999706745148,-0.11050687448551368,-0.06576796267916432,Karkaraly,0.04473891109228134,0,"{""type"":""Point"",""coordinates"":[75.31681062710216,49.17046084892494]}"
2_654,0.2313999980688095,0.2531000077724457,0.16744999587535858,0.19760000705718994,0.0997999981045723,0.08060000091791153,0.24345000088214874,0.25290000438690186,0.18495985788883218,0.12275248817962524,Karkaraly,-0.06220737099647522,0,"{""type"":""Point"",""coordinates"":[75.45400178460288,49.227655520337386]}"
2_663,0.2198999971151352,0.24070000648498535,0.15230000019073486,0.16830000281333923,0.08879999816417694,0.08669999986886978,0.21584999561309814,0.22910000383853912,0.1726198455702974,0.15299446403497566,Karkaraly,-0.019625380635261536,0,"{""type"":""Point"",""coordinates"":[75.39043650663903,49.23624210752666]}"
2_665,0.1724500060081482,0.2012999951839447,0.1091499999165535,0.12890000641345978,0.051350001245737076,0.05660000070929527,0.20645000040531158,0.2475000023841858,0.3083016488895011,0.3150903113673569,Karkaraly,0.006788662634789944,0,"{""type"":""Point"",""coordinates"":[75.43947311906965,49.23794750580258]}"
2_695,0.2703000009059906,0.2827000021934509,0.20055000483989716,0.21899999678134918,0.09634999930858612,0.09860000014305115,0.2037999927997589,0.22509999573230743,0.008037561466138654,0.013735642994343598,Karkaraly,0.005698081571608782,0,"{""type"":""Point"",""coordinates"":[75.3559845968838,49.23824050161193]}"
2_698,0.3512499928474426,0.35269999504089355,0.29205000400543213,0.2987000048160553,0.1460999995470047,0.1477999985218048,0.24869999289512634,0.25110000371932983,-0.08016645651183917,-0.08657693771873037,Karkaraly,-0.006410481408238411,0,"{""type"":""Point"",""coordinates"":[75.4140650529195,49.23273225856837]}"
2_699,0.3000999987125397,0.3151000142097473,0.2386000007390976,0.2591499984264374,0.11999999731779099,0.12540000677108765,0.21085000038146973,0.21975000202655792,-0.06174212991087252,-0.0822718654470885,Karkaraly,-0.02052973583340645,0,"{""type"":""Point"",""coordinates"":[75.3882882178673,49.238164951846805]}"
2_708,0.2828499972820282,0.2971999943256378,0.22179999947547913,0.22699999809265137,0.12319999933242798,0.12219999730587006,0.21854999661445618,0.23280000686645508,-0.007380499352517723,0.012614199024029046,Karkaraly,0.019994698464870453,0,"{""type"":""Point"",""coordinates"":[75.45645975081514,49.23351174155466]}"
2_730,0.3443000018596649,0.37904998660087585,0.2962000072002411,0.3265500068664551,0.17550000548362732,0.18860000371932983,0.2685000002384186,0.297650009393692,-0.04905260598005466,-0.04629925780187491,Karkaraly,0.0027533480897545815,0,"{""type"":""Point"",""coordinates"":[75.38531924085676,49.239901412995884]}"
2_735,0.29144999384880066,0.30169999599456787,0.21789999306201935,0.22619999945163727,0.09835000336170197,0.10050000250339508,0.16910000145435333,0.1923999935388565,-0.12609817131561082,-0.08074535709213054,Karkaraly,0.045352812856435776,0,"{""type"":""Point"",""coordinates"":[75.37662752172217,49.17634344236585]}"
2_738,0.18080000579357147,0.1996999979019165,0.11410000175237656,0.11599999666213989,0.04439999908208847,0.03150000050663948,0.25429999828338623,0.28369998931884766,0.3805645942383269,0.41956466984886187,Karkaraly,0.039000075310468674,0,"{""type"":""Point"",""coordinates"":[75.39532252397387,49.2379548331726]}"
2_739,0.17775000631809235,0.1899999976158142,0.11550000309944153,0.12729999423027039,0.06565000116825104,0.07415000349283218,0.19769999384880066,0.20045000314712524,0.2624520803010834,0.22318843478929007,Karkaraly,-0.03926364704966545,0,"{""type"":""Point"",""coordinates"":[75.31543369502306,49.23035785458495]}"
2_748,0.19439999759197235,0.2037999927997589,0.12404999881982803,0.13210000097751617,0.05534999817609787,0.06560000032186508,0.1899999976158142,0.21279999613761902,0.2099984064464118,0.2339808519428993,Karkaraly,0.023982444778084755,0,"{""type"":""Point"",""coordinates"":[75.35551316835371,49.22510892813648]}"
2_750,0.32464998960494995,0.3203999996185303,0.23430000245571136,0.22540000081062317,0.11649999767541885,0.12200000137090683,0.21369999647140503,0.22390000522136688,-0.045982156325088924,-0.00333851673518448,Karkaraly,0.04264364019036293,0,"{""type"":""Point"",""coordinates"":[75.32882208580344,49.17065527041616]}"
2_761,0.29045000672340393,0.29980000853538513,0.21275000274181366,0.2168000042438507,0.09709999710321426,0.1006999984383583,0.16095000505447388,0.18129999935626984,-0.13861385230577022,-0.08917358594962374,Karkaraly,0.04944026470184326,0,"{""type"":""Point"",""coordinates"":[75.3830899335409,49.179657810869834]}"
2_764,0.2934499979019165,0.3075999915599823,0.23154999315738678,0.2386000007390976,0.10970000177621841,0.12380000203847885,0.17479999363422394,0.1956000030040741,-0.13965793372171575,-0.0990326977529413,Karkaraly,0.04062523692846298,0,"{""type"":""Point"",""coordinates"":[75.37150498570375,49.176679521952224]}"
2_766,0.2766999900341034,0.2912999987602234,0.21664999425411224,0.2354000061750412,0.12210000306367874,0.11699999868869781,0.21899999678134918,0.22910000383853912,0.005394244406275337,-0.013562975674247855,Karkaraly,-0.018957220017910004,0,"{""type"":""Point"",""coordinates"":[75.41607194358139,49.23334955575245]}"
2_769,0.2533000111579895,0.26510000228881836,0.1911499947309494,0.20149999856948853,0.08569999784231186,0.09070000052452087,0.21060000360012054,0.22280000150203705,0.0484132145612182,0.05020033685825575,Karkaraly,0.0017871223390102386,0,"{""type"":""Point"",""coordinates"":[75.3384273324892,49.23604459791587]}"
2_777,0.2912999987602234,0.33880001306533813,0.22769999504089355,0.2721000015735626,0.18700000643730164,0.21459999680519104,0.2694000005722046,0.30219998955726624,0.08388655381072846,0.052411611437491144,Karkaraly,-0.031474944204092026,0,"{""type"":""Point"",""coordinates"":[75.37853628610318,49.17296299894364]}"
2_780,0.2886500060558319,0.2987000048160553,0.212349995970726,0.21709999442100525,0.09350000321865082,0.0957999974489212,0.16850000619888306,0.18940000236034393,-0.11513716560861315,-0.06814266243539668,Karkaraly,0.04699450358748436,0,"{""type"":""Point"",""coordinates"":[75.38275417671166,49.1813690016338]}"
2_782,0.3086499869823456,0.319599986076355,0.24410000443458557,0.26080000400543213,0.12759999930858612,0.1257999986410141,0.2446500062942505,0.2572999894618988,0.0011253234733330044,-0.00675548077140445,Karkaraly,-0.007880804128944874,0,"{""type"":""Point"",""coordinates"":[75.35895796372056,49.24001613716761]}"
2_784,0.15489999949932098,0.16660000383853912,0.07180000096559525,0.07699999958276749,0.041600000113248825,0.02879999950528145,0.3075999915599823,0.38199999928474426,0.6215076311012062,0.6644880184193935,Karkaraly,0.042980387806892395,0,"{""type"":""Point"",""coordinates"":[75.44725543721951,49.234107307944065]}"
2_800,0.2513499855995178,0.28139999508857727,0.19044999778270721,0.21469999849796295,0.08569999784231186,0.10140000283718109,0.2033499926328659,0.2190999984741211,0.03275773276821429,0.010142923021830477,Karkaraly,-0.02261481061577797,0,"{""type"":""Point"",""coordinates"":[75.41421800645212,49.23565201887113]}"
2_812,0.3093000054359436,0.32170000672340393,0.2476000040769577,0.26460000872612,0.13120000064373016,0.14180000126361847,0.22540000081062317,0.23829999566078186,-0.04693446730853812,-0.05229670478408754,Karkaraly,-0.005362237337976694,0,"{""type"":""Point"",""coordinates"":[75.39983131266362,49.239619696484915]}"
2_828,0.27204999327659607,0.29109999537467957,0.20794999599456787,0.21400000154972076,0.07609999924898148,0.08389999717473984,0.22224999964237213,0.24860000610351562,0.03324036214047874,0.07479464760348842,Karkaraly,0.0415542870759964,0,"{""type"":""Point"",""coordinates"":[75.3787643795264,49.23390402464941]}"
2_831,0.15610000491142273,0.1859000027179718,0.09220000356435776,0.11469999700784683,0.035599999129772186,0.03629999980330467,0.19634999334812164,0.22100000083446503,0.36094261271246453,0.3166517858500268,Karkaraly,-0.044290825724601746,0,"{""type"":""Point"",""coordinates"":[75.40676964540016,49.22617151644659]}"
2_836,0.1339000016450882,0.15629999339580536,0.07985000312328339,0.09570000320672989,0.05350000038743019,0.05999999865889549,0.1628500074148178,0.20340000092983246,0.34198599376865024,0.3600802281297501,Karkaraly,0.01809423416852951,0,"{""type"":""Point"",""coordinates"":[75.30861658590413,49.23880054333607]}"
2_847,0.3070499897003174,0.32214999198913574,0.25995001196861267,0.2624000012874603,0.13429999351501465,0.1362999975681305,0.21359999477863312,0.22955000400543213,-0.09787776692973119,-0.06677507252483976,Karkaraly,0.03110269457101822,0,"{""type"":""Point"",""coordinates"":[75.38787400674903,49.239190705988314]}"
2_864,0.2533999979496002,0.2646999955177307,0.18520000576972961,0.19449999928474426,0.0868000015616417,0.09350000321865082,0.15514999628067017,0.17800000309944153,-0.08829149201711942,-0.044295291489112834,Karkaraly,0.04399619996547699,0,"{""type"":""Point"",""coordinates"":[75.3806418676609,49.174380117343134]}"
2_873,0.2651999890804291,0.274399995803833,0.2037000060081482,0.2069000005722046,0.10095000267028809,0.09880000352859497,0.20600000023841858,0.20909999310970306,0.0056138496343741745,0.00528844368007536,Karkaraly,-3.2540594111196697E-4,0,"{""type"":""Point"",""coordinates"":[75.45202257292237,49.22590228065449]}"
2_879,0.11050000041723251,0.13670000433921814,0.060499999672174454,0.08380000293254852,0.02810000069439411,0.03799999877810478,0.1537500023841858,0.17000000178813934,0.43523921501518187,0.3396374990239094,Karkaraly,-0.09560171514749527,0,"{""type"":""Point"",""coordinates"":[75.31970050641257,49.23654867122941]}"
2_883,0.17579999566078186,0.1949000060558319,0.11490000039339066,0.13314999639987946,0.05380000174045563,0.0632999986410141,0.18915000557899475,0.1960500031709671,0.24420326830168743,0.19106927962662723,Karkaraly,-0.05313398689031601,0,"{""type"":""Point"",""coordinates"":[75.31456135811904,49.233629394377225]}"
2_906,0.1858000010251999,0.22040000557899475,0.1287499964237213,0.16329999268054962,0.06395000219345093,0.07909999787807465,0.18404999375343323,0.20900000631809235,0.17679027834493447,0.1227505070117108,Karkaraly,-0.05403977259993553,0,"{""type"":""Point"",""coordinates"":[75.45061405028159,49.23889029637592]}"
2_908,0.11945000290870667,0.1408499926328659,0.0710500031709671,0.08749999850988388,0.033649999648332596,0.043150000274181366,0.16290000081062317,0.17499999701976776,0.39260524076282477,0.3333333333333333,Karkaraly,-0.059271905571222305,0,"{""type"":""Point"",""coordinates"":[75.30443026382224,49.239543803050665]}"
2_915,0.35295000672340393,0.3571000099182129,0.2849000096321106,0.2953000068664551,0.14710000157356262,0.149399995803833,0.2235500067472458,0.23199999332427979,-0.12066083372704889,-0.12004554052584568,Karkaraly,6.152932182885706E-4,0,"{""type"":""Point"",""coordinates"":[75.38399454392321,49.23330873656321]}"
2_922,0.3167499899864197,0.31949999928474426,0.25975000858306885,0.26089999079704285,0.11749999970197678,0.11879999935626984,0.1915999948978424,0.21080000698566437,-0.15099149919051386,-0.10621154133322146,Karkaraly,0.044779956340789795,0,"{""type"":""Point"",""coordinates"":[75.32205786437042,49.17444064071842]}"
2_924,0.24889999628067017,0.1776999980211258,0.24824999272823334,0.1898999959230423,0.08344999700784683,0.06040000170469284,0.12030000239610672,0.0812000036239624,-0.3471713255319928,-0.4009590279627903,Karkaraly,-0.053787700831890106,0,"{""type"":""Point"",""coordinates"":[75.45945086074595,49.209812650357854]}"
2_928,0.3080500066280365,0.3203999996185303,0.2402999997138977,0.24770000576972961,0.10215000063180923,0.11209999769926071,0.17569999396800995,0.19795000553131104,-0.15528847770916995,-0.11163468860502732,Karkaraly,0.04365378990769386,0,"{""type"":""Point"",""coordinates"":[75.32899109186285,49.17411338548335]}"
2_935,0.29649999737739563,0.3091999888420105,0.22200000286102295,0.2305999994277954,0.1136000007390976,0.11739999800920486,0.18424999713897705,0.20810000598430634,-0.09292309100811298,-0.05128788047849065,Karkaraly,0.04163521155714989,0,"{""type"":""Point"",""coordinates"":[75.34707814743074,49.17141628118026]}"
2_954,0.18610000610351562,0.2143000066280365,0.12549999356269836,0.14800000190734863,0.05195000022649765,0.056299999356269836,0.17149999737739563,0.18979999423027039,0.1548821724508929,0.12374183777637618,Karkaraly,-0.031140334904193878,0,"{""type"":""Point"",""coordinates"":[75.41500657559358,49.23720435880727]}"
2_966,0.31869998574256897,0.32589998841285706,0.2642500102519989,0.267300009727478,0.12070000171661377,0.12680000066757202,0.1979999989271164,0.2143000066280365,-0.14332073555289335,-0.1100498365853817,Karkaraly,0.03327089920639992,0,"{""type"":""Point"",""coordinates"":[75.32028590788099,49.17429065459001]}"
2_971,0.19235000014305115,0.2134000062942505,0.12995000183582306,0.14569999277591705,0.06340000033378601,0.06629999727010727,0.18039999902248383,0.20270000398159027,0.16255839228978824,0.16360508535063578,Karkaraly,0.0010466930689290166,0,"{""type"":""Point"",""coordinates"":[75.44854822247481,49.23832200784931]}"
2_976,0.3366999924182892,0.35440000891685486,0.27709999680519104,0.2906999886035919,0.11490000039339066,0.11879999935626984,0.23194999992847443,0.24535000324249268,-0.08869462168043006,-0.08460029111262543,Karkaraly,0.004094330593943596,0,"{""type"":""Point"",""coordinates"":[75.38243225612757,49.23597356757711]}"
2_984,0.19664999842643738,0.2282000035047531,0.13920000195503235,0.1607999950647354,0.07880000025033951,0.09719999879598618,0.18160000443458557,0.2011999934911728,0.1321695811566088,0.11160220912603122,Karkaraly,-0.02056737244129181,0,"{""type"":""Point"",""coordinates"":[75.31134060401554,49.233532163522554]}"
2_986,0.14695000648498535,0.17579999566078186,0.09404999762773514,0.11365000158548355,0.041600000113248825,0.05270000174641609,0.1785999983549118,0.1949000060558319,0.31010453685302064,0.26332847985147423,Karkaraly,-0.04677605628967285,0,"{""type"":""Point"",""coordinates"":[75.30766758925316,49.23507896097822]}"
2_996,0.30820000171661377,0.3086000084877014,0.2467000037431717,0.24799999594688416,0.11460000276565552,0.1111999973654747,0.20155000686645508,0.22210000455379486,-0.10072503247754962,-0.05509464234312819,Karkaraly,0.04563039168715477,0,"{""type"":""Point"",""coordinates"":[75.34569138991806,49.21516243912169]}"
2_1000,0.19955000281333923,0.22360000014305115,0.1363999992609024,0.16380000114440918,0.06390000134706497,0.07259999960660934,0.19245000183582306,0.20340000092983246,0.1704424582271311,0.10784313606135772,Karkaraly,-0.06259932368993759,0,"{""type"":""Point"",""coordinates"":[75.40146674178641,49.23510320740929]}"
2_1002,0.21490000188350677,0.2320999950170517,0.1453000009059906,0.14959999918937683,0.07045000046491623,0.07349999994039536,0.20739999413490295,0.2249000072479248,0.1760702979928089,0.20106810884969803,Karkaraly,0.024997811764478683,0,"{""type"":""Point"",""coordinates"":[75.44176205165483,49.23198627003638]}"
2_1008,0.30764999985694885,0.3212999999523163,0.25404998660087585,0.2597000002861023,0.12060000002384186,0.12720000743865967,0.18735000491142273,0.20839999616146088,-0.1511100656366793,-0.10959197717145908,Karkaraly,0.041518088430166245,0,"{""type"":""Point"",""coordinates"":[75.31896962974633,49.177715840879834]}"
2_1011,0.23350000381469727,0.24629999697208405,0.17024999856948853,0.18129999935626984,0.07154999673366547,0.07829999923706055,0.19265000522136688,0.21570000052452087,0.061725010796053366,0.08664987702413227,Karkaraly,0.0249248668551445,0,"{""type"":""Point"",""coordinates"":[75.44548164348564,49.23368035137292]}"
2_1014,0.2831000089645386,0.30079999566078186,0.21324999630451202,0.2280000001192093,0.10830000042915344,0.10220000147819519,0.26260000467300415,0.28769999742507935,0.10370916941707416,0.11576497496636692,Karkaraly,0.012055805884301662,0,"{""type"":""Point"",""coordinates"":[75.40745901342696,49.23521872172858]}"
2_1015,0.24414999783039093,0.25699999928474426,0.16895000636577606,0.18410000205039978,0.08214999735355377,0.08380000293254852,0.23569999635219574,0.25130000710487366,0.16495734471288834,0.15434084437630052,Karkaraly,-0.010616499930620193,0,"{""type"":""Point"",""coordinates"":[75.40738894155953,49.22785154990669]}"
2_1039,0.18455000221729279,0.20029999315738678,0.11259999871253967,0.1225999966263771,0.05000000074505806,0.05400000140070915,0.188400000333786,0.21870000660419464,0.2518272487089951,0.28157049243534676,Karkaraly,0.029743243008852005,0,"{""type"":""Point"",""coordinates"":[75.44508908972718,49.23154403285234]}"
2_1041,0.13819999992847443,0.16439999639987946,0.08515000343322754,0.11209999769926071,0.034449998289346695,0.051100000739097595,0.16050000488758087,0.17900000512599945,0.3067372232935138,0.2298179552643189,Karkaraly,-0.07691926509141922,0,"{""type"":""Point"",""coordinates"":[75.31698220191883,49.23540491483119]}"
2_1048,0.2797499895095825,0.29429998993873596,0.22519999742507935,0.23229999840259552,0.11500000208616257,0.11840000003576279,0.21299999952316284,0.24140000343322754,-0.02784116382218392,0.019210481307504697,Karkaraly,0.04705164581537247,0,"{""type"":""Point"",""coordinates"":[75.3855023121478,49.23240862994077]}"
2_1055,0.15950000286102295,0.18655000627040863,0.10244999825954437,0.12219999730587006,0.05310000106692314,0.05079999938607216,0.1821500062942505,0.20024999976158142,0.280042188192029,0.24205304129490976,Karkaraly,-0.03798914700746536,0,"{""type"":""Point"",""coordinates"":[75.39117566051809,49.23737743819653]}"
2_1056,0.2689000070095062,0.2939999997615814,0.21369999647140503,0.23280000686645508,0.10170000046491623,0.1151999980211258,0.20264999568462372,0.21809999644756317,-0.02654017291932668,-0.032601486606453726,Karkaraly,-0.006061313673853874,0,"{""type"":""Point"",""coordinates"":[75.45301943740326,49.23750374913201]}"
2_1062,0.2547999918460846,0.266400009393692,0.18964999914169312,0.20270000398159027,0.0961500033736229,0.10400000214576721,0.19265000522136688,0.21480000019073486,0.007847256200459632,0.02898202655861594,Karkaraly,0.021134769544005394,0,"{""type"":""Point"",""coordinates"":[75.45559446594943,49.22340665641701]}"
2_1064,0.2759000062942505,0.2825999855995178,0.2065500020980835,0.21379999816417694,0.09019999951124191,0.09629999846220016,0.15620000660419464,0.17839999496936798,-0.1388008112639713,-0.09026008111824516,Karkaraly,0.04854073002934456,0,"{""type"":""Point"",""coordinates"":[75.459398816725,49.19583740919314]}"
2_1068,0.25999999046325684,0.2651999890804291,0.19189999997615814,0.19539999961853027,0.08569999784231186,0.09189999848604202,0.18119999766349792,0.20190000534057617,-0.02867864481466546,0.01636044712034407,Karkaraly,0.045039091259241104,0,"{""type"":""Point"",""coordinates"":[75.3105180621768,49.22819891545761]}"
2_1071,0.1732500046491623,0.218299999833107,0.12974999845027924,0.1501999944448471,0.04715000092983246,0.05829999968409538,0.18240000307559967,0.20800000429153442,0.16866892317139864,0.1613623954511106,Karkaraly,-0.007306527812033892,0,"{""type"":""Point"",""coordinates"":[75.45259785026933,49.22735375415081]}"
2_1085,0.1987999975681305,0.21185000240802765,0.13439999520778656,0.14284999668598175,0.05640000104904175,0.06499999761581421,0.19619999825954437,0.21275000274181366,0.1869328622895594,0.1965691961988462,Karkaraly,0.009636334143579006,0,"{""type"":""Point"",""coordinates"":[75.30301953150386,49.23584848632529]}"
2_1086,0.2292499989271164,0.2387000024318695,0.16455000638961792,0.17010000348091125,0.08429999649524689,0.0877000018954277,0.19439999759197235,0.20589999854564667,0.0831591889434423,0.09521275231856717,Karkaraly,0.012053563259541988,0,"{""type"":""Point"",""coordinates"":[75.41586588728252,49.23701690874328]}"
2_1097,0.3010999858379364,0.3124000132083893,0.24764999747276306,0.2535000145435333,0.11129999905824661,0.11599999666213989,0.1776999980211258,0.19820000231266022,-0.16445280402651904,-0.12242641170518002,Karkaraly,0.04202639311552048,0,"{""type"":""Point"",""coordinates"":[75.32612112502538,49.17546232908725]}"
2_1109,0.20489999651908875,0.23549999296665192,0.14169999957084656,0.1703999936580658,0.07524999976158142,0.08510000258684158,0.19269999861717224,0.20630000531673431,0.15251195969699308,0.0953013319786871,Karkaraly,-0.05721062794327736,0,"{""type"":""Point"",""coordinates"":[75.4431501837593,49.23631499418587]}"
2_1131,0.22374999523162842,0.23229999840259552,0.1437000036239624,0.1492999941110611,0.06800000369548798,0.05939999967813492,0.2231999933719635,0.24279999732971191,0.21668026819003727,0.23845959005274311,Karkaraly,0.021779321134090424,0,"{""type"":""Point"",""coordinates"":[75.39839856447027,49.23782285165078]}"
2_1133,0.31619998812675476,0.2768000066280365,0.22095000743865967,0.19030000269412994,0.0961500033736229,0.08320000022649765,0.2054000049829483,0.19439999759197235,-0.036472386543135164,0.010657642045212455,Karkaraly,0.047130029648542404,0,"{""type"":""Point"",""coordinates"":[75.45335739617764,49.179294216855475]}"
2_1145,0.3156000077724457,0.3264999985694885,0.2583500146865845,0.26809999346733093,0.12489999830722809,0.13359999656677246,0.19740000367164612,0.21539999544620514,-0.13373561944001977,-0.1089968960279544,Karkaraly,0.024738723412156105,0,"{""type"":""Point"",""coordinates"":[75.3195930712455,49.17272263983367]}"
2_1146,0.31025001406669617,0.26684999465942383,0.25404998660087585,0.21144999563694,0.21439999341964722,0.1800999939441681,0.3059999942779541,0.26205000281333923,0.09275959191277597,0.1068637958648538,Karkaraly,0.014104204252362251,0,"{""type"":""Point"",""coordinates"":[75.44881725156122,49.19948440654806]}"
2_1147,0.23240000009536743,0.25690001249313354,0.15895000100135803,0.18289999663829803,0.07400000095367432,0.07410000264644623,0.20430000126361847,0.21780000627040863,0.12484514791325288,0.08709760264229903,Karkaraly,-0.037747547030448914,0,"{""type"":""Point"",""coordinates"":[75.40058310852575,49.22645646228379]}"
2_1154,0.33355000615119934,0.34869998693466187,0.2676999866962433,0.27489998936653137,0.14499999582767487,0.14820000529289246,0.2511500120162964,0.25619998574256897,-0.03189741682762563,-0.035209950104254824,Karkaraly,-0.0033125332556664944,0,"{""type"":""Point"",""coordinates"":[75.38281164974015,49.234696841770905]}"
2_1158,0.31940001249313354,0.3276999890804291,0.26269999146461487,0.27219998836517334,0.13760000467300415,0.14159999787807465,0.20995000004768372,0.22859999537467957,-0.11160476539553385,-0.08706069170549806,Karkaraly,0.02454407326877117,0,"{""type"":""Point"",""coordinates"":[75.32062474540963,49.17195929740781]}"
2_1162,0.27515000104904175,0.2782000005245209,0.22374999523162842,0.22220000624656677,0.11289999634027481,0.10939999669790268,0.19509999454021454,0.21209999918937683,-0.06840157906418998,-0.02325582991197919,Karkaraly,0.04514575004577637,0,"{""type"":""Point"",""coordinates"":[75.35255769185709,49.21845672989803]}"
2_1172,0.34255000948905945,0.35989999771118164,0.28630000352859497,0.2946000099182129,0.18449999392032623,0.20100000500679016,0.2587999999523163,0.26350000500679016,-0.05044946505351051,-0.05572478781532002,Karkaraly,-0.005275322590023279,0,"{""type"":""Point"",""coordinates"":[75.412612985904,49.236544680958104]}"
2_1175,0.31610000133514404,0.3310999870300293,0.2591499984264374,0.26969999074935913,0.20749999582767487,0.21279999613761902,0.27300000190734863,0.28929999470710754,0.026026502813537484,0.03506261979907476,Karkaraly,0.009036117233335972,0,"{""type"":""Point"",""coordinates"":[75.37732217726263,49.171686341633986]}"
2_1180,0.20990000665187836,0.22750000655651093,0.14509999752044678,0.15835000574588776,0.07259999960660934,0.07289999723434448,0.19470000267028809,0.20704999566078186,0.14596823167157175,0.13327857068258125,Karkaraly,-0.012689661234617233,0,"{""type"":""Point"",""coordinates"":[75.39347673077711,49.23385162490168]}"
2_1186,0.20350000262260437,0.226500004529953,0.1445000022649765,0.16449999809265137,0.08550000190734863,0.0913499966263771,0.18299999833106995,0.20184999704360962,0.11755723968251564,0.10195168403664429,Karkaraly,-0.015605555847287178,0,"{""type"":""Point"",""coordinates"":[75.30770205628411,49.23173457173921]}"
2_1193,0.28964999318122864,0.30550000071525574,0.22259999811649323,0.23010000586509705,0.1185000017285347,0.13199999928474426,0.1847500056028366,0.2102999985218048,-0.09291761916795224,-0.04495914429169138,Karkaraly,0.04795847460627556,0,"{""type"":""Point"",""coordinates"":[75.37973218886643,49.17158668384761]}"
2_1195,0.2766999900341034,0.2912999987602234,0.21664999425411224,0.2354000061750412,0.12210000306367874,0.11699999868869781,0.21899999678134918,0.22910000383853912,0.005394244406275337,-0.013562975674247855,Karkaraly,-0.018957220017910004,0,"{""type"":""Point"",""coordinates"":[75.41598501897589,49.23332621732195]}"
2_1199,0.2791000008583069,0.29919999837875366,0.2150000035762787,0.2349500060081482,0.08465000241994858,0.09459999948740005,0.20264999568462372,0.21960000693798065,-0.029570233241973557,-0.03376965929596564,Karkaraly,-0.004199426155537367,0,"{""type"":""Point"",""coordinates"":[75.42310573953485,49.23941494494747]}"
2_1205,0.13359999656677246,0.15189999341964722,0.07455000281333923,0.08290000259876251,0.03460000082850456,0.03680000081658363,0.20180000364780426,0.22630000114440918,0.4604667916023992,0.46377747997945645,Karkaraly,0.003310688305646181,0,"{""type"":""Point"",""coordinates"":[75.40295221966957,49.236480266639546]}"
2_1207,0.17024999856948853,0.19269999861717224,0.11134999990463257,0.12690000236034393,0.05739999935030937,0.06689999997615814,0.17820000648498535,0.20149999856948853,0.23087551409133641,0.2271619853773508,Karkaraly,-0.003713528625667095,0,"{""type"":""Point"",""coordinates"":[75.43575388012721,49.2295601389853]}"
2_1209,0.2524000108242035,0.2687999904155731,0.1965000033378601,0.20880000293254852,0.11259999871253967,0.1151999980211258,0.2430499941110611,0.26269999146461487,0.10590374483760616,0.11431598976152738,Karkaraly,0.008412244729697704,0,"{""type"":""Point"",""coordinates"":[75.43049262481713,49.23004610848844]}"
2_1225,0.2535499930381775,0.27160000801086426,0.19075000286102295,0.21050000190734863,0.10849999636411667,0.12380000203847885,0.20065000653266907,0.22660000622272491,0.025293825840683976,0.03683368569186847,Karkaraly,0.01153985969722271,0,"{""type"":""Point"",""coordinates"":[75.3200462922536,49.2386832553332]}"
2_1230,0.2544499933719635,0.2685000002384186,0.1834000051021576,0.193900004029274,0.10040000081062317,0.09880000352859497,0.18725000321865082,0.21220000088214874,0.010387152381124296,0.04506278412103515,Karkaraly,0.034675631672143936,0,"{""type"":""Point"",""coordinates"":[75.43988801285069,49.236164432675444]}"
2_1239,0.19009999930858612,0.21080000698566437,0.1273999959230423,0.14880000054836273,0.06379999965429306,0.06499999761581421,0.21809999644756317,0.24330000579357147,0.2625180970401592,0.2410099559212942,Karkaraly,-0.021508140489459038,0,"{""type"":""Point"",""coordinates"":[75.43205886865334,49.23636800448961]}"
2_1251,0.3319999873638153,0.33594998717308044,0.250900000333786,0.25940001010894775,0.12160000205039978,0.12999999523162842,0.20440000295639038,0.22519999742507935,-0.10213045693250256,-0.0705736940820559,Karkaraly,0.031556762754917145,0,"{""type"":""Point"",""coordinates"":[75.33260929938015,49.17095898703435]}"
2_1270,0.2134000062942505,0.24815000593662262,0.15045000612735748,0.18000000715255737,0.07419999688863754,0.08784999698400497,0.1960500031709671,0.21619999408721924,0.1316017195380494,0.09136796269910652,Karkaraly,-0.040233757346868515,0,"{""type"":""Point"",""coordinates"":[75.31130399827066,49.235738721670295]}"
2_1273,0.2220499962568283,0.243599995970726,0.1563500016927719,0.179299995303154,0.10085000097751617,0.093299999833107,0.22259999811649323,0.22654999792575836,0.17482516547583207,0.11642233192290301,Karkaraly,-0.058402832597494125,0,"{""type"":""Point"",""coordinates"":[75.39876502890654,49.2296653419807]}"
2_1283,0.21439999341964722,0.21930000185966492,0.14014999568462372,0.14390000700950623,0.07485000044107437,0.07029999792575836,0.1876000016927719,0.21279999613761902,0.14477500042055147,0.19315948561877125,Karkaraly,0.04838448390364647,0,"{""type"":""Point"",""coordinates"":[75.35691164398382,49.2252766861676]}"
2_1299,0.17319999635219574,0.2069000005722046,0.11829999834299088,0.14319999516010284,0.05104999989271164,0.06939999759197235,0.1692499965429306,0.19920000433921814,0.1771865731388829,0.163551428916478,Karkaraly,-0.01363514456897974,0,"{""type"":""Point"",""coordinates"":[75.31321254038177,49.23483548018419]}"
2_1314,0.29554998874664307,0.3091999888420105,0.2292499989271164,0.23559999465942383,0.11500000208616257,0.12319999933242798,0.1733500063419342,0.19670000672340393,-0.1388474710720016,-0.08998377934672179,Karkaraly,0.048863690346479416,0,"{""type"":""Point"",""coordinates"":[75.38445169334769,49.179462635987456]}"
2_1315,0.1867000013589859,0.20550000667572021,0.12319999933242798,0.13214999437332153,0.05485000088810921,0.044849999248981476,0.23160000145435333,0.2572999894618988,0.30552424431100506,0.32135062340002385,Karkaraly,0.015826379880309105,0,"{""type"":""Point"",""coordinates"":[75.39181371845373,49.23561434125902]}"
2_1318,0.23684999346733093,0.2468000054359436,0.1699499934911728,0.18119999766349792,0.0877000018954277,0.09160000085830688,0.21535000205039978,0.22169999778270721,0.11783028571130227,0.10052122257871014,Karkaraly,-0.01730906404554844,0,"{""type"":""Point"",""coordinates"":[75.45569947487066,49.225279066234705]}"
2_1324,0.22509999573230743,0.2395000010728836,0.1656000018119812,0.17900000512599945,0.10154999792575836,0.11159999668598175,0.21080000698566437,0.2240000069141388,0.12008502687889921,0.1116625321183797,Karkaraly,-0.008422494865953922,0,"{""type"":""Point"",""coordinates"":[75.43500805996645,49.23359973058437]}"
2_1329,0.3179500102996826,0.33559998869895935,0.27489998936653137,0.2939000129699707,0.17329999804496765,0.17180000245571136,0.24535000324249268,0.2840000092983246,-0.056799589704647956,-0.017130997214341605,Karkaraly,0.03966859355568886,0,"{""type"":""Point"",""coordinates"":[75.45955374577369,49.17710823443136]}"
2_1330,0.2609499990940094,0.27070000767707825,0.1863500028848648,0.19580000638961792,0.09115000069141388,0.08794999867677689,0.18504999577999115,0.20839999616146088,-0.0035002883940415896,0.03117266128728115,Karkaraly,0.034672949463129044,0,"{""type"":""Point"",""coordinates"":[75.40042054755102,49.227356749541066]}"
2_1332,0.20205000042915344,0.2198999971151352,0.13854999840259552,0.15489999949932098,0.0658000037074089,0.07244999706745148,0.18424999713897705,0.2011999934911728,0.14157372790451586,0.13001964308684444,Karkaraly,-0.011554084718227386,0,"{""type"":""Point"",""coordinates"":[75.3038020218078,49.23011707044451]}"
2_1335,0.2175000011920929,0.22589999437332153,0.13895000517368317,0.14669999480247498,0.06684999912977219,0.065700002014637,0.1854500025510788,0.21330000460147858,0.14334154213969277,0.18500002752575614,Karkaraly,0.04165848717093468,0,"{""type"":""Point"",""coordinates"":[75.35870211877557,49.227122811917624]}"
2_1343,0.2739500105381012,0.27900001406669617,0.20389999449253082,0.2045000046491623,0.1014999970793724,0.09380000084638596,0.22605000436306,0.24449999630451202,0.051517641422226854,0.08908684091400869,Karkaraly,0.03756919875741005,0,"{""type"":""Point"",""coordinates"":[75.4185914403845,49.22941488308139]}"
2_1349,0.2936500012874603,0.29980000853538513,0.24420000612735748,0.24410000443458557,0.11259999871253967,0.1128000020980835,0.20184999704360962,0.22050000727176666,-0.09494453263688347,-0.05079637659960962,Karkaraly,0.04414815455675125,0,"{""type"":""Point"",""coordinates"":[75.34667235897655,49.21533888403976]}"
2_1352,0.15035000443458557,0.1665000021457672,0.09205000102519989,0.10649999976158142,0.038350000977516174,0.04360000044107437,0.18125000596046448,0.19370000064373016,0.32638127572365366,0.29047302053436597,Karkaraly,-0.035908255726099014,0,"{""type"":""Point"",""coordinates"":[75.3160868356528,49.23398135012799]}"
2_1355,0.24044999480247498,0.2667999863624573,0.1712000072002411,0.2037000060081482,0.0674000009894371,0.08449999988079071,0.1968500018119812,0.21449999511241913,0.0696916016401682,0.025824938008924804,Karkaraly,-0.04386666417121887,0,"{""type"":""Point"",""coordinates"":[75.3297143093724,49.23823568875317]}"
2_1378,0.21870000660419464,0.24480000138282776,0.15950000286102295,0.1867000013589859,0.08304999768733978,0.09160000085830688,0.18719999492168427,0.21080000698566437,0.07989614144163384,0.06062894370000286,Karkaraly,-0.01926719769835472,0,"{""type"":""Point"",""coordinates"":[75.44905019336689,49.23857461928826]}"
2_1379,0.2529999911785126,0.27149999141693115,0.18694999814033508,0.20260000228881836,0.08720000088214874,0.09489999711513519,0.20090000331401825,0.2175000011920929,0.03596752641839287,0.03546774287030343,Karkaraly,-4.997835494577885E-4,0,"{""type"":""Point"",""coordinates"":[75.43991369484581,49.230849931976266]}"
2_1390,0.12110000103712082,0.15189999341964722,0.06629999727010727,0.08630000054836273,0.028449999168515205,0.037300001829862595,0.16744999587535858,0.21490000188350677,0.43272727944981915,0.42695883232681237,Karkaraly,-0.005768447183072567,0,"{""type"":""Point"",""coordinates"":[75.323700954157,49.23686546981334]}"
2_1395,0.31755000352859497,0.3273000121116638,0.2395000010728836,0.24490000307559967,0.11129999905824661,0.11640000343322754,0.20385000109672546,0.22939999401569366,-0.08041051043577031,-0.03267975786414049,Karkaraly,0.04773075133562088,0,"{""type"":""Point"",""coordinates"":[75.35174311552696,49.17289829456382]}"
2_1400,0.12309999763965607,0.14970000088214874,0.07355000078678131,0.09130000323057175,0.0357000008225441,0.04580000042915344,0.15884999930858612,0.1770000010728836,0.3670395804079225,0.3194185481465091,Karkaraly,-0.04762103408575058,0,"{""type"":""Point"",""coordinates"":[75.31932674980254,49.23697825038417]}"
2_1442,0.1733500063419342,0.18610000610351562,0.10055000334978104,0.11259999871253967,0.05795000120997429,0.04699999839067459,0.2543500065803528,0.2768999934196472,0.4333615072618596,0.421822844739232,Karkaraly,-0.011538662947714329,0,"{""type"":""Point"",""coordinates"":[75.44342473727636,49.2347049574758]}"
2_1453,0.16380000114440918,0.1858000010251999,0.10464999824762344,0.12325000017881393,0.0697999969124794,0.07214999943971634,0.1764499992132187,0.19185000658035278,0.255425121359516,0.21770867956207424,Karkaraly,-0.03771644085645676,0,"{""type"":""Point"",""coordinates"":[75.30672653732006,49.23346894032398]}"
2_1480,0.291949987411499,0.2937999963760376,0.22450000047683716,0.22769999504089355,0.11159999668598175,0.10279999673366547,0.22675000131130219,0.23680000007152557,0.004986151413959209,0.019590969055725434,Karkaraly,0.01460481807589531,0,"{""type"":""Point"",""coordinates"":[75.41469190655974,49.2312607619465]}"
2_1481,0.3066500127315521,0.31610000133514404,0.24899999797344208,0.25279998779296875,0.10930000245571136,0.11540000140666962,0.18574999272823334,0.20640000700950623,-0.14548592661985993,-0.10104525546308311,Karkaraly,0.04444067180156708,0,"{""type"":""Point"",""coordinates"":[75.31125807613589,49.176943005630065]}"
2_1483,0.2818000018596649,0.2991499900817871,0.22030000388622284,0.2381500005722046,0.10980000346899033,0.10840000212192535,0.23270000517368317,0.24279999732971191,0.027373070727291123,0.009668357995201885,Karkaraly,-0.017704712226986885,0,"{""type"":""Point"",""coordinates"":[75.31344820229806,49.23864037850714]}"
2_1487,0.24744999408721924,0.2603999972343445,0.1837500035762787,0.19550000131130219,0.09870000183582306,0.10700000077486038,0.19280000030994415,0.2092999964952469,0.02403398390722095,0.03409089737826436,Karkaraly,0.010056913830339909,0,"{""type"":""Point"",""coordinates"":[75.45546788063687,49.22327402070192]}"
2_1490,0.3310000002384186,0.35420000553131104,0.2747499942779541,0.2896000146865845,0.15690000355243683,0.15719999372959137,0.22814999520778656,0.2443999946117401,-0.09266255725680195,-0.08464423087602027,Karkaraly,0.00801832601428032,0,"{""type"":""Point"",""coordinates"":[75.38124777230311,49.23546083082099]}"
2_1494,0.2975499927997589,0.3052999973297119,0.22859999537467957,0.23520000278949738,0.11190000176429749,0.11620000004768372,0.19460000097751617,0.2151000052690506,-0.08034025210356546,-0.04463690242224774,Karkaraly,0.035703349858522415,0,"{""type"":""Point"",""coordinates"":[75.31285877231572,49.19041519072487]}"
